campaignid,opcode,level_1,level_2,level_3,level_4,level_5,level_6,level_7,level_8,family,genus,species,caab_code,count
2021-05_Abrolhos_stereo-BRUVs,npz6.10,Physical,Substrate,Unconsolidated (soft),Pebble / gravel,Gravel (2-10mm),NA,NA,NA,NA,NA,NA,82001011,17
2021-05_Abrolhos_stereo-BRUVs,npz6.10,Physical,Substrate,Unconsolidated (soft),Sand / mud (<2mm),Coarse sand (with shell fragments),NA,NA,NA,NA,NA,NA,82001014,11
2021-05_Abrolhos_stereo-BRUVs,npz6.12,Physical,Substrate,Unconsolidated (soft),Sand / mud (<2mm),Fine sand (no shell fragments),NA,NA,NA,NA,NA,NA,82001015,28
2021-05_Abrolhos_stereo-BRUVs,npz6.13,Biota,Bryozoa,NA,NA,NA,NA,NA,NA,NA,NA,NA,20000000,1
2021-05_Abrolhos_stereo-BRUVs,npz6.13,Biota,Cnidaria,Corals,Black & Octocorals,Branching (3D),NA,NA,NA,NA,NA,NA,11168902,1
2021-05_Abrolhos_stereo-BRUVs,npz6.13,Biota,Sessile invertebrates,NA,NA,NA,NA,NA,NA,NA,NA,NA,99900044,11
2021-05_Abrolhos_stereo-BRUVs,npz6.13,Biota,Sponges,Massive forms,NA,NA,NA,NA,NA,NA,NA,NA,10000903,2
2021-05_Abrolhos_stereo-BRUVs,npz6.13,Physical,Substrate,Unconsolidated (soft),Sand / mud (<2mm),Coarse sand (with shell fragments),NA,NA,NA,NA,NA,NA,82001014,7
2021-05_Abrolhos_stereo-BRUVs,npz6.14,Biota,Macroalgae,Erect fine branching,Red,NA,NA,NA,NA,NA,NA,NA,80300910,15
2021-05_Abrolhos_stereo-BRUVs,npz6.14,Biota,Macroalgae,Large canopy-forming,Brown,NA,NA,NA,NA,Lessoniaceae,Ecklonia,radiata,54079009,5
2021-05_Abrolhos_stereo-BRUVs,npz6.14,Biota,Sponges,Massive forms,NA,NA,NA,NA,NA,NA,NA,NA,10000903,3
2021-05_Abrolhos_stereo-BRUVs,npz6.15,Biota,Cnidaria,Hydroids,NA,NA,NA,NA,NA,NA,NA,NA,11001000,1
2021-05_Abrolhos_stereo-BRUVs,npz6.15,Physical,Substrate,Unconsolidated (soft),Sand / mud (<2mm),Coarse sand (with shell fragments),NA,NA,NA,NA,NA,NA,82001014,11
2021-05_Abrolhos_stereo-BRUVs,npz6.15,Physical,Substrate,Unconsolidated (soft),Sand / mud (<2mm),Fine sand (no shell fragments),NA,NA,NA,NA,NA,NA,82001015,15
2021-05_Abrolhos_stereo-BRUVs,npz6.17,Biota,Bryozoa,NA,NA,NA,NA,NA,NA,NA,NA,NA,20000000,1
2021-05_Abrolhos_stereo-BRUVs,npz6.17,Biota,Cnidaria,Corals,Black & Octocorals,Fan (2D),NA,NA,NA,NA,NA,NA,11168912,1
2021-05_Abrolhos_stereo-BRUVs,npz6.17,Biota,Sessile invertebrates,NA,NA,NA,NA,NA,NA,NA,NA,NA,99900044,9
2021-05_Abrolhos_stereo-BRUVs,npz6.17,Biota,Sponges,Cup-likes,NA,NA,NA,NA,NA,NA,NA,NA,10000909,1
2021-05_Abrolhos_stereo-BRUVs,npz6.17,Biota,Sponges,Erect forms,NA,NA,NA,NA,NA,NA,NA,NA,10000912,1
2021-05_Abrolhos_stereo-BRUVs,npz6.17,Biota,Sponges,Massive forms,NA,NA,NA,NA,NA,NA,NA,NA,10000903,3
2021-05_Abrolhos_stereo-BRUVs,npz6.18,Physical,Substrate,Unconsolidated (soft),Sand / mud (<2mm),Fine sand (no shell fragments),NA,NA,NA,NA,NA,NA,82001015,34
2021-05_Abrolhos_stereo-BRUVs,npz6.2,Biota,Macroalgae,Encrusting,Red,NA,NA,NA,NA,NA,NA,NA,80300929,3
2021-05_Abrolhos_stereo-BRUVs,npz6.2,Biota,Macroalgae,Erect fine branching,Green,NA,NA,NA,NA,NA,NA,NA,80300909,1
2021-05_Abrolhos_stereo-BRUVs,npz6.2,Biota,Macroalgae,Erect fine branching,Red,NA,NA,NA,NA,NA,NA,NA,80300910,3
2021-05_Abrolhos_stereo-BRUVs,npz6.2,Biota,Macroalgae,Large canopy-forming,Brown,NA,NA,NA,NA,Lessoniaceae,Ecklonia,radiata,54079009,1
2021-05_Abrolhos_stereo-BRUVs,npz6.2,Biota,Macroalgae,NA,NA,NA,NA,NA,NA,NA,NA,NA,80300000,1
2021-05_Abrolhos_stereo-BRUVs,npz6.2,Biota,Sponges,Erect forms,NA,NA,NA,NA,NA,NA,NA,NA,10000912,3
2021-05_Abrolhos_stereo-BRUVs,npz6.2,Physical,Substrate,Consolidated (hard),Cobbles,NA,NA,NA,NA,NA,NA,NA,82001004,16
2021-05_Abrolhos_stereo-BRUVs,npz6.20,Biota,Macroalgae,Encrusting,Red,NA,NA,NA,NA,NA,NA,NA,80300929,3
2021-05_Abrolhos_stereo-BRUVs,npz6.20,Biota,Macroalgae,Erect fine branching,Green,NA,NA,NA,NA,NA,NA,NA,80300909,1
2021-05_Abrolhos_stereo-BRUVs,npz6.20,Biota,Macroalgae,Erect fine branching,Red,NA,NA,NA,NA,NA,NA,NA,80300910,2
2021-05_Abrolhos_stereo-BRUVs,npz6.20,Biota,Macroalgae,NA,NA,NA,NA,NA,NA,NA,NA,NA,80300000,1
2021-05_Abrolhos_stereo-BRUVs,npz6.20,Biota,Sessile invertebrates,NA,NA,NA,NA,NA,NA,NA,NA,NA,99900044,1
2021-05_Abrolhos_stereo-BRUVs,npz6.20,Biota,Sponges,Massive forms,NA,NA,NA,NA,NA,NA,NA,NA,10000903,1
2021-05_Abrolhos_stereo-BRUVs,npz6.20,Physical,Substrate,Consolidated (hard),Cobbles,NA,NA,NA,NA,NA,NA,NA,82001004,10
2021-05_Abrolhos_stereo-BRUVs,npz6.20,Physical,Substrate,Consolidated (hard),Rock,NA,NA,NA,NA,NA,NA,NA,82001002,2
2021-05_Abrolhos_stereo-BRUVs,npz6.20,Physical,Substrate,Unconsolidated (soft),Sand / mud (<2mm),Coarse sand (with shell fragments),NA,NA,NA,NA,NA,NA,82001014,3
2021-05_Abrolhos_stereo-BRUVs,npz6.21,Biota,Bryozoa,NA,NA,NA,NA,NA,NA,NA,NA,NA,20000000,2
2021-05_Abrolhos_stereo-BRUVs,npz6.21,Biota,Cnidaria,Corals,Black & Octocorals,Branching (3D),NA,NA,NA,NA,NA,NA,11168902,4
2021-05_Abrolhos_stereo-BRUVs,npz6.21,Biota,Sessile invertebrates,NA,NA,NA,NA,NA,NA,NA,NA,NA,99900044,13
2021-05_Abrolhos_stereo-BRUVs,npz6.21,Biota,Sponges,Cup-likes,NA,NA,NA,NA,NA,NA,NA,NA,10000909,1
2021-05_Abrolhos_stereo-BRUVs,npz6.21,Biota,Sponges,Erect forms,NA,NA,NA,NA,NA,NA,NA,NA,10000912,4
2021-05_Abrolhos_stereo-BRUVs,npz6.21,Biota,Sponges,Massive forms,NA,NA,NA,NA,NA,NA,NA,NA,10000903,5
2021-05_Abrolhos_stereo-BRUVs,npz6.21,Biota,Sponges,NA,NA,NA,NA,NA,NA,NA,NA,NA,10000000,3
2021-05_Abrolhos_stereo-BRUVs,npz6.21,Physical,Substrate,Unconsolidated (soft),Sand / mud (<2mm),Coarse sand (with shell fragments),NA,NA,NA,NA,NA,NA,82001014,2
2021-05_Abrolhos_stereo-BRUVs,npz6.22,Biota,Macroalgae,Erect coarse branching,Brown,NA,NA,NA,NA,NA,NA,NA,80300904,1
2021-05_Abrolhos_stereo-BRUVs,npz6.22,Biota,Macroalgae,Erect coarse branching,Red,NA,NA,NA,NA,NA,NA,NA,80300906,7
2021-05_Abrolhos_stereo-BRUVs,npz6.22,Biota,Macroalgae,Erect fine branching,Green,NA,NA,NA,NA,NA,NA,NA,80300909,5
2021-05_Abrolhos_stereo-BRUVs,npz6.22,Biota,Macroalgae,Erect fine branching,Red,NA,NA,NA,NA,NA,NA,NA,80300910,8
2021-05_Abrolhos_stereo-BRUVs,npz6.22,Biota,Macroalgae,Large canopy-forming,Brown,NA,NA,NA,NA,Lessoniaceae,Ecklonia,radiata,54079009,4
2021-05_Abrolhos_stereo-BRUVs,npz6.22,Biota,Macroalgae,NA,NA,NA,NA,NA,NA,NA,NA,NA,80300000,3
2021-05_Abrolhos_stereo-BRUVs,npz6.22,Biota,Sessile invertebrates,NA,NA,NA,NA,NA,NA,NA,NA,NA,99900044,1
2021-05_Abrolhos_stereo-BRUVs,npz6.22,Biota,Sponges,Crusts,NA,NA,NA,NA,NA,NA,NA,NA,10000901,3
2021-05_Abrolhos_stereo-BRUVs,npz6.22,Biota,Sponges,Erect forms,NA,NA,NA,NA,NA,NA,NA,NA,10000912,1
2021-05_Abrolhos_stereo-BRUVs,npz6.22,Physical,Substrate,Consolidated (hard),Cobbles,NA,NA,NA,NA,NA,NA,NA,82001004,1
2021-05_Abrolhos_stereo-BRUVs,npz6.22,Physical,Substrate,Unconsolidated (soft),Sand / mud (<2mm),Fine sand (no shell fragments),NA,NA,NA,NA,NA,NA,82001015,2
2021-05_Abrolhos_stereo-BRUVs,npz6.24,Biota,Macroalgae,Erect coarse branching,Red,NA,NA,NA,NA,NA,NA,NA,80300906,5
2021-05_Abrolhos_stereo-BRUVs,npz6.24,Biota,Macroalgae,Erect fine branching,Green,NA,NA,NA,NA,NA,NA,NA,80300909,2
2021-05_Abrolhos_stereo-BRUVs,npz6.24,Biota,Macroalgae,Erect fine branching,Red,NA,NA,NA,NA,NA,NA,NA,80300910,11
2021-05_Abrolhos_stereo-BRUVs,npz6.24,Biota,Sponges,Crusts,NA,NA,NA,NA,NA,NA,NA,NA,10000901,2
2021-05_Abrolhos_stereo-BRUVs,npz6.24,Biota,Sponges,Cup-likes,NA,NA,NA,NA,NA,NA,NA,NA,10000909,3
2021-05_Abrolhos_stereo-BRUVs,npz6.24,Biota,Sponges,Massive forms,NA,NA,NA,NA,NA,NA,NA,NA,10000903,2
2021-05_Abrolhos_stereo-BRUVs,npz6.24,Physical,Substrate,Consolidated (hard),Rock,NA,NA,NA,NA,NA,NA,NA,82001002,1
2021-05_Abrolhos_stereo-BRUVs,npz6.26,Biota,Macroalgae,Erect fine branching,Red,NA,NA,NA,NA,NA,NA,NA,80300910,27
2021-05_Abrolhos_stereo-BRUVs,npz6.26,Physical,Substrate,Consolidated (hard),Rock,NA,NA,NA,NA,NA,NA,NA,82001002,11
2021-05_Abrolhos_stereo-BRUVs,npz6.27,Biota,Macroalgae,Erect coarse branching,Red,NA,NA,NA,NA,NA,NA,NA,80300906,7
2021-05_Abrolhos_stereo-BRUVs,npz6.27,Biota,Macroalgae,Erect fine branching,Red,NA,NA,NA,NA,NA,NA,NA,80300910,14
2021-05_Abrolhos_stereo-BRUVs,npz6.27,Biota,Macroalgae,Large canopy-forming,Brown,NA,NA,NA,NA,Lessoniaceae,Ecklonia,radiata,54079009,9
2021-05_Abrolhos_stereo-BRUVs,npz6.27,Physical,Substrate,Consolidated (hard),Cobbles,NA,NA,NA,NA,NA,NA,NA,82001004,1
2021-05_Abrolhos_stereo-BRUVs,npz6.27,Physical,Substrate,Unconsolidated (soft),Sand / mud (<2mm),Fine sand (no shell fragments),NA,NA,NA,NA,NA,NA,82001015,1
2021-05_Abrolhos_stereo-BRUVs,npz6.28,Biota,Sessile invertebrates,NA,NA,NA,NA,NA,NA,NA,NA,NA,99900044,1
2021-05_Abrolhos_stereo-BRUVs,npz6.28,Physical,Substrate,Unconsolidated (soft),Sand / mud (<2mm),Fine sand (no shell fragments),NA,NA,NA,NA,NA,NA,82001015,27
2021-05_Abrolhos_stereo-BRUVs,npz6.36,Biota,Ascidians,NA,NA,NA,NA,NA,NA,NA,NA,NA,35000000,2
2021-05_Abrolhos_stereo-BRUVs,npz6.36,Biota,Bryozoa,NA,NA,NA,NA,NA,NA,NA,NA,NA,20000000,1
2021-05_Abrolhos_stereo-BRUVs,npz6.36,Biota,Cnidaria,Hydroids,NA,NA,NA,NA,NA,NA,NA,NA,11001000,1
2021-05_Abrolhos_stereo-BRUVs,npz6.36,Biota,Macroalgae,Encrusting,Red,NA,NA,NA,NA,NA,NA,NA,80300929,1
2021-05_Abrolhos_stereo-BRUVs,npz6.36,Biota,Sponges,Massive forms,NA,NA,NA,NA,NA,NA,NA,NA,10000903,7
2021-05_Abrolhos_stereo-BRUVs,npz6.36,Physical,Substrate,Consolidated (hard),Boulders,NA,NA,NA,NA,NA,NA,NA,82001003,2
2021-05_Abrolhos_stereo-BRUVs,npz6.36,Physical,Substrate,Consolidated (hard),Cobbles,NA,NA,NA,NA,NA,NA,NA,82001004,1
2021-05_Abrolhos_stereo-BRUVs,npz6.36,Physical,Substrate,Unconsolidated (soft),Pebble / gravel,Biologenic,NA,NA,NA,NA,NA,NA,82001007,2
2021-05_Abrolhos_stereo-BRUVs,npz6.36,Physical,Substrate,Unconsolidated (soft),Sand / mud (<2mm),Coarse sand (with shell fragments),NA,NA,NA,NA,NA,NA,82001014,12
2021-05_Abrolhos_stereo-BRUVs,npz6.4,Biota,Bryozoa,NA,NA,NA,NA,NA,NA,NA,NA,NA,20000000,1
2021-05_Abrolhos_stereo-BRUVs,npz6.4,Biota,Sessile invertebrates,NA,NA,NA,NA,NA,NA,NA,NA,NA,99900044,25
2021-05_Abrolhos_stereo-BRUVs,npz6.4,Biota,Sponges,Crusts,NA,NA,NA,NA,NA,NA,NA,NA,10000901,2
2021-05_Abrolhos_stereo-BRUVs,npz6.4,Biota,Sponges,Erect forms,NA,NA,NA,NA,NA,NA,NA,NA,10000912,1
2021-05_Abrolhos_stereo-BRUVs,npz6.4,Biota,Sponges,Massive forms,NA,NA,NA,NA,NA,NA,NA,NA,10000903,1
2021-05_Abrolhos_stereo-BRUVs,npz6.4,Physical,Substrate,Unconsolidated (soft),Pebble / gravel,Gravel (2-10mm),NA,NA,NA,NA,NA,NA,82001011,1
2021-05_Abrolhos_stereo-BRUVs,npz6.5,Biota,Cnidaria,Corals,Black & Octocorals,Branching (3D),NA,NA,NA,NA,NA,NA,11168902,2
2021-05_Abrolhos_stereo-BRUVs,npz6.5,Biota,Cnidaria,Corals,Black & Octocorals,Fan (2D),NA,NA,NA,NA,NA,NA,11168912,1
2021-05_Abrolhos_stereo-BRUVs,npz6.5,Biota,Cnidaria,Hydroids,NA,NA,NA,NA,NA,NA,NA,NA,11001000,3
2021-05_Abrolhos_stereo-BRUVs,npz6.5,Biota,Macroalgae,Encrusting,Red,NA,NA,NA,NA,NA,NA,NA,80300929,2
2021-05_Abrolhos_stereo-BRUVs,npz6.5,Biota,Sessile invertebrates,NA,NA,NA,NA,NA,NA,NA,NA,NA,99900044,3
2021-05_Abrolhos_stereo-BRUVs,npz6.5,Biota,Sponges,Crusts,NA,NA,NA,NA,NA,NA,NA,NA,10000901,1
2021-05_Abrolhos_stereo-BRUVs,npz6.5,Biota,Sponges,Cup-likes,NA,NA,NA,NA,NA,NA,NA,NA,10000909,1
2021-05_Abrolhos_stereo-BRUVs,npz6.5,Biota,Sponges,Massive forms,NA,NA,NA,NA,NA,NA,NA,NA,10000903,6
2021-05_Abrolhos_stereo-BRUVs,npz6.5,Physical,Substrate,Consolidated (hard),Cobbles,NA,NA,NA,NA,NA,NA,NA,82001004,1
2021-05_Abrolhos_stereo-BRUVs,npz6.5,Physical,Substrate,Consolidated (hard),Rock,NA,NA,NA,NA,NA,NA,NA,82001002,4
2021-05_Abrolhos_stereo-BRUVs,npz6.5,Physical,Substrate,Unconsolidated (soft),Pebble / gravel,Gravel (2-10mm),NA,NA,NA,NA,NA,NA,82001011,1
2021-05_Abrolhos_stereo-BRUVs,npz6.5,Physical,Substrate,Unconsolidated (soft),Pebble / gravel,Pebble (10-64mm),NA,NA,NA,NA,NA,NA,82001012,1
2021-05_Abrolhos_stereo-BRUVs,npz6.5,Physical,Substrate,Unconsolidated (soft),Sand / mud (<2mm),Coarse sand (with shell fragments),NA,NA,NA,NA,NA,NA,82001014,3
2021-05_Abrolhos_stereo-BRUVs,npz6.6,Biota,Macroalgae,Erect coarse branching,Red,NA,NA,NA,NA,NA,NA,NA,80300906,10
2021-05_Abrolhos_stereo-BRUVs,npz6.6,Biota,Macroalgae,Erect fine branching,Red,NA,NA,NA,NA,NA,NA,NA,80300910,2
2021-05_Abrolhos_stereo-BRUVs,npz6.8,Biota,Cnidaria,Hydroids,NA,NA,NA,NA,NA,NA,NA,NA,11001000,1
2021-05_Abrolhos_stereo-BRUVs,npz6.8,Biota,Sessile invertebrates,NA,NA,NA,NA,NA,NA,NA,NA,NA,99900044,1
2021-05_Abrolhos_stereo-BRUVs,npz6.8,Physical,Substrate,Unconsolidated (soft),Sand / mud (<2mm),Fine sand (no shell fragments),NA,NA,NA,NA,NA,NA,82001015,26
2021-05_Abrolhos_stereo-BRUVs,npz6.9,Biota,Sessile invertebrates,NA,NA,NA,NA,NA,NA,NA,NA,NA,99900044,25
2021-05_Abrolhos_stereo-BRUVs,npz6.9,Biota,Sponges,Massive forms,NA,NA,NA,NA,NA,NA,NA,NA,10000903,1
2021-05_Abrolhos_stereo-BRUVs,npz6.9,Physical,Substrate,Unconsolidated (soft),Pebble / gravel,Gravel (2-10mm),NA,NA,NA,NA,NA,NA,82001011,3
2021-05_Abrolhos_stereo-BRUVs,npz6.9,Physical,Substrate,Unconsolidated (soft),Pebble / gravel,Pebble (10-64mm),NA,NA,NA,NA,NA,NA,82001012,1
2021-05_Abrolhos_stereo-BRUVs,npz6.BOSS41,Biota,Bryozoa,NA,NA,NA,NA,NA,NA,NA,NA,NA,20000000,5
2021-05_Abrolhos_stereo-BRUVs,npz6.BOSS41,Biota,Sessile invertebrates,NA,NA,NA,NA,NA,NA,NA,NA,NA,99900044,8
2021-05_Abrolhos_stereo-BRUVs,npz6.BOSS41,Biota,Sponges,Cup-likes,NA,NA,NA,NA,NA,NA,NA,NA,10000909,5
2021-05_Abrolhos_stereo-BRUVs,npz6.BOSS41,Biota,Sponges,Erect forms,NA,NA,NA,NA,NA,NA,NA,NA,10000912,3
2021-05_Abrolhos_stereo-BRUVs,npz6.BOSS41,Biota,Sponges,Massive forms,NA,NA,NA,NA,NA,NA,NA,NA,10000903,6
2021-05_Abrolhos_stereo-BRUVs,npz6.BOSS41,Physical,Substrate,Unconsolidated (soft),Sand / mud (<2mm),Coarse sand (with shell fragments),NA,NA,NA,NA,NA,NA,82001014,4
2021-05_Abrolhos_stereo-BRUVs,npz6.BOSS41,Physical,Substrate,Unconsolidated (soft),Sand / mud (<2mm),Fine sand (no shell fragments),NA,NA,NA,NA,NA,NA,82001015,4
2021-05_Abrolhos_stereo-BRUVs,npz6.C01,Physical,Substrate,Unconsolidated (soft),Sand / mud (<2mm),Fine sand (no shell fragments),NA,NA,NA,NA,NA,NA,82001015,23
2021-05_Abrolhos_stereo-BRUVs,npz6.C02,Biota,Sessile invertebrates,NA,NA,NA,NA,NA,NA,NA,NA,NA,99900044,2
2021-05_Abrolhos_stereo-BRUVs,npz6.C02,Physical,Substrate,Unconsolidated (soft),Pebble / gravel,Gravel (2-10mm),NA,NA,NA,NA,NA,NA,82001011,3
2021-05_Abrolhos_stereo-BRUVs,npz6.C02,Physical,Substrate,Unconsolidated (soft),Pebble / gravel,Pebble (10-64mm),NA,NA,NA,NA,NA,NA,82001012,4
2021-05_Abrolhos_stereo-BRUVs,npz6.C02,Physical,Substrate,Unconsolidated (soft),Sand / mud (<2mm),Fine sand (no shell fragments),NA,NA,NA,NA,NA,NA,82001015,23
2021-05_Abrolhos_stereo-BRUVs,npz9.1,Biota,Sessile invertebrates,NA,NA,NA,NA,NA,NA,NA,NA,NA,99900044,1
2021-05_Abrolhos_stereo-BRUVs,npz9.1,Biota,Sponges,Cup-likes,NA,NA,NA,NA,NA,NA,NA,NA,10000909,2
2021-05_Abrolhos_stereo-BRUVs,npz9.1,Biota,Sponges,Massive forms,NA,NA,NA,NA,NA,NA,NA,NA,10000903,2
2021-05_Abrolhos_stereo-BRUVs,npz9.1,Physical,Substrate,Unconsolidated (soft),Pebble / gravel,Pebble (10-64mm),NA,NA,NA,NA,NA,NA,82001012,1
2021-05_Abrolhos_stereo-BRUVs,npz9.1,Physical,Substrate,Unconsolidated (soft),Sand / mud (<2mm),Coarse sand (with shell fragments),NA,NA,NA,NA,NA,NA,82001014,11
2021-05_Abrolhos_stereo-BRUVs,npz9.1,Physical,Substrate,Unconsolidated (soft),Sand / mud (<2mm),Fine sand (no shell fragments),NA,NA,NA,NA,NA,NA,82001015,11
2021-05_Abrolhos_stereo-BRUVs,npz9.10,Biota,Cnidaria,Hydroids,NA,NA,NA,NA,NA,NA,NA,NA,11001000,1
2021-05_Abrolhos_stereo-BRUVs,npz9.10,Biota,Sessile invertebrates,NA,NA,NA,NA,NA,NA,NA,NA,NA,99900044,5
2021-05_Abrolhos_stereo-BRUVs,npz9.10,Biota,Sponges,Massive forms,NA,NA,NA,NA,NA,NA,NA,NA,10000903,1
2021-05_Abrolhos_stereo-BRUVs,npz9.10,Physical,Substrate,Unconsolidated (soft),Pebble / gravel,Pebble (10-64mm),NA,NA,NA,NA,NA,NA,82001012,1
2021-05_Abrolhos_stereo-BRUVs,npz9.10,Physical,Substrate,Unconsolidated (soft),Sand / mud (<2mm),Coarse sand (with shell fragments),NA,NA,NA,NA,NA,NA,82001014,3
2021-05_Abrolhos_stereo-BRUVs,npz9.10,Physical,Substrate,Unconsolidated (soft),Sand / mud (<2mm),Fine sand (no shell fragments),NA,NA,NA,NA,NA,NA,82001015,25
2021-05_Abrolhos_stereo-BRUVs,npz9.11,Biota,Sessile invertebrates,NA,NA,NA,NA,NA,NA,NA,NA,NA,99900044,19
2021-05_Abrolhos_stereo-BRUVs,npz9.11,Biota,Sponges,Cup-likes,NA,NA,NA,NA,NA,NA,NA,NA,10000909,1
2021-05_Abrolhos_stereo-BRUVs,npz9.11,Biota,Sponges,Erect forms,NA,NA,NA,NA,NA,NA,NA,NA,10000912,2
2021-05_Abrolhos_stereo-BRUVs,npz9.11,Physical,Substrate,Unconsolidated (soft),Pebble / gravel,Pebble (10-64mm),NA,NA,NA,NA,NA,NA,82001012,1
2021-05_Abrolhos_stereo-BRUVs,npz9.11,Physical,Substrate,Unconsolidated (soft),Sand / mud (<2mm),Coarse sand (with shell fragments),NA,NA,NA,NA,NA,NA,82001014,3
2021-05_Abrolhos_stereo-BRUVs,npz9.11,Physical,Substrate,Unconsolidated (soft),Sand / mud (<2mm),Fine sand (no shell fragments),NA,NA,NA,NA,NA,NA,82001015,3
2021-05_Abrolhos_stereo-BRUVs,npz9.12,Physical,Substrate,Unconsolidated (soft),Pebble / gravel,Biologenic,NA,NA,NA,NA,NA,NA,82001007,1
2021-05_Abrolhos_stereo-BRUVs,npz9.12,Physical,Substrate,Unconsolidated (soft),Sand / mud (<2mm),Coarse sand (with shell fragments),NA,NA,NA,NA,NA,NA,82001014,23
2021-05_Abrolhos_stereo-BRUVs,npz9.13,Biota,Cnidaria,Corals,Black & Octocorals,Branching (3D),NA,NA,NA,NA,NA,NA,11168902,1
2021-05_Abrolhos_stereo-BRUVs,npz9.13,Physical,Substrate,Unconsolidated (soft),Pebble / gravel,Gravel (2-10mm),NA,NA,NA,NA,NA,NA,82001011,4
2021-05_Abrolhos_stereo-BRUVs,npz9.13,Physical,Substrate,Unconsolidated (soft),Sand / mud (<2mm),Coarse sand (with shell fragments),NA,NA,NA,NA,NA,NA,82001014,21
2021-05_Abrolhos_stereo-BRUVs,npz9.14,Physical,Substrate,Unconsolidated (soft),Pebble / gravel,Pebble (10-64mm),NA,NA,NA,NA,NA,NA,82001012,1
2021-05_Abrolhos_stereo-BRUVs,npz9.14,Physical,Substrate,Unconsolidated (soft),Sand / mud (<2mm),Coarse sand (with shell fragments),NA,NA,NA,NA,NA,NA,82001014,30
2021-05_Abrolhos_stereo-BRUVs,npz9.16,Physical,Substrate,Unconsolidated (soft),Pebble / gravel,Gravel (2-10mm),NA,NA,NA,NA,NA,NA,82001011,5
2021-05_Abrolhos_stereo-BRUVs,npz9.16,Physical,Substrate,Unconsolidated (soft),Pebble / gravel,Pebble (10-64mm),NA,NA,NA,NA,NA,NA,82001012,2
2021-05_Abrolhos_stereo-BRUVs,npz9.16,Physical,Substrate,Unconsolidated (soft),Sand / mud (<2mm),Coarse sand (with shell fragments),NA,NA,NA,NA,NA,NA,82001014,28
2021-05_Abrolhos_stereo-BRUVs,npz9.17,Biota,Sponges,Erect forms,NA,NA,NA,NA,NA,NA,NA,NA,10000912,1
2021-05_Abrolhos_stereo-BRUVs,npz9.17,Physical,Substrate,Unconsolidated (soft),Pebble / gravel,Gravel (2-10mm),NA,NA,NA,NA,NA,NA,82001011,15
2021-05_Abrolhos_stereo-BRUVs,npz9.17,Physical,Substrate,Unconsolidated (soft),Pebble / gravel,Pebble (10-64mm),NA,NA,NA,NA,NA,NA,82001012,1
2021-05_Abrolhos_stereo-BRUVs,npz9.17,Physical,Substrate,Unconsolidated (soft),Sand / mud (<2mm),Coarse sand (with shell fragments),NA,NA,NA,NA,NA,NA,82001014,10
2021-05_Abrolhos_stereo-BRUVs,npz9.18,Physical,Substrate,Unconsolidated (soft),Sand / mud (<2mm),Fine sand (no shell fragments),NA,NA,NA,NA,NA,NA,82001015,28
2021-05_Abrolhos_stereo-BRUVs,npz9.19,Physical,Substrate,Consolidated (hard),Cobbles,NA,NA,NA,NA,NA,NA,NA,82001004,1
2021-05_Abrolhos_stereo-BRUVs,npz9.19,Physical,Substrate,Unconsolidated (soft),Pebble / gravel,Gravel (2-10mm),NA,NA,NA,NA,NA,NA,82001011,10
2021-05_Abrolhos_stereo-BRUVs,npz9.19,Physical,Substrate,Unconsolidated (soft),Sand / mud (<2mm),Coarse sand (with shell fragments),NA,NA,NA,NA,NA,NA,82001014,20
2021-05_Abrolhos_stereo-BRUVs,npz9.2,Biota,Cnidaria,Hydroids,NA,NA,NA,NA,NA,NA,NA,NA,11001000,1
2021-05_Abrolhos_stereo-BRUVs,npz9.2,Physical,Substrate,Consolidated (hard),Cobbles,NA,NA,NA,NA,NA,NA,NA,82001004,1
2021-05_Abrolhos_stereo-BRUVs,npz9.2,Physical,Substrate,Unconsolidated (soft),Pebble / gravel,Gravel (2-10mm),NA,NA,NA,NA,NA,NA,82001011,9
2021-05_Abrolhos_stereo-BRUVs,npz9.2,Physical,Substrate,Unconsolidated (soft),Sand / mud (<2mm),Coarse sand (with shell fragments),NA,NA,NA,NA,NA,NA,82001014,15
2021-05_Abrolhos_stereo-BRUVs,npz9.21,Biota,Sessile invertebrates,NA,NA,NA,NA,NA,NA,NA,NA,NA,99900044,1
2021-05_Abrolhos_stereo-BRUVs,npz9.21,Physical,Substrate,Unconsolidated (soft),Pebble / gravel,Gravel (2-10mm),NA,NA,NA,NA,NA,NA,82001011,4
2021-05_Abrolhos_stereo-BRUVs,npz9.21,Physical,Substrate,Unconsolidated (soft),Sand / mud (<2mm),Coarse sand (with shell fragments),NA,NA,NA,NA,NA,NA,82001014,10
2021-05_Abrolhos_stereo-BRUVs,npz9.21,Physical,Substrate,Unconsolidated (soft),Sand / mud (<2mm),Fine sand (no shell fragments),NA,NA,NA,NA,NA,NA,82001015,14
2021-05_Abrolhos_stereo-BRUVs,npz9.22,Physical,Substrate,Unconsolidated (soft),Pebble / gravel,Gravel (2-10mm),NA,NA,NA,NA,NA,NA,82001011,10
2021-05_Abrolhos_stereo-BRUVs,npz9.22,Physical,Substrate,Unconsolidated (soft),Pebble / gravel,Pebble (10-64mm),NA,NA,NA,NA,NA,NA,82001012,1
2021-05_Abrolhos_stereo-BRUVs,npz9.22,Physical,Substrate,Unconsolidated (soft),Sand / mud (<2mm),Coarse sand (with shell fragments),NA,NA,NA,NA,NA,NA,82001014,9
2021-05_Abrolhos_stereo-BRUVs,npz9.24,Biota,Sessile invertebrates,NA,NA,NA,NA,NA,NA,NA,NA,NA,99900044,2
2021-05_Abrolhos_stereo-BRUVs,npz9.24,Physical,Substrate,Consolidated (hard),Cobbles,NA,NA,NA,NA,NA,NA,NA,82001004,1
2021-05_Abrolhos_stereo-BRUVs,npz9.24,Physical,Substrate,Unconsolidated (soft),Pebble / gravel,Gravel (2-10mm),NA,NA,NA,NA,NA,NA,82001011,2
2021-05_Abrolhos_stereo-BRUVs,npz9.24,Physical,Substrate,Unconsolidated (soft),Sand / mud (<2mm),Coarse sand (with shell fragments),NA,NA,NA,NA,NA,NA,82001014,12
2021-05_Abrolhos_stereo-BRUVs,npz9.24,Physical,Substrate,Unconsolidated (soft),Sand / mud (<2mm),Fine sand (no shell fragments),NA,NA,NA,NA,NA,NA,82001015,12
2021-05_Abrolhos_stereo-BRUVs,npz9.25,Physical,Substrate,Unconsolidated (soft),Sand / mud (<2mm),Coarse sand (with shell fragments),NA,NA,NA,NA,NA,NA,82001014,16
2021-05_Abrolhos_stereo-BRUVs,npz9.25,Physical,Substrate,Unconsolidated (soft),Sand / mud (<2mm),Fine sand (no shell fragments),NA,NA,NA,NA,NA,NA,82001015,16
2021-05_Abrolhos_stereo-BRUVs,npz9.26,Biota,Sessile invertebrates,NA,NA,NA,NA,NA,NA,NA,NA,NA,99900044,5
2021-05_Abrolhos_stereo-BRUVs,npz9.26,Biota,Sponges,Erect forms,NA,NA,NA,NA,NA,NA,NA,NA,10000912,1
2021-05_Abrolhos_stereo-BRUVs,npz9.26,Physical,Substrate,Consolidated (hard),Cobbles,NA,NA,NA,NA,NA,NA,NA,82001004,1
2021-05_Abrolhos_stereo-BRUVs,npz9.26,Physical,Substrate,Unconsolidated (soft),Pebble / gravel,Gravel (2-10mm),NA,NA,NA,NA,NA,NA,82001011,6
2021-05_Abrolhos_stereo-BRUVs,npz9.26,Physical,Substrate,Unconsolidated (soft),Pebble / gravel,Pebble (10-64mm),NA,NA,NA,NA,NA,NA,82001012,2
2021-05_Abrolhos_stereo-BRUVs,npz9.26,Physical,Substrate,Unconsolidated (soft),Sand / mud (<2mm),Coarse sand (with shell fragments),NA,NA,NA,NA,NA,NA,82001014,14
2021-05_Abrolhos_stereo-BRUVs,npz9.26,Physical,Substrate,Unconsolidated (soft),Sand / mud (<2mm),Fine sand (no shell fragments),NA,NA,NA,NA,NA,NA,82001015,7
2021-05_Abrolhos_stereo-BRUVs,npz9.27,Physical,Substrate,Unconsolidated (soft),Pebble / gravel,Gravel (2-10mm),NA,NA,NA,NA,NA,NA,82001011,8
2021-05_Abrolhos_stereo-BRUVs,npz9.27,Physical,Substrate,Unconsolidated (soft),Sand / mud (<2mm),Coarse sand (with shell fragments),NA,NA,NA,NA,NA,NA,82001014,27
2021-05_Abrolhos_stereo-BRUVs,npz9.28,Physical,Substrate,Unconsolidated (soft),Sand / mud (<2mm),Coarse sand (with shell fragments),NA,NA,NA,NA,NA,NA,82001014,12
2021-05_Abrolhos_stereo-BRUVs,npz9.28,Physical,Substrate,Unconsolidated (soft),Sand / mud (<2mm),Fine sand (no shell fragments),NA,NA,NA,NA,NA,NA,82001015,19
2021-05_Abrolhos_stereo-BRUVs,npz9.29,Biota,Bryozoa,NA,NA,NA,NA,NA,NA,NA,NA,NA,20000000,2
2021-05_Abrolhos_stereo-BRUVs,npz9.29,Biota,Sessile invertebrates,NA,NA,NA,NA,NA,NA,NA,NA,NA,99900044,4
2021-05_Abrolhos_stereo-BRUVs,npz9.29,Physical,Substrate,Unconsolidated (soft),Pebble / gravel,Pebble (10-64mm),NA,NA,NA,NA,NA,NA,82001012,3
2021-05_Abrolhos_stereo-BRUVs,npz9.29,Physical,Substrate,Unconsolidated (soft),Sand / mud (<2mm),Coarse sand (with shell fragments),NA,NA,NA,NA,NA,NA,82001014,13
2021-05_Abrolhos_stereo-BRUVs,npz9.29,Physical,Substrate,Unconsolidated (soft),Sand / mud (<2mm),Fine sand (no shell fragments),NA,NA,NA,NA,NA,NA,82001015,8
2021-05_Abrolhos_stereo-BRUVs,npz9.3,Physical,Substrate,Unconsolidated (soft),Sand / mud (<2mm),Coarse sand (with shell fragments),NA,NA,NA,NA,NA,NA,82001014,33
2021-05_Abrolhos_stereo-BRUVs,npz9.30,Biota,Sessile invertebrates,NA,NA,NA,NA,NA,NA,NA,NA,NA,99900044,3
2021-05_Abrolhos_stereo-BRUVs,npz9.30,Physical,Substrate,Unconsolidated (soft),Pebble / gravel,Gravel (2-10mm),NA,NA,NA,NA,NA,NA,82001011,7
2021-05_Abrolhos_stereo-BRUVs,npz9.30,Physical,Substrate,Unconsolidated (soft),Sand / mud (<2mm),Coarse sand (with shell fragments),NA,NA,NA,NA,NA,NA,82001014,24
2021-05_Abrolhos_stereo-BRUVs,npz9.4,Physical,Substrate,Consolidated (hard),Cobbles,NA,NA,NA,NA,NA,NA,NA,82001004,1
2021-05_Abrolhos_stereo-BRUVs,npz9.4,Physical,Substrate,Unconsolidated (soft),Pebble / gravel,Gravel (2-10mm),NA,NA,NA,NA,NA,NA,82001011,16
2021-05_Abrolhos_stereo-BRUVs,npz9.4,Physical,Substrate,Unconsolidated (soft),Sand / mud (<2mm),Coarse sand (with shell fragments),NA,NA,NA,NA,NA,NA,82001014,18
2021-05_Abrolhos_stereo-BRUVs,npz9.5,Biota,Sessile invertebrates,NA,NA,NA,NA,NA,NA,NA,NA,NA,99900044,13
2021-05_Abrolhos_stereo-BRUVs,npz9.5,Biota,Sponges,Erect forms,NA,NA,NA,NA,NA,NA,NA,NA,10000912,4
2021-05_Abrolhos_stereo-BRUVs,npz9.5,Biota,Sponges,Massive forms,NA,NA,NA,NA,NA,NA,NA,NA,10000903,5
2021-05_Abrolhos_stereo-BRUVs,npz9.7,Physical,Substrate,Unconsolidated (soft),Pebble / gravel,Gravel (2-10mm),NA,NA,NA,NA,NA,NA,82001011,7
2021-05_Abrolhos_stereo-BRUVs,npz9.7,Physical,Substrate,Unconsolidated (soft),Sand / mud (<2mm),Coarse sand (with shell fragments),NA,NA,NA,NA,NA,NA,82001014,9
2021-05_Abrolhos_stereo-BRUVs,npz9.7,Physical,Substrate,Unconsolidated (soft),Sand / mud (<2mm),Fine sand (no shell fragments),NA,NA,NA,NA,NA,NA,82001015,18
2021-05_Abrolhos_stereo-BRUVs,npz9.8,Physical,Substrate,Unconsolidated (soft),Pebble / gravel,Gravel (2-10mm),NA,NA,NA,NA,NA,NA,82001011,5
2021-05_Abrolhos_stereo-BRUVs,npz9.8,Physical,Substrate,Unconsolidated (soft),Sand / mud (<2mm),Coarse sand (with shell fragments),NA,NA,NA,NA,NA,NA,82001014,29
2021-05_Abrolhos_stereo-BRUVs,npz9.9,Biota,Cnidaria,Corals,Black & Octocorals,Fan (2D),NA,NA,NA,NA,NA,NA,11168912,1
2021-05_Abrolhos_stereo-BRUVs,npz9.9,Biota,Macroalgae,Encrusting,Red,NA,NA,NA,NA,NA,NA,NA,80300929,1
2021-05_Abrolhos_stereo-BRUVs,npz9.9,Biota,Sessile invertebrates,NA,NA,NA,NA,NA,NA,NA,NA,NA,99900044,7
2021-05_Abrolhos_stereo-BRUVs,npz9.9,Biota,Sponges,Cup-likes,NA,NA,NA,NA,NA,NA,NA,NA,10000909,3
2021-05_Abrolhos_stereo-BRUVs,npz9.9,Biota,Sponges,Erect forms,NA,NA,NA,NA,NA,NA,NA,NA,10000912,1
2021-05_Abrolhos_stereo-BRUVs,npz9.9,Biota,Sponges,Massive forms,NA,NA,NA,NA,NA,NA,NA,NA,10000903,1
2021-05_Abrolhos_stereo-BRUVs,npz9.9,Biota,Sponges,NA,NA,NA,NA,NA,NA,NA,NA,NA,10000000,1
2021-05_Abrolhos_stereo-BRUVs,npz9.9,Physical,Substrate,Consolidated (hard),Cobbles,NA,NA,NA,NA,NA,NA,NA,82001004,2
2021-05_Abrolhos_stereo-BRUVs,npz9.9,Physical,Substrate,Unconsolidated (soft),Sand / mud (<2mm),Coarse sand (with shell fragments),NA,NA,NA,NA,NA,NA,82001014,13
