Sample,Latitude,Longitude,Date,Time,Site,Location,Depth,Status,Successful.count,Successful.length,Observer
20_RB1,-17.97741667,122.0295667,20201009,13:49:00,Roebuck Bay,Roebuck Bay,21.2,Fished,Yes,Yes,Curtin
20_RB2,-17.9805,122.0514833,20201009,13:57:00,Roebuck Bay,Roebuck Bay,16.3,Fished,Yes,Yes,Curtin
20_RB3,-17.97841667,122.0649167,20201009,14:01:00,Roebuck Bay,Roebuck Bay,17,Fished,Yes,Yes,Curtin
20_RB4,-17.97838333,122.07515,20201009,14:05:00,Roebuck Bay,Roebuck Bay,16.3,Fished,Yes,Yes,Curtin
20_RB5,-17.98095,122.0838667,20201009,14:08:00,Roebuck Bay,Roebuck Bay,15.6,Fished,Yes,Yes,Curtin
20_RB6,-17.99343333,122.0794,20201009,14:15:00,Roebuck Bay,Roebuck Bay,15.5,Fished,Yes,Yes,Curtin
20_RB7,-17.9911,122.0651167,20201009,14:21:00,Roebuck Bay,Roebuck Bay,16.6,Fished,Yes,Yes,Curtin
20_RB8,-17.9926,122.0528667,20201009,14:27:00,Roebuck Bay,Roebuck Bay,16.7,Fished,Yes,Yes,Curtin
20_RB9,-17.9893,122.042,20201009,14:32:00,Roebuck Bay,Roebuck Bay,17.7,Fished,Yes,Yes,Curtin
20_RB10,-17.98341667,122.0399333,20201009,14:36:00,Roebuck Bay,Roebuck Bay,17.3,Fished,Yes,Yes,Curtin
20_RB193,-17.99875684,122.0236847,20201013,9:46:00,Roebuck Bay,Roebuck Bay,18,Fished,Yes,Yes,Curtin
20_RB58,-17.99306096,122.0317649,20201013,9:54:00,Roebuck Bay,Roebuck Bay,15.3,Fished,No,No,Curtin
20_RB13,-17.99840355,122.0396875,20201013,9:59:00,Roebuck Bay,Roebuck Bay,16.7,Fished,Yes,Yes,Curtin
20_RB109,-18.0056387,122.0537973,20201013,10:03:00,Roebuck Bay,Roebuck Bay,15.9,Fished,Yes,Yes,Curtin
20_RB61,-18.01161105,122.0575964,20201013,10:08:00,Roebuck Bay,Roebuck Bay,14.8,Fished,Yes,Yes,Curtin
20_RB141,-18.03612141,122.0945364,20201013,10:12:00,Roebuck Bay,Roebuck Bay,14.6,Fished,Yes,Yes,Curtin
20_RB149,-18.01418856,122.053669,20201013,10:17:00,Roebuck Bay,Roebuck Bay,15.2,Fished,Yes,Yes,Curtin
20_RB29,-18.02290679,122.0423675,20201013,10:23:00,Roebuck Bay,Roebuck Bay,14.8,Fished,Yes,Yes,Curtin
20_RB185,-18.01730381,122.0278939,20201013,10:29:00,Roebuck Bay,Roebuck Bay,12.7,Fished,Yes,Yes,Curtin
20_RB57,-18.00722198,122.0384204,20201013,10:34:00,Roebuck Bay,Roebuck Bay,15.1,Fished,Yes,Yes,Curtin
20_RB69,-18.02444696,122.0326645,20201013,12:04:00,Roebuck Bay,Roebuck Bay,14.6,Fished,No,No,Curtin
20_RB125,-18.03338562,122.0384702,20201013,12:07:00,Roebuck Bay,Roebuck Bay,13.5,Fished,Yes,Yes,Curtin
20_RB93,-18.033912,122.051975,20201013,12:12:00,Roebuck Bay,Roebuck Bay,12,Fished,Yes,Yes,Curtin
20_RB45,-18.02813689,122.0545237,20201013,12:16:00,Roebuck Bay,Roebuck Bay,12.3,Fished,Yes,Yes,Curtin
20_RB77,-18.03277856,122.0584524,20201013,12:19:00,Roebuck Bay,Roebuck Bay,11.9,Fished,Yes,Yes,Curtin
20_RB154,-18.05337617,122.0622396,20201013,12:25:00,Roebuck Bay,Roebuck Bay,10.9,Fished,Yes,Yes,Curtin
20_RB10A,-18.04952957,122.0580574,20201013,12:29:00,Roebuck Bay,Roebuck Bay,11,Fished,Yes,Yes,Curtin
20_RB190,-18.04609328,122.0474359,20201013,12:33:00,Roebuck Bay,Roebuck Bay,11.7,Fished,Yes,Yes,Curtin
20_RB38,-18.04620903,122.0416906,20201013,12:38:00,Roebuck Bay,Roebuck Bay,12.6,Fished,Yes,Yes,Curtin
20_RB86,-18.04705781,122.0287038,20201013,12:42:00,Roebuck Bay,Roebuck Bay,13.9,Fished,Yes,Yes,Curtin
20_RB018,-18.0591203,122.0668909,20201014,9:48:00,Roebuck Bay,Roebuck Bay,12.9,Fished,Yes,Yes,Curtin
20_RB98,-18.06335061,122.065692,20201014,9:52:00,Roebuck Bay,Roebuck Bay,13.4,Fished,Yes,Yes,Curtin
20_RB146,-18.06839769,122.06358,20201014,9:55:00,Roebuck Bay,Roebuck Bay,13.8,Fished,Yes,Yes,Curtin
20_RB54,-18.064146,122.053596,20201014,10:01:00,Roebuck Bay,Roebuck Bay,13.8,Fished,Yes,Yes,Curtin
20_RB102,-18.07147347,122.0466626,20201014,10:08:00,Roebuck Bay,Roebuck Bay,15.4,Fished,Yes,Yes,Curtin
20_RB22,-18.0697747,122.0419738,20201014,10:11:00,Roebuck Bay,Roebuck Bay,14.7,Fished,Yes,Yes,Curtin
20_RB118,-18.06887972,122.0265431,20201014,10:17:00,Roebuck Bay,Roebuck Bay,15.5,Fished,Yes,Yes,Curtin
20_RB74,-18.058129,122.0335664,20201014,10:24:00,Roebuck Bay,Roebuck Bay,15.9,Fished,Yes,No,Curtin
20_RB134,-18.05369016,122.0307536,20201014,10:30:00,Roebuck Bay,Roebuck Bay,15.9,Fished,Yes,Yes,Curtin
20_RB122,-18.05183301,122.0442578,20201014,10:35:00,Roebuck Bay,Roebuck Bay,14.7,Fished,Yes,No,Curtin
20_RB06A,-18.08175702,122.0681524,20201014,11:51:00,Roebuck Bay,Roebuck Bay,11.8,Fished,No,No,Curtin
20_RB04A,-18.09957764,122.063311,20201014,11:56:00,Roebuck Bay,Roebuck Bay,11.8,Fished,No,No,Curtin
20_RB132,-18.113573,122.052688,20201014,12:02:00,Roebuck Bay,Roebuck Bay,11.3,Fished,Yes,No,Curtin
20_RB36,-18.10609332,122.0400645,20201014,12:06:00,Roebuck Bay,Roebuck Bay,12.6,Fished,Yes,Yes,Curtin
20_RB95,-18.09851506,122.0357983,20201014,12:10:00,Roebuck Bay,Roebuck Bay,13.6,Fished,Yes,Yes,Curtin
20_RB66,-18.081095,122.026532,20201014,12:15:00,Roebuck Bay,Roebuck Bay,14.8,Fished,Yes,Yes,Curtin
20_RB151,-18.086517,122.032237,20201014,12:18:00,Roebuck Bay,Roebuck Bay,13.3,Fished,Yes,Yes,Curtin
20_RB111,-18.08855721,122.0388204,20201014,12:22:00,Roebuck Bay,Roebuck Bay,13.5,Fished,Yes,Yes,Curtin
20_RB200,-18.108728,122.103075,20201014,12:25:00,Roebuck Bay,Roebuck Bay,12.5,Fished,Yes,Yes,Curtin
20_RB199,-18.095845,122.053901,20201014,12:28:00,Roebuck Bay,Roebuck Bay,12.4,Fished,Yes,Yes,Curtin
20_RB63,-18.10157799,122.0231203,20201014,14:02:00,Roebuck Bay,Roebuck Bay,9.5,Fished,No,No,Curtin
20_RB84,-18.11261541,122.0242432,20201014,14:06:00,Roebuck Bay,Roebuck Bay,11.8,Fished,Yes,Yes,Curtin
20_RB68,-18.12635155,122.0241683,20201014,14:12:00,Roebuck Bay,Roebuck Bay,11.2,Fished,Yes,Yes,Curtin
20_RB08A,-18.13308929,122.0332821,20201014,14:16:00,Roebuck Bay,Roebuck Bay,10.8,Fished,Yes,Yes,Curtin
20_RB24,-18.14370414,122.0311459,20201014,14:21:00,Roebuck Bay,Roebuck Bay,10,Fished,Yes,Yes,Curtin
20_RB88,-18.14045573,122.0533992,20201014,14:28:00,Roebuck Bay,Roebuck Bay,8.7,Fished,No,No,Curtin
20_RB104,-18.13533704,122.0561949,20201014,14:34:00,Roebuck Bay,Roebuck Bay,8.3,Fished,Yes,Yes,Curtin
20_RB148,-18.12639798,122.0493818,20201014,14:41:00,Roebuck Bay,Roebuck Bay,8.8,Fished,Yes,No,Curtin
20_RB116,-18.12086462,122.050155,20201014,14:44:00,Roebuck Bay,Roebuck Bay,9.1,Fished,Yes,Yes,Curtin
20_RB172,-18.12311278,122.0381243,20201014,14:49:00,Roebuck Bay,Roebuck Bay,9.6,Fished,Yes,No,Curtin
20_RB169,-18.009182,122.11923,20201015,10:02:00,Roebuck Bay,Roebuck Bay,11.2,Fished,Yes,Yes,Curtin
20_RB129,-17.9986209,122.1135256,20201015,10:06:00,Roebuck Bay,Roebuck Bay,13.8,Fished,Yes,Yes,Curtin
20_RB113,-17.98749837,122.1158686,20201015,10:10:00,Roebuck Bay,Roebuck Bay,14.4,Fished,Yes,Yes,Curtin
20_RB01A,-17.9845011,122.1115551,20201015,10:12:00,Roebuck Bay,Roebuck Bay,15.5,Fished,Yes,Yes,Curtin
20_RB182,-17.9755128,122.1010725,20201015,10:16:00,Roebuck Bay,Roebuck Bay,17,Fished,Yes,Yes,Curtin
20_RB90,-17.98000331,122.0915203,20201015,10:21:00,Roebuck Bay,Roebuck Bay,16.4,Fished,No,No,Curtin
20_RB174,-17.98889247,122.0928785,20201015,10:25:00,Roebuck Bay,Roebuck Bay,16.4,Fished,Yes,Yes,Curtin
20_RB42,-17.99416377,122.1035039,20201015,10:28:00,Roebuck Bay,Roebuck Bay,14.2,Fished,Yes,Yes,Curtin
20_RB165,-17.99721832,122.1005325,20201015,10:31:00,Roebuck Bay,Roebuck Bay,13.9,Fished,Yes,Yes,Curtin
20_RB137,-18.0160373,122.1082133,20201015,10:36:00,Roebuck Bay,Roebuck Bay,12.5,Fished,Yes,Yes,Curtin
20_RB145,-18.00043002,122.0804181,20201015,12:08:00,Roebuck Bay,Roebuck Bay,13.7,Fished,Yes,Yes,Curtin
20_RB25,-18.0072705,122.0878688,20201015,12:13:00,Roebuck Bay,Roebuck Bay,11.9,Fished,Yes,Yes,Curtin
20_RB53,-18.01194824,122.0852427,20201015,12:16:00,Roebuck Bay,Roebuck Bay,12.3,Fished,Yes,Yes,Curtin
20_RB89,-18.01886493,122.0922176,20201015,12:20:00,Roebuck Bay,Roebuck Bay,11.3,Fished,No,No,Curtin
20_RB173,-18.01978878,122.105037,20201015,12:25:00,Roebuck Bay,Roebuck Bay,11.8,Fished,Yes,Yes,Curtin
20_RB181,-18.02874479,122.0977853,20201015,12:28:00,Roebuck Bay,Roebuck Bay,11.3,Fished,No,No,Curtin
20_RB153,-18.027719,122.0860361,20201015,12:32:00,Roebuck Bay,Roebuck Bay,11.4,Fished,No,No,Curtin
20_RB121,-18.03153092,122.0765477,20201015,12:37:00,Roebuck Bay,Roebuck Bay,11.6,Fished,No,No,Curtin
20_RB189,-18.0205829,122.0704528,20201015,12:43:00,Roebuck Bay,Roebuck Bay,12.8,Fished,Yes,Yes,Curtin
20_RB101,-18.00803279,122.0701428,20201015,12:47:00,Roebuck Bay,Roebuck Bay,14.2,Fished,Yes,Yes,Curtin
21_RB33,-18.02298887,122.1173356,20210603,11:59:00,Roebuck Bay,Roebuck Bay,9.8,Fished,Yes,No,Curtin
21_RB81,-18.03380338,122.1148819,20210603,12:05:00,Roebuck Bay,Roebuck Bay,9.1,Fished,Yes,No,Curtin
21_RB17,-18.04075495,122.110717,20210603,12:09:00,Roebuck Bay,Roebuck Bay,9.1,Fished,Yes,No,Curtin
21_RB2,-18.04080786,122.103152,20210603,12:14:00,Roebuck Bay,Roebuck Bay,9.5,Fished,Yes,No,Curtin
21_RB197,-18.05187256,122.1072058,20210603,12:22:00,Roebuck Bay,Roebuck Bay,9.1,Fished,Yes,No,Curtin
21_RB114,-18.04976858,122.0967197,20210603,12:31:00,Roebuck Bay,Roebuck Bay,9.5,Fished,Yes,No,Curtin
21_RB157,-18.05430112,122.0972427,20210603,12:35:00,Roebuck Bay,Roebuck Bay,9.9,Fished,Yes,No,Curtin
21_RB130,-18.05422031,122.0840059,20210603,12:40:00,Roebuck Bay,Roebuck Bay,10.2,Fished,Yes,No,Curtin
21_RB162,-18.04771178,122.0704757,20210603,12:45:00,Roebuck Bay,Roebuck Bay,10.4,Fished,Yes,No,Curtin
21_RB9,-18.03872355,122.0695165,20210603,12:50:00,Roebuck Bay,Roebuck Bay,10.4,Fished,Yes,No,Curtin
21_RB141,-18.01854388,122.0604117,20210603,14:12:00,Roebuck Bay,Roebuck Bay,13.4,Fished,Yes,No,Curtin
21_RB161,-18.07103224,122.111666,20210603,14:31:00,Roebuck Bay,Roebuck Bay,10.6,Fished,Yes,No,Curtin
21_RB82,-18.07427244,122.1077653,20210603,14:35:00,Roebuck Bay,Roebuck Bay,10.5,Fished,Yes,No,Curtin
21_RB34,-18.07035859,122.1021353,20210603,14:38:00,Roebuck Bay,Roebuck Bay,10.9,Fished,Yes,No,Curtin
21_RB170,-18.06315796,122.0927569,20210603,14:42:00,Roebuck Bay,Roebuck Bay,11,Fished,Yes,No,Curtin
21_RB50,-18.07095224,122.0833689,20210603,14:47:00,Roebuck Bay,Roebuck Bay,10.3,Fished,Yes,No,Curtin
21_RB186,-18.07957295,122.0771659,20210603,14:53:00,Roebuck Bay,Roebuck Bay,11.7,Fished,Yes,No,Curtin
21_RB178,-18.07732983,122.0908875,20210603,14:58:00,Roebuck Bay,Roebuck Bay,11.1,Fished,Yes,No,Curtin
21_RB196,-18.09101304,122.1065185,20210603,15:05:00,Roebuck Bay,Roebuck Bay,10.7,Fished,Yes,No,Curtin
21_RB16,-18.09122168,122.0945501,20210603,15:10:00,Roebuck Bay,Roebuck Bay,11.1,Fished,Yes,No,Curtin
21_RB159,-18.09116919,122.0492506,20210604,10:51:00,Roebuck Bay,Roebuck Bay,11.8,Fished,Yes,No,Curtin
21_RB152,-18.08831689,122.0710346,20210604,11:06:00,Roebuck Bay,Roebuck Bay,10.5,Fished,Yes,No,Curtin
21_RB96,-18.0938741,122.0752535,20210604,11:15:00,Roebuck Bay,Roebuck Bay,9.9,Fished,Yes,No,Curtin
21_RB48,-18.09435052,122.0778927,20210604,11:20:00,Roebuck Bay,Roebuck Bay,9.2,Fished,Yes,No,Curtin
21_RB72,-18.10115811,122.0954243,20210604,11:31:00,Roebuck Bay,Roebuck Bay,9.1,Fished,Yes,No,Curtin
21_RB112,-18.10402764,122.090545,20210604,11:37:00,Roebuck Bay,Roebuck Bay,8.9,Fished,Yes,No,Curtin
21_RB144,-18.1045263,122.0694553,20210606,11:22:00,Roebuck Bay,Roebuck Bay,11.1,Fished,Yes,No,Curtin
21_RB20,-18.11355617,122.0642665,20210606,11:27:00,Roebuck Bay,Roebuck Bay,11.1,Fished,Yes,No,Curtin
21_RB164,-18.11813915,122.0645291,20210606,11:29:00,Roebuck Bay,Roebuck Bay,10.3,Fished,Yes,No,Curtin
21_RB32,-18.11999157,122.0723288,20210606,11:34:00,Roebuck Bay,Roebuck Bay,10,Fished,Yes,No,Curtin
21_RB128,-18.11482934,122.0775174,20210606,11:38:00,Roebuck Bay,Roebuck Bay,9.9,Fished,Yes,No,Curtin
21_RB80,-18.10913614,122.0775438,20210606,11:40:00,Roebuck Bay,Roebuck Bay,10.3,Fished,Yes,No,Curtin
21_RB160,-18.11839906,122.0932869,20210606,11:46:00,Roebuck Bay,Roebuck Bay,9.4,Fished,Yes,No,Curtin
21_RB64,-18.1229284,122.1027941,20210606,11:50:00,Roebuck Bay,Roebuck Bay,8.7,Fished,Yes,No,Curtin
21_RB44,-18.12978754,122.105747,20210606,11:54:00,Roebuck Bay,Roebuck Bay,8.7,Fished,Yes,No,Curtin
21_RB176,-18.13987144,122.1034899,20210606,11:58:00,Roebuck Bay,Roebuck Bay,9.1,Fished,Yes,No,Curtin
21_RB184,-18.14806765,122.1052317,20210606,13:16:00,Roebuck Bay,Roebuck Bay,8.1,Fished,Yes,No,Curtin
21_RB92,-18.14482209,122.0881246,20210606,13:21:00,Roebuck Bay,Roebuck Bay,8.4,Fished,Yes,No,Curtin
21_RB12,-18.13791972,122.0810833,20210606,13:24:00,Roebuck Bay,Roebuck Bay,8.5,Fished,Yes,No,Curtin
21_RB192,-18.13550948,122.0774236,20210606,13:26:00,Roebuck Bay,Roebuck Bay,8.6,Fished,Yes,No,Curtin
21_RB156,-18.13499411,122.0717289,20210606,13:30:00,Roebuck Bay,Roebuck Bay,8.4,Fished,Yes,No,Curtin
21_RB140,-18.14806503,122.0756307,20210606,13:34:00,Roebuck Bay,Roebuck Bay,8.6,Fished,Yes,No,Curtin
21_RB124,-18.15706696,122.0772664,20210606,13:37:00,Roebuck Bay,Roebuck Bay,8.4,Fished,Yes,No,Curtin
21_RB168,-18.16179197,122.0748086,20210606,13:40:00,Roebuck Bay,Roebuck Bay,8.2,Fished,Yes,No,Curtin
21_RB28,-18.16252086,122.0779348,20210606,13:44:00,Roebuck Bay,Roebuck Bay,8.2,Fished,Yes,No,Curtin
21_RB60,-18.15706839,122.0952601,20210606,13:50:00,Roebuck Bay,Roebuck Bay,8.1,Fished,Yes,No,Curtin
21_RB108,-18.16351364,122.0966755,20210606,15:05:00,Roebuck Bay,Roebuck Bay,6.4,Fished,Yes,No,Curtin
21_RB27,-18.17531901,122.0980263,20210606,15:09:00,Roebuck Bay,Roebuck Bay,5.6,Fished,Yes,No,Curtin
21_RB139,-18.18412592,122.0982881,20210606,15:13:00,Roebuck Bay,Roebuck Bay,5.7,Fished,Yes,No,Curtin
21_RB43,-18.19611818,122.0916199,20210606,15:18:00,Roebuck Bay,Roebuck Bay,6.3,Fished,Yes,No,Curtin
21_RB155,-18.20149498,122.0863554,20210606,15:21:00,Roebuck Bay,Roebuck Bay,7,Fished,Yes,No,Curtin
21_RB147,-18.19803958,122.0848245,20210606,15:24:00,Roebuck Bay,Roebuck Bay,6.9,Fished,Yes,No,Curtin
21_RB103,-18.19739847,122.0714011,20210606,15:29:00,Roebuck Bay,Roebuck Bay,7.1,Fished,Yes,No,Curtin
21_RB191,-18.18630652,122.0754179,20210606,15:35:00,Roebuck Bay,Roebuck Bay,7.7,Fished,Yes,No,Curtin
21_RB123,-18.17880937,122.0795747,20210606,15:39:00,Roebuck Bay,Roebuck Bay,7.1,Fished,Yes,No,Curtin
21_RB11,-18.1703544,122.0801182,20210606,15:42:00,Roebuck Bay,Roebuck Bay,7.8,Fished,Yes,No,Curtin
21_RB55,-18.20529521,122.0737637,20210607,9:34:00,Roebuck Bay,Roebuck Bay,12.1,Fished,Yes,No,Curtin
21_RB79,-18.21686926,122.069094,20210607,9:39:00,Roebuck Bay,Roebuck Bay,10.1,Fished,Yes,No,Curtin
21_RB71,-18.22814936,122.0761884,20210607,9:44:00,Roebuck Bay,Roebuck Bay,9.8,Fished,Yes,No,Curtin
21_RB127,-18.2322192,122.0822998,20210607,9:47:00,Roebuck Bay,Roebuck Bay,9.2,Fished,Yes,No,Curtin
21_RB59,-18.23657158,122.0858254,20210607,9:49:00,Roebuck Bay,Roebuck Bay,9.4,Fished,Yes,No,Curtin
21_RB47,-18.2367161,122.0929889,20210607,9:53:00,Roebuck Bay,Roebuck Bay,9.4,Fished,Yes,No,Curtin
21_RB195,-18.22834831,122.0897287,20210607,9:57:00,Roebuck Bay,Roebuck Bay,9.4,Fished,Yes,No,Curtin
21_RB175,-18.20890148,122.1026111,20210607,10:03:00,Roebuck Bay,Roebuck Bay,10.1,Fished,Yes,No,Curtin
21_RB15,-18.2113173,122.0913155,20210607,10:07:00,Roebuck Bay,Roebuck Bay,10.9,Fished,Yes,No,Curtin
21_RB31,-18.21121532,122.08457,20210607,10:10:00,Roebuck Bay,Roebuck Bay,11.1,Fished,Yes,No,Curtin
21_RB131,-18.25037247,122.0617437,20210607,11:41:00,Roebuck Bay,Roebuck Bay,7.4,Fished,Yes,No,Curtin
21_RB91,-18.24666349,122.0868797,20210607,11:49:00,Roebuck Bay,Roebuck Bay,7.7,Fished,Yes,No,Curtin
21_RB143,-18.24415333,122.0894726,20210607,11:52:00,Roebuck Bay,Roebuck Bay,7.3,Fished,Yes,No,Curtin
21_RB85,-18.25962146,122.0910923,20210607,11:56:00,Roebuck Bay,Roebuck Bay,7.5,Fished,Yes,No,Curtin
21_RB133,-18.25746236,122.0848551,20210607,11:59:00,Roebuck Bay,Roebuck Bay,7.3,Fished,Yes,No,Curtin
21_RB117,-18.25878559,122.0621876,20210607,12:00:00,Roebuck Bay,Roebuck Bay,8,Fished,Yes,No,Curtin
21_RB5,-18.26571873,122.0581625,20210607,12:01:00,Roebuck Bay,Roebuck Bay,8.1,Fished,Yes,No,Curtin
21_RB37,-18.26378794,122.0728702,20210607,12:02:00,Roebuck Bay,Roebuck Bay,7.4,Fished,Yes,No,Curtin
21_RB65,-18.25877538,122.0474752,20210607,12:16:00,Roebuck Bay,Roebuck Bay,8.4,Fished,Yes,No,Curtin
21_RB185,-18.26254361,122.0398141,20210607,14:24:00,Roebuck Bay,Roebuck Bay,7,Fished,Yes,No,Curtin
21_RB49,-18.26901561,122.0363218,20210607,14:27:00,Roebuck Bay,Roebuck Bay,6.6,Fished,Yes,No,Curtin
21_RB73,-18.28105285,122.0265265,20210607,14:40:00,Roebuck Bay,Roebuck Bay,7.2,Fished,Yes,No,Curtin
21_RB177,-18.26575353,122.0309048,20210607,14:44:00,Roebuck Bay,Roebuck Bay,7.1,Fished,Yes,No,Curtin
21_RB97,-18.25409315,122.0283143,20210607,14:47:00,Roebuck Bay,Roebuck Bay,7.8,Fished,Yes,No,Curtin
21_RB110,-18.25298093,122.031615,20210607,14:50:00,Roebuck Bay,Roebuck Bay,7.6,Fished,Yes,No,Curtin
21_RB158,-18.24976533,122.0373254,20210607,14:53:00,Roebuck Bay,Roebuck Bay,7.2,Fished,Yes,No,Curtin
21_RB171,-18.24102165,122.045059,20210607,14:56:00,Roebuck Bay,Roebuck Bay,6.8,Fished,Yes,No,Curtin
21_RB19,-18.25226882,122.0501196,20210607,15:03:00,Roebuck Bay,Roebuck Bay,6.3,Fished,Yes,No,Curtin
21_RB62,-18.24298294,122.0307439,20210805,7:52:00,Roebuck Bay,Roebuck Bay,9.5,Fished,Yes,No,Curtin
21_RB150,-18.2429667,122.0378,20210805,8:00:00,Roebuck Bay,Roebuck Bay,9,Fished,Yes,No,Curtin
21_RB46,-18.2269333,122.0422,20210805,8:07:00,Roebuck Bay,Roebuck Bay,9.3,Fished,Yes,No,Curtin
21_RB115,-18.2232,122.05395,20210805,8:13:00,Roebuck Bay,Roebuck Bay,8.4,Fished,Yes,No,Curtin
21_RB198,-18.23225,122.0630667,20210805,8:19:00,Roebuck Bay,Roebuck Bay,7.3,Fished,Yes,No,Curtin
21_RB107,-18.2401833,122.0707167,20210805,8:23:00,Roebuck Bay,Roebuck Bay,7,Fished,Yes,No,Curtin
21_RB183,-18.2491667,122.0677333,20210805,8:28:00,Roebuck Bay,Roebuck Bay,6.5,Fished,Yes,No,Curtin
21_RB21,-18.2800667,122.0368333,20210805,8:47:00,Roebuck Bay,Roebuck Bay,8.4,Fished,Yes,No,Curtin
21_RB142,-18.2204167,122.0264333,20210805,10:28:00,Roebuck Bay,Roebuck Bay,9.7,Fished,Yes,No,Curtin
21_RB135,-18.2110167,122.03305,20210805,10:33:00,Roebuck Bay,Roebuck Bay,9.8,Fished,Yes,No,Curtin
21_RB87,-18.2078167,122.03515,20210805,10:35:00,Roebuck Bay,Roebuck Bay,9.9,Fished,Yes,No,Curtin
21_RB94,-18.2118833,122.0382167,20210805,10:39:00,Roebuck Bay,Roebuck Bay,9.4,Fished,Yes,No,Curtin
21_RB51,-18.21035,122.0478667,20210805,10:45:00,Roebuck Bay,Roebuck Bay,9.4,Fished,Yes,No,Curtin
21_RB163,-18.2196333,122.0511833,20210805,10:50:00,Roebuck Bay,Roebuck Bay,8,Fished,Yes,No,Curtin
21_RB03,-18.2127333,122.0600167,20210805,10:55:00,Roebuck Bay,Roebuck Bay,9.1,Fished,Yes,No,Curtin
21_RB83,-18.2038833,122.06285,20210805,10:59:00,Roebuck Bay,Roebuck Bay,9.8,Fished,Yes,No,Curtin
21_RB35,-18.19475,122.061,20210805,11:03:00,Roebuck Bay,Roebuck Bay,9,Fished,Yes,No,Curtin
21_RB179,-18.1995333,122.0482167,20210805,13:19:00,Roebuck Bay,Roebuck Bay,8.4,Fished,Yes,No,Curtin
21_RB39,-18.1985833,122.0429667,20210805,13:24:00,Roebuck Bay,Roebuck Bay,8.1,Fished,Yes,No,Curtin
21_RB07,-18.1839833,122.0401,20210805,13:30:00,Roebuck Bay,Roebuck Bay,8.6,Fished,Yes,No,Curtin
21_RB99,-18.1865,122.0316,20210805,13:34:00,Roebuck Bay,Roebuck Bay,8.7,Fished,Yes,No,Curtin
21_RB187,-18.17215,122.0309,20210805,13:40:00,Roebuck Bay,Roebuck Bay,9.4,Fished,Yes,No,Curtin
21_RB136,-18.1589833,122.0357667,20210805,13:46:00,Roebuck Bay,Roebuck Bay,8.8,Fished,Yes,No,Curtin
21_RB40,-18.1522667,122.0332167,20210805,13:49:00,Roebuck Bay,Roebuck Bay,9,Fished,Yes,No,Curtin
21_RB76,-18.1532667,122.0267167,20210805,13:54:00,Roebuck Bay,Roebuck Bay,9.2,Fished,Yes,No,Curtin
21_RB120,-18.1402667,122.0353333,20210805,14:00:00,Roebuck Bay,Roebuck Bay,8.8,Fished,Yes,No,Curtin
21_RB75,-18.14065,122.0344667,20210806,9:03:00,Roebuck Bay,Roebuck Bay,10.5,Fished,Yes,No,Curtin
21_RB119,-18.1836333,122.0520167,20210806,9:08:00,Roebuck Bay,Roebuck Bay,10.5,Fished,Yes,No,Curtin
21_RB23,-18.17815,122.0585167,20210806,9:12:00,Roebuck Bay,Roebuck Bay,10.5,Fished,Yes,No,Curtin
21_RB167,-18.1754833,122.06575,20210806,9:16:00,Roebuck Bay,Roebuck Bay,10.3,Fished,Yes,No,Curtin
21_RB67,-18.1691833,122.05385,20210806,9:23:00,Roebuck Bay,Roebuck Bay,10.7,Fished,Yes,No,Curtin
21_RB180,-18.1657,122.0532833,20210806,9:25:00,Roebuck Bay,Roebuck Bay,10.6,Fished,Yes,No,Curtin
21_RB100,-18.1603,122.0634333,20210806,9:30:00,Roebuck Bay,Roebuck Bay,10,Fished,Yes,No,Curtin
21_RB52,-18.14976609,122.0611006,20210806,9:35:00,Roebuck Bay,Roebuck Bay,10.6,Fished,Yes,No,Curtin
21_RB56,-18.1456,122.0603333,20210806,9:37:00,Roebuck Bay,Roebuck Bay,10.7,Fished,Yes,No,Curtin
21_RB188,-18.15165,122.0485667,20210806,9:42:00,Roebuck Bay,Roebuck Bay,10.6,Fished,Yes,No,Curtin
