Sample,Latitude,Longitude,Date,Time,Location,Status,Site,Depth,Successful.count,Successful.length,Observer,Observer.length
RIMP_20220228_WS1-1,-32.0174624,115.442454,20220228,10:16:45,Rottnest,No-Take,WS,15,Yes,No,Chris Douglas,Chris Douglas
RIMP_20220228_WS1-2,-32.02041133,115.4428062,20220228,10:24:34,Rottnest,No-Take,WS,15,Yes,Yes,Chris Douglas,Chris Douglas
RIMP_20220228_WS1-3,-32.01986917,115.4463847,20220228,10:34:06,Rottnest,No-Take,WS,10,No,No,Chris Douglas,Chris Douglas
RIMP_20220228_WS1-4,-32.02285398,115.443471,20220228,10:39:55,Rottnest,No-Take,WS,12.5,Yes,Yes,Chris Douglas,Chris Douglas
RIMP_20220228_WS2-1,-32.0300364,115.4544021,20220228,10:52:07,Rottnest,No-Take,WS,6,Yes,Yes,Chris Douglas,Chris Douglas
RIMP_20220228_WS2-2,-32.03196503,115.4527722,20220228,10:55:43,Rottnest,No-Take,WS,15,Yes,Yes,Chris Douglas,Chris Douglas
RIMP_20220228_WS2-3,-32.02834682,115.4505721,20220228,11:02:48,Rottnest,No-Take,WS,12,Yes,Yes,Chris Douglas,Chris Douglas
RIMP_20220228_WS2-4,-32.02921175,115.4476542,20220228,11:26:34,Rottnest,No-Take,WS,10,Yes,Yes,Chris Douglas,Chris Douglas
RIMP_20220228_WC1-1,-32.02964068,115.4591689,20220228,12:32:10,Rottnest,Fished,WC,12,Yes,Yes,Chris Douglas,Chris Douglas
RIMP_20220228_WC1-2,-32.02866557,115.4620503,20220228,12:35:42,Rottnest,Fished,WC,15,Yes,Yes,Chris Douglas,Chris Douglas
RIMP_20220228_WC1-3,-32.02904658,115.4654369,20220228,12:40:05,Rottnest,Fished,WC,15,Yes,Yes,Chris Douglas,Tania Matthews
RIMP_20220228_WC1-4,-32.02563723,115.4640651,20220228,12:46:30,Rottnest,Fished,WC,5,No,No,Chris Douglas,Chris Douglas
RIMP_20220228_WC2-1,-32.02471185,115.4747875,20220228,12:53:19,Rottnest,Fished,WC,8,Yes,Yes,Chris Douglas,Chris Douglas
RIMP_20220228_WC2-3,-32.02017367,115.4753262,20220228,13:00:30,Rottnest,Fished,WC,5,No,No,Chris Douglas,Chris Douglas
RIMP_20220228_WC2-4,-32.02477242,115.4727287,20220228,13:05:50,Rottnest,Fished,WC,8,Yes,No,Chris Douglas,Chris Douglas
RIMP_20220228_WC2-5,-32.0238992,115.4777439,20220228,13:09:26,Rottnest,Fished,WC,8,Yes,Yes,Chris Douglas,Chris Douglas
RIMP_20220228_GC1-1,-32.02133467,115.4883016,20220228,14:31:39,Rottnest,Fished,GC,8.2,Yes,Yes,Chris Douglas,Evan Hallein
RIMP_20220228_GC1-2,-32.01872465,115.4840972,20220228,14:37:30,Rottnest,Fished,GC,5,Yes,Yes,Chris Douglas,Evan Hallein
RIMP_20220228_GC1-3,-32.01786458,115.4818448,20220228,14:41:07,Rottnest,Fished,GC,7,No,No,Chris Douglas,Chris Douglas
RIMP_20220228_GC1-4,-32.01736752,115.4788925,20220228,14:46:28,Rottnest,Fished,GC,5,Yes,Yes,Chris Douglas,Evan Hallein
RIMP_20220228_GS1-1,-32.0230733,115.4924783,20220228,14:54:07,Rottnest,No-Take,GS,6,No,No,Chris Douglas,Chris Douglas
RIMP_20220228_GS1-2,-32.02195083,115.4963071,20220228,14:58:25,Rottnest,No-Take,GS,5,No,No,Chris Douglas,Chris Douglas
RIMP_20220228_GS1-3,-32.02080842,115.5004815,20220228,15:03:14,Rottnest,No-Take,GS,10,Yes,Yes,Chris Douglas,Evan Hallein
RIMP_20220228_GS1-4,-32.01757797,115.50074,20220228,15:06:45,Rottnest,No-Take,GS,4.6,Yes,No,Chris Douglas,Chris Douglas
RIMP_20220301_GS2-1,-32.02146943,115.5019056,20220301,8:14:20,Rottnest,No-Take,GS,7,Yes,No,Chris Douglas,Chris Douglas
RIMP_20220301_GS2-2,-32.0180287,115.4987731,20220301,8:19:23,Rottnest,No-Take,GS,10,Yes,Yes,Chris Douglas,Chris Douglas
RIMP_20220301_GS2-3,-32.02155822,115.4983228,20220301,8:24:20,Rottnest,No-Take,GS,9,Yes,No,Sarah Jessop,Chris Douglas
RIMP_20220301_GS2-4,-32.02229122,115.4948118,20220301,8:30:07,Rottnest,No-Take,GS,8,Yes,Yes,Sarah Jessop,Evan Hallein
RIMP_20220301_GC2-1,-32.0172801,115.5049036,20220301,8:38:55,Rottnest,Fished,GC,9,Yes,No,Chris Douglas,Chris Douglas
RIMP_20220301_GC2-2,-32.01529483,115.5063949,20220301,8:42:19,Rottnest,Fished,GC,5,Yes,No,Chris Douglas,Chris Douglas
RIMP_20220301_GC2-3,-32.01749353,115.5028173,20220301,8:47:09,Rottnest,Fished,GC,4,Yes,No,Chris Douglas,Chris Douglas
RIMP_20220301_GC2-4,-32.01862722,115.5096612,20220301,8:51:21,Rottnest,Fished,GC,7,Yes,No,Chris Douglas,Chris Douglas
RIMP_20220301_AC1-1,-31.98708128,115.4994299,20220301,10:41:24,Rottnest,Fished,AC,10,Yes,Yes,Chris Douglas,Evan Hallein
RIMP_20220301_AC1-2,-31.98820628,115.4983853,20220301,10:52:08,Rottnest,Fished,AC,6,Yes,Yes,Chris Douglas,Evan Hallein
RIMP_20220301_AC1-3,-31.98881578,115.4961527,20220301,10:57:33,Rottnest,Fished,AC,6,Yes,Yes,Chris Douglas,Evan Hallein
RIMP_20220301_AC1-4,-31.99029332,115.4956928,20220301,11:02:31,Rottnest,Fished,AC,4.5,No,No,Chris Douglas,Chris Douglas
RIMP_20220301_AC2-1,-31.99575323,115.4876633,20220301,11:11:05,Rottnest,Fished,AC,8,Yes,No,Chris Douglas,Chris Douglas
RIMP_20220301_AC2-2,-31.99815212,115.4864538,20220301,11:16:06,Rottnest,Fished,AC,8,No,No,Chris Douglas,Evan Hallein
RIMP_20220301_AC2-3,-31.99957108,115.4837534,20220301,11:19:15,Rottnest,Fished,AC,9,Yes,No,Chris Douglas,Chris Douglas
RIMP_20220301_AC2-4,-32.00153295,115.4823744,20220301,11:21:48,Rottnest,Fished,AC,8,Yes,No,Chris Douglas,Chris Douglas
RIMP_20220301_AS1-1,-31.98848952,115.5038333,20220301,12:44:26,Rottnest,No-Take,AS,6,Yes,Yes,Chris Douglas,Chris Douglas
RIMP_20220301_AS1-2,-31.98728938,115.5017514,20220301,12:49:44,Rottnest,No-Take,AS,6,Yes,Yes,Chris Douglas,Chris Douglas
RIMP_20220301_AS1-3,-31.99077343,115.5043605,20220301,12:55:25,Rottnest,No-Take,AS,4,Yes,Yes,Chris Douglas,Chris Douglas
RIMP_20220301_AS1-4,-31.9885639,115.5062918,20220301,13:00:35,Rottnest,No-Take,AS,7,No,No,Chris Douglas,Chris Douglas
RIMP_20220301_AS2-1,-31.9867433,115.5079988,20220301,13:03:23,Rottnest,No-Take,AS,6,Yes,Yes,Chris Douglas,Chris Douglas
RIMP_20220301_AS2-2,-31.98450055,115.5092912,20220301,13:06:05,Rottnest,No-Take,AS,9,Yes,Yes,Chris Douglas,Chris Douglas
RIMP_20220301_AS2-3,-31.98431283,115.5124557,20220301,13:10:33,Rottnest,No-Take,AS,6,Yes,Yes,Chris Douglas,Chris Douglas
RIMP_20220301_AS2-4,-31.98534717,115.5116741,20220301,13:13:26,Rottnest,No-Take,AS,6,Yes,Yes,Chris Douglas,Chris Douglas
RIMP_20220301_AC3-1,-31.98414847,115.5143306,20220301,14:33:27,Rottnest,Fished,AC,8,Yes,Yes,Chris Douglas,Chris Douglas
RIMP_20220301_AC3-2,-31.9859,115.51545,20220301,14:37:27,Rottnest,Fished,AC,6.4,Yes,Yes,Chris Douglas,Chris Douglas
RIMP_20220301_AC3-3,-31.98445,115.5177833,20220301,14:41:27,Rottnest,Fished,AC,7,Yes,Yes,Chris Douglas,Chris Douglas
RIMP_20220301_AC3-4,-31.98323333,115.5207333,20220301,14:49:27,Rottnest,Fished,AC,9,No,No,Chris Douglas,Chris Douglas
RIMP_20220301_AC4-1,-31.98711667,115.5334,20220301,14:51:27,Rottnest,Fished,AC,7,Yes,Yes,Chris Douglas,Chris Douglas
RIMP_20220301_AC4-2,-31.98616667,115.5310333,20220301,15:01:27,Rottnest,Fished,AC,8.5,Yes,Yes,Chris Douglas,Chris Douglas
RIMP_20220301_AC4-3,-31.98471667,115.5281833,20220301,15:05:27,Rottnest,Fished,AC,10,No,No,Chris Douglas,Chris Douglas
RIMP_20220301_AC4-4,-31.98485,115.5258833,20220301,15:07:27,Rottnest,Fished,AC,8.5,Yes,No,Chris Douglas,Chris Douglas
RIMP_20220302_KS1-1,-31.9917032,115.5557432,20220302,7:23:47,Rottnest,No-Take,KS,2.5,Yes,No,Sarah Jessop,Chris Douglas
RIMP_20220302_KS1-2,-31.99072608,115.5579357,20220302,7:33:18,Rottnest,No-Take,KS,3,Yes,Yes,Sarah Jessop,Chris Douglas
RIMP_20220302_KS1-3,-31.98943125,115.5587348,20220302,7:38:38,Rottnest,No-Take,KS,3.5,Yes,Yes,Sarah Jessop ,Chris Douglas
RIMP_20220302_KS1-4,-31.98734,115.5555821,20220302,7:42:17,Rottnest,No-Take,KS,6,Yes,Yes,Sarah Jessop/Chris Douglas,Chris Douglas
RIMP_20220302_KS2-1,-31.98650818,115.556648,20220302,7:47:24,Rottnest,No-Take,KS,4.2,Yes,Yes,Chris Douglas,Tania Matthews
RIMP_20220302_KS2-2,-31.98556332,115.5563499,20220302,7:52:44,Rottnest,No-Take,KS,5,Yes,No,Chris Douglas,Tania Matthews
RIMP_20220302_KS2-3,-31.98592252,115.5538215,20220302,7:57:20,Rottnest,No-Take,KS,5,Yes,Yes,Chris Douglas,Tania Matthews
RIMP_20220302_KS2-4,-31.9859808,115.5588636,20220302,8:06:31,Rottnest,No-Take,KS,5,Yes,Yes,Chris Douglas,Tania Matthews
RIMP_20220304_KC1-1,-31.98671997,115.5358881,20220304,8:13:27,Rottnest,Fished,KC,6,Yes,Yes,Chris Douglas,Chris Douglas
RIMP_20220304_KC1-2,-31.98553517,115.5344533,20220304,8:19:47,Rottnest,Fished,KC,7,Yes,Yes,Chris Douglas,Chris Douglas
RIMP_20220304_KC1-3,-31.98441333,115.5362417,20220304,8:27:10,Rottnest,Fished,KC,6.6,Yes,Yes,Chris Douglas,Chris Douglas
RIMP_20220304_KC1-4,-31.98583143,115.5380773,20220304,8:33:05,Rottnest,Fished,KC,3.5,Yes,Yes,Chris Douglas,Chris Douglas
RIMP_20220304_KC2-1,-31.9834381,115.5519,20220304,8:44:01,Rottnest,Fished,KC,7,Yes,Yes,Sarah Jessop,Chris Douglas
RIMP_20220304_KC2-2,-31.98261307,115.5543348,20220304,8:49:05,Rottnest,Fished,KC,7,No,No,Chris Douglas,Chris Douglas
RIMP_20220304_KC2-3,-31.98518968,115.5494193,20220304,8:57:01,Rottnest,Fished,KC,6,Yes,No,Chris Douglas,Chris Douglas
RIMP_20220304_KC2-4,-31.98651575,115.5440364,20220304,9:01:16,Rottnest,Fished,KC,6,Yes,Yes,Sarah Jessop,Chris Douglas
RIMP_20220304_WC3-1,-32.01491918,115.442742,20220304,10:33:10,Rottnest,Fished,WC,15,No,No,Chris Douglas,Chris Douglas
RIMP_20220304_WC3-2,-32.01457608,115.4426486,20220304,10:38:00,Rottnest,Fished,WC,13,Yes,Yes,Chris Douglas,Chris Douglas
RIMP_20220304_WC3-3,-32.01457608,115.4426486,20220304,10:41:32,Rottnest,Fished,WC,12,Yes,Yes,Chris Douglas,Chris Douglas
RIMP_20220304_WC3-4,-32.01137935,115.446088,20220304,10:50:57,Rottnest,Fished,WC,15,Yes,No,Chris Douglas,Chris Douglas
RIMP_20220304_WC4-1,-32.00939798,115.4546225,20220304,10:56:28,Rottnest,Fished,WC,11,Yes,Yes,Chris Douglas,Chris Douglas
RIMP_20220304_WC4-2,-32.00587478,115.4527965,20220304,11:02:57,Rottnest,Fished,WC,10,Yes,Yes,Chris Douglas,Chris Douglas
RIMP_20220304_WC4-3,-32.0102989,115.4576025,20220304,11:09:39,Rottnest,Fished,WC,8,Yes,Yes,Chris Douglas,Chris Douglas
RIMP_20220304_WC4-4,-32.00374722,115.4561857,20220304,11:18:13,Rottnest,Fished,WC,11,Yes,Yes,Chris Douglas,Chris Douglas
RIMP_20220304_KC3-1,-32.01118683,115.5589366,20220304,12:57:43,Rottnest,Fished,KC,3,Yes,Yes,Sarah Jessop,Chris Douglas
RIMP_20220304_KC3-2,-32.01363707,115.5577547,20220304,13:04:15,Rottnest,Fished,KC,6,Yes,Yes,Sarah Jessop,Chris Douglas
RIMP_20220304_KC3-3,-32.0139977,115.5568691,20220304,13:10:09,Rottnest,Fished,KC,3,Yes,Yes,Sarah Jessop,Chris Douglas
RIMP_20220304_KC3-4,-32.01363373,115.55268,20220304,13:16:04,Rottnest,Fished,KC,2,Yes,No,Sarah Jessop,Chris Douglas
RIMP_20220304_KC4-1,-32.01579942,115.5471127,20220304,13:20:46,Rottnest,Fished,KC,5,Yes,Yes,Sarah Jessop,Chris Douglas
RIMP_20220304_KC4-2,-32.01680617,115.5466541,20220304,13:29:21,Rottnest,Fished,KC,5,Yes,Yes,Sarah Jessop,Chris Douglas
RIMP_20220304_KC4-3,-32.01640622,115.5436708,20220304,13:33:17,Rottnest,Fished,KC,3,Yes,Yes,Sarah Jessop,Chris Douglas
RIMP_20220304_KC4-4,-32.01602653,115.5412265,20220304,13:39:08,Rottnest,Fished,KC,3,Yes,Yes,Sarah Jessop,Chris Douglas
RIMP_20220309_GC3-1,-32.01672655,115.4794805,20220309,8:57:43,Rottnest,Fished,GC,4,Yes,Yes,Chris Douglas,Chris Douglas
RIMP_20220309_GC3-2,-32.0182511,115.482025,20220309,9:03:16,Rottnest,Fished,GC,8,Yes,No,Chris Douglas,Chris Douglas
RIMP_20220309_GC3-3,-32.01947628,115.4844274,20220309,9:10:58,Rottnest,Fished,GC,5,Yes,Yes,Chris Douglas,Chris Douglas
RIMP_20220309_GC3-4,-32.02092847,115.4865979,20220309,9:17:05,Rottnest,Fished,GC,10,Yes,Yes,Chris Douglas,Chris Douglas
RIMP_20220309_GC4-1,-32.0225041,115.5046277,20220309,9:26:40,Rottnest,Fished,GC,11,Yes,Yes,Chris Douglas,Chris Douglas
RIMP_20220309_GC4-2,-32.02119705,115.5065143,20220309,9:32:55,Rottnest,Fished,GC,13,No,No,Chris Douglas,Chris Douglas
RIMP_20220309_GC4-3,-32.02013933,115.5093988,20220309,9:41:35,Rottnest,Fished,GC,9,Yes,Yes,Chris Douglas,Chris Douglas
RIMP_20220309_GC4-4,-32.0184996,115.5095913,20220309,9:46:28,Rottnest,Fished,GC,8,Yes,Yes,Chris Douglas,Chris Douglas
RIMP_20220309_PC1-1,-32.01868827,115.5104537,20220309,10:53:59,Rottnest,Fished,PC,7,Yes,Yes,Chris Douglas,Chris Douglas
RIMP_20220309_PC1-2,-32.02060748,115.5116621,20220309,10:58:19,Rottnest,Fished,PC,7,Yes,Yes,Chris Douglas,Chris Douglas
RIMP_20220309_PC1-3,-32.0190099,115.5136759,20220309,11:02:12,Rottnest,Fished,PC,5,Yes,Yes,Chris Douglas,Chris Douglas
RIMP_20220309_PC1-4,-32.01714243,115.5128425,20220309,11:05:49,Rottnest,Fished,PC,3.5,Yes,Yes,Chris Douglas,Chris Douglas
RIMP_20220309_PC2-1,-32.02166337,115.514852,20220309,11:10:55,Rottnest,Fished,PC,7,Yes,Yes,Chris Douglas,Chris Douglas
RIMP_20220309_PC2-2,-32.02332503,115.5130507,20220309,11:14:29,Rottnest,Fished,PC,7,Yes,Yes,Chris Douglas,Chris Douglas
RIMP_20220309_PC2-3,-32.02436017,115.5156854,20220309,11:18:49,Rottnest,Fished,PC,8,Yes,Yes,Chris Douglas,Chris Douglas
RIMP_20220309_PC2-4,-32.0267828,115.5179237,20220309,11:23:09,Rottnest,Fished,PC,10,Yes,No,Chris Douglas,Chris Douglas
RIMP_20220309_PS1-1,-32.02262648,115.5176643,20220309,12:29:35,Rottnest,No-Take,PS,5,Yes,No,Chris Douglas,Chris Douglas
RIMP_20220309_PS1-2,-32.02523292,115.518287,20220309,12:34:14,Rottnest,No-Take,PS,6,Yes,Yes,Chris Douglas,Chris Douglas
RIMP_20220309_PS1-3,-32.0274131,115.520462,20220309,12:37:53,Rottnest,No-Take,PS,6,Yes,Yes,Chris Douglas,Chris Douglas
RIMP_20220309_PS1-4,-32.02914945,115.5231091,20220309,12:44:42,Rottnest,No-Take,PS,6,Yes,No,Chris Douglas,Chris Douglas
RIMP_20220309_PS2-1,-32.03170657,115.5252648,20220309,12:56:58,Rottnest,No-Take,PS,9,Yes,Yes,Chris Douglas,Chris Douglas
RIMP_20220309_PS2-2,-32.03005282,115.5268897,20220309,13:01:05,Rottnest,No-Take,PS,10,Yes,Yes,Chris Douglas,Chris Douglas
RIMP_20220309_PS2-3,-32.02903005,115.5293692,20220309,13:04:43,Rottnest,No-Take,PS,5,Yes,Yes,Chris Douglas,Chris Douglas
RIMP_20220309_PS2-4,-32.02768068,115.531652,20220309,13:08:56,Rottnest,No-Take,PS,9,Yes,Yes,Chris Douglas,Chris Douglas
RIMP_20220309_PC3-1,-32.02733322,115.5346588,20220309,14:11:38,Rottnest,Fished,PC,8,Yes,Yes,Chris Douglas,Chris Douglas
RIMP_20220309_PC3-2,-32.02564962,115.5379957,20220309,14:15:12,Rottnest,Fished,PC,5,Yes,Yes,Chris Douglas,Chris Douglas
RIMP_20220309_PC3-3,-32.02466763,115.5352908,20220309,14:18:09,Rottnest,Fished,PC,10,Yes,Yes,Chris Douglas,Chris Douglas
RIMP_20220309_PC3-4,-32.02235477,115.5365982,20220309,14:21:14,Rottnest,Fished,PC,6,Yes,Yes,Chris Douglas,Chris Douglas
RIMP_20220309_PC4-1,-32.02007682,115.5369116,20220309,14:26:00,Rottnest,Fished,PC,7,Yes,Yes,Chris Douglas,Chris Douglas
RIMP_20220309_PC4-2,-32.0193325,115.5395276,20220309,14:28:38,Rottnest,Fished,PC,5,Yes,Yes,Chris Douglas,Chris Douglas
RIMP_20220309_PC4-3,-32.02032458,115.5415937,20220309,14:31:43,Rottnest,Fished,PC,5,Yes,Yes,Chris Douglas,Chris Douglas
RIMP_20220309_PC4-4,-32.02143628,115.543997,20220309,14:34:44,Rottnest,Fished,PC,7,Yes,No,Chris Douglas,Chris Douglas
RIMP_20220311_AC2-5,-32.0016587,115.4824388,20220311,13:05:18,Rottnest,Fished,AC,8,Yes,No,Chris Douglas,Evan Hallein
RIMP_20220311_AC2-6,-31.9969363,115.4871989,20220311,13:10:50,Rottnest,Fished,AC,9,Yes,No,Chris Douglas,Evan Hallein
RIMP_20220311_AS1-5,-31.9889428,115.505103,20220311,13:19:02,Rottnest,No-Take,AS,5,Yes,Yes,Chris Douglas,Evan Hallein
RIMP_20220311_AC3-5,-31.9848602,115.5159414,20220311,13:29:36,Rottnest,Fished,AC,7,Yes,No,Chris Douglas,Chris Douglas
RIMP_20220311_AC4-5,-31.9860098,115.5292388,20220311,13:34:39,Rottnest,Fished,AC,3,Yes,Yes,Chris Douglas,Evan Hallein