"Sample","Family","Genus","Species","Count","Length","PRECISIONS","RMS_PT1","RANGE","OpcodeCam","Observer","CampaignID"
10653,"Lutjanidae","Lutjanus","vitta",1,333.123,2.844,5.796,1458.462,"A3HIGH 2","Brigit Vaughan","NWSS Seismic2"
10653,"Serranidae","Epinephelus","rankini",1,536.072,3.84,2.009,2136.784,"A3HIGH 2","Brigit Vaughan","NWSS Seismic2"
10653,"Serranidae","Epinephelus","rankini",1,581.502,4.809,0.459,2509.784,"A3HIGH 2","Brigit Vaughan","NWSS Seismic2"
10661,"Lethrinidae","Lethrinus","punctulatus",1,268.21,5.95,8.901,2201.938,"A3HIGH 10","Brigit Vaughan","NWSS Seismic2"
10661,"Lethrinidae","Lethrinus","punctulatus",1,269.845,0.95,3.016,1060.001,"A3HIGH 10","Brigit Vaughan","NWSS Seismic2"
10661,"Lethrinidae","Lethrinus","punctulatus",1,270.155,0.678,4.837,884.48,"A3HIGH 10","Brigit Vaughan","NWSS Seismic2"
10661,"Lethrinidae","Lethrinus","punctulatus",1,281.2,1.115,5.998,1293.2,"A3HIGH 10","Brigit Vaughan","NWSS Seismic2"
10661,"Lethrinidae","Lethrinus","punctulatus",1,283.306,4.6,10.958,1829.666,"A3HIGH 10","Brigit Vaughan","NWSS Seismic2"
10661,"Lethrinidae","Lethrinus","punctulatus",1,289.394,2.358,1.548,1593.927,"A3HIGH 10","Brigit Vaughan","NWSS Seismic2"
10661,"Lethrinidae","Lethrinus","punctulatus",1,293.613,2.484,7.732,2061.143,"A3HIGH 10","Brigit Vaughan","NWSS Seismic2"
10661,"Lethrinidae","Lethrinus","punctulatus",1,302.087,1.181,5.374,1284.746,"A3HIGH 10","Brigit Vaughan","NWSS Seismic2"
10661,"Lethrinidae","Lethrinus","punctulatus",1,306.665,0.914,2.739,1201.285,"A3HIGH 10","Brigit Vaughan","NWSS Seismic2"
10661,"Lethrinidae","Lethrinus","punctulatus",1,309.207,1.326,5.646,1393.247,"A3HIGH 10","Brigit Vaughan","NWSS Seismic2"
10661,"Lethrinidae","Lethrinus","punctulatus",1,312.389,5.479,1.845,2111.677,"A3HIGH 10","Brigit Vaughan","NWSS Seismic2"
10661,"Lethrinidae","Lethrinus","punctulatus",1,321.573,0.656,7.536,843.137,"A3HIGH 10","Brigit Vaughan","NWSS Seismic2"
10661,"Lethrinidae","Lethrinus","punctulatus",1,327.793,1.166,5.802,1043.56,"A3HIGH 10","Brigit Vaughan","NWSS Seismic2"
10661,"Lethrinidae","Lethrinus","punctulatus",1,329.482,4.66,3.498,2367.129,"A3HIGH 10","Brigit Vaughan","NWSS Seismic2"
10661,"Lethrinidae","Lethrinus","punctulatus",1,337.849,1.347,1.553,1452.08,"A3HIGH 10","Brigit Vaughan","NWSS Seismic2"
10661,"Lethrinidae","Lethrinus","punctulatus",1,347.143,1.394,7.038,1351.045,"A3HIGH 10","Brigit Vaughan","NWSS Seismic2"
10661,"Lutjanidae","Lutjanus","sebae",1,548.645,1.792,11.581,1523.296,"A3HIGH 10","Brigit Vaughan","NWSS Seismic2"
10661,"Lutjanidae","Lutjanus","sebae",1,670.092,1.191,1.423,1292.592,"A3HIGH 10","Brigit Vaughan","NWSS Seismic2"
10661,"Serranidae","Epinephelus","areolatus",1,327.106,9.629,3.266,2673.584,"A3HIGH 10","Brigit Vaughan","NWSS Seismic2"
10661,"Serranidae","Plectropomus","maculatus",1,444.264,3.46,1.564,1566.021,"A3HIGH 10","Brigit Vaughan","NWSS Seismic2"
10661,"Serranidae","Plectropomus","maculatus",1,457.054,2.778,12.771,1997.88,"A3HIGH 10","Brigit Vaughan","NWSS Seismic2"
10661,"Serranidae","Plectropomus","maculatus",1,477.934,2.168,7.387,1903.826,"A3HIGH 10","Brigit Vaughan","NWSS Seismic2"
10662,"Lethrinidae","Lethrinus","punctulatus",1,303.288,1.77,9.109,1851.62,"A3HIGH 11","Brigit Vaughan","NWSS Seismic2"
10662,"Lethrinidae","Lethrinus","punctulatus",1,309.978,3.238,5.588,1932.62,"A3HIGH 11","Brigit Vaughan","NWSS Seismic2"
10662,"Lethrinidae","Lethrinus","punctulatus",1,331.603,2.737,7.965,1827.845,"A3HIGH 11","Brigit Vaughan","NWSS Seismic2"
10663,"Lethrinidae","Lethrinus","punctulatus",1,241.575,0.848,5.617,1042.973,"A3HIGH 12","Brigit Vaughan","NWSS Seismic2"
10663,"Lethrinidae","Lethrinus","punctulatus",1,244.99,1.873,2.635,1295.974,"A3HIGH 12","Brigit Vaughan","NWSS Seismic2"
10663,"Lethrinidae","Lethrinus","punctulatus",1,249.661,1.452,1.168,1331.239,"A3HIGH 12","Brigit Vaughan","NWSS Seismic2"
10663,"Lethrinidae","Lethrinus","punctulatus",1,253.72,1.613,2.222,1348.636,"A3HIGH 12","Brigit Vaughan","NWSS Seismic2"
10663,"Lethrinidae","Lethrinus","punctulatus",1,254.743,1.389,1.683,1344.92,"A3HIGH 12","Brigit Vaughan","NWSS Seismic2"
10663,"Lethrinidae","Lethrinus","punctulatus",1,257.048,0.725,2.396,940.545,"A3HIGH 12","Brigit Vaughan","NWSS Seismic2"
10663,"Lethrinidae","Lethrinus","punctulatus",1,258.259,1.243,9.988,916.051,"A3HIGH 12","Brigit Vaughan","NWSS Seismic2"
10663,"Lethrinidae","Lethrinus","punctulatus",1,259.569,0.676,2.462,837.668,"A3HIGH 12","Brigit Vaughan","NWSS Seismic2"
10663,"Lethrinidae","Lethrinus","punctulatus",1,259.89,4.546,1.277,2237.472,"A3HIGH 12","Brigit Vaughan","NWSS Seismic2"
10663,"Lethrinidae","Lethrinus","punctulatus",1,261.349,2.234,2.827,1529.693,"A3HIGH 12","Brigit Vaughan","NWSS Seismic2"
10663,"Lethrinidae","Lethrinus","punctulatus",1,264.377,2.229,3.278,1642.027,"A3HIGH 12","Brigit Vaughan","NWSS Seismic2"
10663,"Lethrinidae","Lethrinus","punctulatus",1,266.701,0.968,6.578,876.429,"A3HIGH 12","Brigit Vaughan","NWSS Seismic2"
10663,"Lethrinidae","Lethrinus","punctulatus",1,267.585,0.644,1.541,846.901,"A3HIGH 12","Brigit Vaughan","NWSS Seismic2"
10663,"Lethrinidae","Lethrinus","punctulatus",1,268.186,1.027,1.949,1103.886,"A3HIGH 12","Brigit Vaughan","NWSS Seismic2"
10663,"Lethrinidae","Lethrinus","punctulatus",1,268.961,1.073,0.381,1134.298,"A3HIGH 12","Brigit Vaughan","NWSS Seismic2"
10663,"Lethrinidae","Lethrinus","punctulatus",1,270.073,0.65,0.73,845.992,"A3HIGH 12","Brigit Vaughan","NWSS Seismic2"
10663,"Lethrinidae","Lethrinus","punctulatus",1,279.318,1.158,3.182,1104.056,"A3HIGH 12","Brigit Vaughan","NWSS Seismic2"
10663,"Lethrinidae","Lethrinus","punctulatus",1,280.17,0.772,1.733,969.532,"A3HIGH 12","Brigit Vaughan","NWSS Seismic2"
10663,"Lethrinidae","Lethrinus","punctulatus",1,280.313,1.192,8.32,1312.495,"A3HIGH 12","Brigit Vaughan","NWSS Seismic2"
10663,"Lethrinidae","Lethrinus","punctulatus",1,283.419,1.029,0.776,1306.498,"A3HIGH 12","Brigit Vaughan","NWSS Seismic2"
10663,"Lethrinidae","Lethrinus","punctulatus",1,285.573,1.197,2.735,1364.503,"A3HIGH 12","Brigit Vaughan","NWSS Seismic2"
10663,"Lethrinidae","Lethrinus","punctulatus",1,286,1.112,3.92,1268.624,"A3HIGH 12","Brigit Vaughan","NWSS Seismic2"
10663,"Lethrinidae","Lethrinus","punctulatus",1,289.022,4.59,4.889,2389.358,"A3HIGH 12","Brigit Vaughan","NWSS Seismic2"
10663,"Lethrinidae","Lethrinus","punctulatus",1,290.718,2.378,4.226,1470.472,"A3HIGH 12","Brigit Vaughan","NWSS Seismic2"
10663,"Lethrinidae","Lethrinus","punctulatus",1,316.741,0.98,7.786,1288.164,"A3HIGH 12","Brigit Vaughan","NWSS Seismic2"
10663,"Lethrinidae","Lethrinus","punctulatus",1,321.346,5.232,2.723,2082.257,"A3HIGH 12","Brigit Vaughan","NWSS Seismic2"
10663,"Lethrinidae","Lethrinus","punctulatus",1,329.941,0.644,3.459,821.142,"A3HIGH 12","Brigit Vaughan","NWSS Seismic2"
10663,"Lethrinidae","Lethrinus","punctulatus",1,359.113,3.531,8.285,1585.747,"A3HIGH 12","Brigit Vaughan","NWSS Seismic2"
10663,"Lutjanidae","Lutjanus","sebae",1,474.365,2.433,2.266,1810.268,"A3HIGH 12","Brigit Vaughan","NWSS Seismic2"
10663,"Lutjanidae","Lutjanus","sebae",1,495.622,2.576,1.045,2460.541,"A3HIGH 12","Brigit Vaughan","NWSS Seismic2"
10663,"Lutjanidae","Lutjanus","sebae",1,533.989,2.414,6.322,1739.618,"A3HIGH 12","Brigit Vaughan","NWSS Seismic2"
10663,"Serranidae","Epinephelus","rankini",1,623.952,1.881,1.182,1421.514,"A3HIGH 12","Brigit Vaughan","NWSS Seismic2"
10664,"Lethrinidae","Lethrinus","punctulatus",1,287.901,2.07,7.435,1792.682,"A3HIGH 13","Brigit Vaughan","NWSS Seismic2"
10664,"Lethrinidae","Lethrinus","punctulatus",1,288.583,1.195,0.577,974.41,"A3HIGH 13","Brigit Vaughan","NWSS Seismic2"
10664,"Lethrinidae","Lethrinus","punctulatus",1,309.31,0.768,2.124,1000.666,"A3HIGH 13","Brigit Vaughan","NWSS Seismic2"
10664,"Lethrinidae","Lethrinus","punctulatus",1,313.466,1.383,4.43,973.547,"A3HIGH 13","Brigit Vaughan","NWSS Seismic2"
10664,"Lethrinidae","Lethrinus","punctulatus",1,317.825,0.762,3.017,994.013,"A3HIGH 13","Brigit Vaughan","NWSS Seismic2"
10664,"Lethrinidae","Lethrinus","punctulatus",1,327.942,0.865,2.209,1135.673,"A3HIGH 13","Brigit Vaughan","NWSS Seismic2"
10664,"Lethrinidae","Lethrinus","punctulatus",1,334.135,0.782,4.322,964.287,"A3HIGH 13","Brigit Vaughan","NWSS Seismic2"
10664,"Lethrinidae","Lethrinus","punctulatus",1,344.677,3.067,6.11,1667.762,"A3HIGH 13","Brigit Vaughan","NWSS Seismic2"
10664,"Lethrinidae","Lethrinus","punctulatus",1,346.856,0.875,3.735,1093.474,"A3HIGH 13","Brigit Vaughan","NWSS Seismic2"
10664,"Lethrinidae","Lethrinus","punctulatus",1,348.168,2.568,3.325,1631.97,"A3HIGH 13","Brigit Vaughan","NWSS Seismic2"
10664,"Lutjanidae","Lutjanus","sebae",1,350.909,1.706,5.962,1290.516,"A3HIGH 13","Brigit Vaughan","NWSS Seismic2"
10664,"Lutjanidae","Lutjanus","sebae",1,376.918,1.16,0.956,1223.413,"A3HIGH 13","Brigit Vaughan","NWSS Seismic2"
10664,"Lutjanidae","Lutjanus","sebae",1,452.745,1.106,2.351,1186.469,"A3HIGH 13","Brigit Vaughan","NWSS Seismic2"
10664,"Lutjanidae","Lutjanus","sebae",1,462.857,1.415,1.884,1334.534,"A3HIGH 13","Brigit Vaughan","NWSS Seismic2"
10664,"Lutjanidae","Lutjanus","sebae",1,462.965,1.863,3.351,1842.953,"A3HIGH 13","Brigit Vaughan","NWSS Seismic2"
10664,"Lutjanidae","Lutjanus","sebae",1,465.561,2.612,2.649,1995.892,"A3HIGH 13","Brigit Vaughan","NWSS Seismic2"
10664,"Lutjanidae","Lutjanus","sebae",1,479.316,0.865,0.734,895.432,"A3HIGH 13","Brigit Vaughan","NWSS Seismic2"
10664,"Lutjanidae","Lutjanus","vitta",1,316.774,1.297,1.683,1368.19,"A3HIGH 13","Brigit Vaughan","NWSS Seismic2"
10664,"Lutjanidae","Lutjanus","vitta",1,348.846,1.964,4.831,1667.739,"A3HIGH 13","Brigit Vaughan","NWSS Seismic2"
10664,"Serranidae","Epinephelus","areolatus",1,364.311,5.333,10.333,2776.384,"A3HIGH 13","Brigit Vaughan","NWSS Seismic2"
10664,"Serranidae","Epinephelus","areolatus",1,368.863,3.924,2.915,2003.31,"A3HIGH 13","Brigit Vaughan","NWSS Seismic2"
10664,"Serranidae","Epinephelus","rankini",1,560.602,5.986,9.908,2095.233,"A3HIGH 13","Brigit Vaughan","NWSS Seismic2"
10664,"Serranidae","Epinephelus","rankini",1,660.754,3.212,5.523,1980.293,"A3HIGH 13","Brigit Vaughan","NWSS Seismic2"
10664,"Serranidae","Plectropomus","maculatus",1,426.247,1.308,1.502,1347.234,"A3HIGH 13","Brigit Vaughan","NWSS Seismic2"
10664,"Serranidae","Plectropomus","maculatus",1,434.165,3.794,1.895,1797.844,"A3HIGH 13","Brigit Vaughan","NWSS Seismic2"
10664,"Serranidae","Plectropomus","maculatus",1,455.143,1.364,5.92,1570.853,"A3HIGH 13","Brigit Vaughan","NWSS Seismic2"
10665,"Lethrinidae","Lethrinus","punctulatus",1,272.176,2.964,2.974,1442.899,"A3HIGH 14","Brigit Vaughan","NWSS Seismic2"
10665,"Lethrinidae","Lethrinus","punctulatus",1,273.347,0.939,2.991,806.962,"A3HIGH 14","Brigit Vaughan","NWSS Seismic2"
10665,"Lethrinidae","Lethrinus","punctulatus",1,275.495,0.767,4.643,918.072,"A3HIGH 14","Brigit Vaughan","NWSS Seismic2"
10665,"Lethrinidae","Lethrinus","punctulatus",1,298.878,0.847,4.245,1076.532,"A3HIGH 14","Brigit Vaughan","NWSS Seismic2"
10665,"Lethrinidae","Lethrinus","punctulatus",1,300.064,1.179,2.925,1351.876,"A3HIGH 14","Brigit Vaughan","NWSS Seismic2"
10665,"Lethrinidae","Lethrinus","punctulatus",1,301.553,0.787,3.605,888.704,"A3HIGH 14","Brigit Vaughan","NWSS Seismic2"
10665,"Lethrinidae","Lethrinus","punctulatus",1,318.54,1.128,4.596,1207.096,"A3HIGH 14","Brigit Vaughan","NWSS Seismic2"
10665,"Lutjanidae","Lutjanus","sebae",1,480.269,1.494,3.184,1042.4,"A3HIGH 14","Brigit Vaughan","NWSS Seismic2"
10665,"Lutjanidae","Lutjanus","sebae",1,481.39,0.899,5.592,1092.854,"A3HIGH 14","Brigit Vaughan","NWSS Seismic2"
10665,"Lutjanidae","Lutjanus","sebae",1,562.35,1.309,4.059,1194.021,"A3HIGH 14","Brigit Vaughan","NWSS Seismic2"
10665,"Serranidae","Epinephelus","areolatus",1,358.685,0.688,0.957,882.015,"A3HIGH 14","Brigit Vaughan","NWSS Seismic2"
10665,"Serranidae","Epinephelus","areolatus",1,411.477,1.957,9.883,1643.43,"A3HIGH 14","Brigit Vaughan","NWSS Seismic2"
10665,"Serranidae","Plectropomus","maculatus",1,447.312,0.754,2.605,942.886,"A3HIGH 14","Brigit Vaughan","NWSS Seismic2"
10666,"Lethrinidae","Lethrinus","punctulatus",1,311.8,2.346,3.385,1515.759,"A3HIGH 15","Brigit Vaughan","NWSS Seismic2"
10666,"Lethrinidae","Lethrinus","punctulatus",1,311.864,2.253,3.827,1526.704,"A3HIGH 15","Brigit Vaughan","NWSS Seismic2"
10666,"Lethrinidae","Lethrinus","punctulatus",1,333.156,1.771,0.429,1550.716,"A3HIGH 15","Brigit Vaughan","NWSS Seismic2"
10666,"Lethrinidae","Lethrinus","punctulatus",1,334.356,2.909,1.211,1849.343,"A3HIGH 15","Brigit Vaughan","NWSS Seismic2"
10666,"Lutjanidae","Lutjanus","sebae",1,298.288,1.282,1.657,1189.94,"A3HIGH 15","Brigit Vaughan","NWSS Seismic2"
10666,"Lutjanidae","Lutjanus","sebae",1,319.019,0.673,6.035,895.457,"A3HIGH 15","Brigit Vaughan","NWSS Seismic2"
10666,"Lutjanidae","Lutjanus","sebae",1,319.691,1.263,9.833,1470.693,"A3HIGH 15","Brigit Vaughan","NWSS Seismic2"
10666,"Lutjanidae","Lutjanus","sebae",1,379.693,1.452,3.539,1353.726,"A3HIGH 15","Brigit Vaughan","NWSS Seismic2"
10666,"Lutjanidae","Lutjanus","sebae",1,517.373,0.704,3.866,888.673,"A3HIGH 15","Brigit Vaughan","NWSS Seismic2"
10666,"Lutjanidae","Lutjanus","sebae",1,518.263,1.006,6.051,1055.546,"A3HIGH 15","Brigit Vaughan","NWSS Seismic2"
10666,"Lutjanidae","Lutjanus","vitta",1,361.682,3.571,6.37,1813.836,"A3HIGH 15","Brigit Vaughan","NWSS Seismic2"
10666,"Serranidae","Epinephelus","areolatus",1,354.332,10.987,6.385,2879.901,"A3HIGH 15","Brigit Vaughan","NWSS Seismic2"
10668,"Lethrinidae","Lethrinus","punctulatus",1,248.998,2.029,4.898,1803.017,"A3HIGH 17","Brigit Vaughan","NWSS Seismic2"
10668,"Lethrinidae","Lethrinus","punctulatus",1,265.33,0.893,4.713,1153.675,"A3HIGH 17","Brigit Vaughan","NWSS Seismic2"
10668,"Lethrinidae","Lethrinus","punctulatus",1,266.77,0.671,1.634,889.625,"A3HIGH 17","Brigit Vaughan","NWSS Seismic2"
10668,"Lethrinidae","Lethrinus","punctulatus",1,268.672,1.337,2.575,1123.33,"A3HIGH 17","Brigit Vaughan","NWSS Seismic2"
10668,"Lethrinidae","Lethrinus","punctulatus",1,271.04,1.346,2.715,1131.526,"A3HIGH 17","Brigit Vaughan","NWSS Seismic2"
10668,"Lethrinidae","Lethrinus","punctulatus",1,275.292,3.875,4.918,2115.732,"A3HIGH 17","Brigit Vaughan","NWSS Seismic2"
10668,"Lethrinidae","Lethrinus","punctulatus",1,289.773,1.389,3.254,1227.944,"A3HIGH 17","Brigit Vaughan","NWSS Seismic2"
10668,"Lethrinidae","Lethrinus","punctulatus",1,289.834,1.396,2.462,1242.792,"A3HIGH 17","Brigit Vaughan","NWSS Seismic2"
10668,"Lethrinidae","Lethrinus","punctulatus",1,293.643,0.874,3.908,1165.054,"A3HIGH 17","Brigit Vaughan","NWSS Seismic2"
10668,"Lethrinidae","Lethrinus","punctulatus",1,293.667,1.491,2.055,1302.015,"A3HIGH 17","Brigit Vaughan","NWSS Seismic2"
10668,"Lethrinidae","Lethrinus","punctulatus",1,297.621,1.196,4.75,1122.788,"A3HIGH 17","Brigit Vaughan","NWSS Seismic2"
10668,"Lethrinidae","Lethrinus","punctulatus",1,298.192,1.294,3.573,1088.907,"A3HIGH 17","Brigit Vaughan","NWSS Seismic2"
10668,"Lethrinidae","Lethrinus","punctulatus",1,298.782,1.585,3.27,1154.367,"A3HIGH 17","Brigit Vaughan","NWSS Seismic2"
10668,"Lethrinidae","Lethrinus","punctulatus",1,304.239,3.32,0.983,2073.288,"A3HIGH 17","Brigit Vaughan","NWSS Seismic2"
10668,"Lethrinidae","Lethrinus","punctulatus",1,304.777,1.909,5.749,1343.503,"A3HIGH 17","Brigit Vaughan","NWSS Seismic2"
10668,"Lethrinidae","Lethrinus","punctulatus",1,306.42,1.33,1.103,1111.602,"A3HIGH 17","Brigit Vaughan","NWSS Seismic2"
10668,"Lethrinidae","Lethrinus","punctulatus",1,306.947,1.984,3.648,1678.041,"A3HIGH 17","Brigit Vaughan","NWSS Seismic2"
10668,"Lethrinidae","Lethrinus","punctulatus",1,317.3,2.434,2.578,1756.345,"A3HIGH 17","Brigit Vaughan","NWSS Seismic2"
10668,"Lethrinidae","Lethrinus","punctulatus",1,317.385,1.345,0.774,1015.936,"A3HIGH 17","Brigit Vaughan","NWSS Seismic2"
10668,"Lutjanidae","Lutjanus","sebae",1,365.406,1.22,2.362,1055.312,"A3HIGH 17","Brigit Vaughan","NWSS Seismic2"
10668,"Lutjanidae","Lutjanus","sebae",1,370.372,3.301,2.337,1743.934,"A3HIGH 17","Brigit Vaughan","NWSS Seismic2"
10668,"Lutjanidae","Lutjanus","sebae",1,395.31,2.973,1.588,2117.291,"A3HIGH 17","Brigit Vaughan","NWSS Seismic2"
10668,"Lutjanidae","Lutjanus","sebae",1,399.375,1.901,2.054,1411.513,"A3HIGH 17","Brigit Vaughan","NWSS Seismic2"
10668,"Lutjanidae","Lutjanus","sebae",1,410.191,1.032,0.957,1171.714,"A3HIGH 17","Brigit Vaughan","NWSS Seismic2"
10668,"Lutjanidae","Lutjanus","sebae",1,411.716,1.104,4.042,1333.182,"A3HIGH 17","Brigit Vaughan","NWSS Seismic2"
10668,"Lutjanidae","Lutjanus","sebae",1,442.732,0.996,4.132,1125.772,"A3HIGH 17","Brigit Vaughan","NWSS Seismic2"
10668,"Lutjanidae","Lutjanus","sebae",1,455.498,1.02,4.708,1175.149,"A3HIGH 17","Brigit Vaughan","NWSS Seismic2"
10668,"Lutjanidae","Lutjanus","sebae",1,460.416,2.583,1.912,1861.822,"A3HIGH 17","Brigit Vaughan","NWSS Seismic2"
10668,"Lutjanidae","Lutjanus","sebae",1,509.127,1.029,6.705,1259.989,"A3HIGH 17","Brigit Vaughan","NWSS Seismic2"
10668,"Lutjanidae","Lutjanus","sebae",1,534.306,2.931,4.062,1462.094,"A3HIGH 17","Brigit Vaughan","NWSS Seismic2"
10668,"Lutjanidae","Lutjanus","vitta",1,259.315,0.775,3.993,829.195,"A3HIGH 17","Brigit Vaughan","NWSS Seismic2"
10668,"Lutjanidae","Lutjanus","vitta",1,275.898,3.62,8.164,2083.019,"A3HIGH 17","Brigit Vaughan","NWSS Seismic2"
10668,"Lutjanidae","Lutjanus","vitta",1,284.45,3.966,6.341,1802.924,"A3HIGH 17","Brigit Vaughan","NWSS Seismic2"
10668,"Lutjanidae","Lutjanus","vitta",1,286.308,1.583,9.716,1271.377,"A3HIGH 17","Brigit Vaughan","NWSS Seismic2"
10668,"Lutjanidae","Lutjanus","vitta",1,293.052,2.965,6.251,1790.737,"A3HIGH 17","Brigit Vaughan","NWSS Seismic2"
10668,"Lutjanidae","Lutjanus","vitta",1,295.19,1.635,1.1,1460.469,"A3HIGH 17","Brigit Vaughan","NWSS Seismic2"
10668,"Lutjanidae","Lutjanus","vitta",1,296.994,1.112,1.736,1072.701,"A3HIGH 17","Brigit Vaughan","NWSS Seismic2"
10668,"Lutjanidae","Lutjanus","vitta",1,297.593,0.916,3.025,968.869,"A3HIGH 17","Brigit Vaughan","NWSS Seismic2"
10668,"Lutjanidae","Lutjanus","vitta",1,301.479,0.774,1.889,942.83,"A3HIGH 17","Brigit Vaughan","NWSS Seismic2"
10668,"Lutjanidae","Lutjanus","vitta",1,303.925,4.479,11.098,1902.641,"A3HIGH 17","Brigit Vaughan","NWSS Seismic2"
10668,"Lutjanidae","Lutjanus","vitta",1,316.642,2.252,5.671,1610.812,"A3HIGH 17","Brigit Vaughan","NWSS Seismic2"
10668,"Lutjanidae","Lutjanus","vitta",1,316.699,1.471,4.37,1301.278,"A3HIGH 17","Brigit Vaughan","NWSS Seismic2"
10668,"Serranidae","Epinephelus","rankini",1,629.269,2.99,9.542,1742.604,"A3HIGH 17","Brigit Vaughan","NWSS Seismic2"
10668,"Serranidae","Plectropomus","maculatus",1,440.401,6.551,11.737,3376.497,"A3HIGH 17","Brigit Vaughan","NWSS Seismic2"
10668,"Serranidae","Plectropomus","maculatus",1,605.397,9.025,4.663,4813.385,"A3HIGH 17","Brigit Vaughan","NWSS Seismic2"
10679,"Lethrinidae","Lethrinus","punctulatus",1,297.78,0.972,6.021,854.192,"A3HIGH 28","Katherine Cure","NWSS Seismic2"
10694,"Lethrinidae","Lethrinus","punctulatus",1,263.669,2.375,3.047,2896.224,"A3MEDIUMA 1","Brigit Vaughan","NWSS Seismic2"
10694,"Lethrinidae","Lethrinus","punctulatus",1,270.401,3.561,4.243,1557.663,"A3MEDIUMA 1","Brigit Vaughan","NWSS Seismic2"
10694,"Lethrinidae","Lethrinus","punctulatus",1,271.424,1.36,1.072,1679.698,"A3MEDIUMA 1","Brigit Vaughan","NWSS Seismic2"
10694,"Lethrinidae","Lethrinus","punctulatus",1,278.388,5.262,2.205,2144.006,"A3MEDIUMA 1","Brigit Vaughan","NWSS Seismic2"
10694,"Lethrinidae","Lethrinus","punctulatus",1,279.417,1.36,1.832,1618.188,"A3MEDIUMA 1","Brigit Vaughan","NWSS Seismic2"
10694,"Lethrinidae","Lethrinus","punctulatus",1,281.434,4.001,4.262,2674.539,"A3MEDIUMA 1","Brigit Vaughan","NWSS Seismic2"
10694,"Lethrinidae","Lethrinus","punctulatus",1,293.405,3.125,3.561,1885.601,"A3MEDIUMA 1","Brigit Vaughan","NWSS Seismic2"
10694,"Lethrinidae","Lethrinus","punctulatus",1,302.102,1.543,6.768,1915.396,"A3MEDIUMA 1","Brigit Vaughan","NWSS Seismic2"
10694,"Lethrinidae","Lethrinus","punctulatus",1,302.131,1.438,3.783,1863.688,"A3MEDIUMA 1","Brigit Vaughan","NWSS Seismic2"
10694,"Lethrinidae","Lethrinus","punctulatus",1,306.292,7.312,5.249,2755.848,"A3MEDIUMA 1","Brigit Vaughan","NWSS Seismic2"
10694,"Lethrinidae","Lethrinus","punctulatus",1,312.626,2.269,2.027,1866.334,"A3MEDIUMA 1","Brigit Vaughan","NWSS Seismic2"
10694,"Lethrinidae","Lethrinus","punctulatus",1,336.115,1.165,0.597,1381.263,"A3MEDIUMA 1","Brigit Vaughan","NWSS Seismic2"
10694,"Lutjanidae","Lutjanus","sebae",1,328.572,5.267,1.815,1989.767,"A3MEDIUMA 1","Brigit Vaughan","NWSS Seismic2"
10694,"Lutjanidae","Lutjanus","sebae",1,365.492,0.776,3.241,978.842,"A3MEDIUMA 1","Brigit Vaughan","NWSS Seismic2"
10694,"Lutjanidae","Lutjanus","sebae",1,367.097,1.265,6.56,1314.405,"A3MEDIUMA 1","Brigit Vaughan","NWSS Seismic2"
10694,"Lutjanidae","Lutjanus","sebae",1,371.474,2.239,3.727,1344.008,"A3MEDIUMA 1","Brigit Vaughan","NWSS Seismic2"
10694,"Lutjanidae","Lutjanus","sebae",1,378.786,1.776,5.803,1590.421,"A3MEDIUMA 1","Brigit Vaughan","NWSS Seismic2"
10694,"Lutjanidae","Lutjanus","sebae",1,386.492,1.812,1.052,1583.982,"A3MEDIUMA 1","Brigit Vaughan","NWSS Seismic2"
10694,"Lutjanidae","Lutjanus","sebae",1,400.453,1.502,1.948,1320.879,"A3MEDIUMA 1","Brigit Vaughan","NWSS Seismic2"
10694,"Lutjanidae","Lutjanus","sebae",1,422.382,1.019,4.069,1304.479,"A3MEDIUMA 1","Brigit Vaughan","NWSS Seismic2"
10694,"Lutjanidae","Lutjanus","sebae",1,422.854,2.512,2.253,1416.131,"A3MEDIUMA 1","Brigit Vaughan","NWSS Seismic2"
10694,"Lutjanidae","Lutjanus","sebae",1,447.153,1.866,7.231,1245.677,"A3MEDIUMA 1","Brigit Vaughan","NWSS Seismic2"
10694,"Lutjanidae","Lutjanus","sebae",1,453.607,1.27,4.513,1512.453,"A3MEDIUMA 1","Brigit Vaughan","NWSS Seismic2"
10694,"Lutjanidae","Lutjanus","sebae",1,491.969,2.539,5.134,1455.995,"A3MEDIUMA 1","Brigit Vaughan","NWSS Seismic2"
10694,"Lutjanidae","Lutjanus","sebae",1,505.808,1.754,12.234,1375.969,"A3MEDIUMA 1","Brigit Vaughan","NWSS Seismic2"
10694,"Lutjanidae","Lutjanus","sebae",1,513.699,2.8,3.426,2991.879,"A3MEDIUMA 1","Brigit Vaughan","NWSS Seismic2"
10694,"Lutjanidae","Lutjanus","sebae",1,544.474,4.416,5.103,2964.132,"A3MEDIUMA 1","Brigit Vaughan","NWSS Seismic2"
10694,"Lutjanidae","Lutjanus","sebae",1,588.625,4.642,10.406,3143.232,"A3MEDIUMA 1","Brigit Vaughan","NWSS Seismic2"
10694,"Lutjanidae","Lutjanus","vitta",1,299.373,0.62,0.977,784.137,"A3MEDIUMA 1","Brigit Vaughan","NWSS Seismic2"
10694,"Lutjanidae","Lutjanus","vitta",1,306.656,1.56,2.183,1279.69,"A3MEDIUMA 1","Brigit Vaughan","NWSS Seismic2"
10694,"Lutjanidae","Lutjanus","vitta",1,309.156,0.918,0.752,1155.774,"A3MEDIUMA 1","Brigit Vaughan","NWSS Seismic2"
10694,"Lutjanidae","Lutjanus","vitta",1,314.217,0.749,2.46,927.276,"A3MEDIUMA 1","Brigit Vaughan","NWSS Seismic2"
10694,"Lutjanidae","Lutjanus","vitta",1,314.662,0.949,3.923,989.914,"A3MEDIUMA 1","Brigit Vaughan","NWSS Seismic2"
10694,"Lutjanidae","Lutjanus","vitta",1,321.712,0.663,5.231,840.962,"A3MEDIUMA 1","Brigit Vaughan","NWSS Seismic2"
10694,"Lutjanidae","Lutjanus","vitta",1,326.182,2.173,4.778,1537.719,"A3MEDIUMA 1","Brigit Vaughan","NWSS Seismic2"
10694,"Lutjanidae","Lutjanus","vitta",1,327.575,4.2,4.391,2807.188,"A3MEDIUMA 1","Brigit Vaughan","NWSS Seismic2"
10694,"Lutjanidae","Lutjanus","vitta",1,328.938,0.593,2.456,725.62,"A3MEDIUMA 1","Brigit Vaughan","NWSS Seismic2"
10694,"Lutjanidae","Lutjanus","vitta",1,334.694,1.789,1.159,1508.34,"A3MEDIUMA 1","Brigit Vaughan","NWSS Seismic2"
10694,"Lutjanidae","Lutjanus","vitta",1,345.977,1.473,2.543,1319.688,"A3MEDIUMA 1","Brigit Vaughan","NWSS Seismic2"
10694,"Lutjanidae","Lutjanus","vitta",1,355.326,1.419,4.389,1274.866,"A3MEDIUMA 1","Brigit Vaughan","NWSS Seismic2"
10694,"Serranidae","Epinephelus","areolatus",1,353.601,4.547,2.128,2643.332,"A3MEDIUMA 1","Brigit Vaughan","NWSS Seismic2"
10694,"Serranidae","Epinephelus","areolatus",1,354.357,11.742,3.117,2876.795,"A3MEDIUMA 1","Brigit Vaughan","NWSS Seismic2"
10694,"Serranidae","Epinephelus","areolatus",1,358.939,9.955,5.619,3266.931,"A3MEDIUMA 1","Brigit Vaughan","NWSS Seismic2"
10694,"Serranidae","Epinephelus","rankini",1,579.078,4.199,4.463,4360.73,"A3MEDIUMA 1","Brigit Vaughan","NWSS Seismic2"
10694,"Serranidae","Epinephelus","rankini",1,596.735,16.254,5.562,3965.852,"A3MEDIUMA 1","Brigit Vaughan","NWSS Seismic2"
10694,"Serranidae","Epinephelus","rankini",1,619.986,5.831,7.479,3899.763,"A3MEDIUMA 1","Brigit Vaughan","NWSS Seismic2"
10694,"Serranidae","Epinephelus","rankini",1,677.871,14.597,3.839,4823.474,"A3MEDIUMA 1","Brigit Vaughan","NWSS Seismic2"
10694,"Serranidae","Epinephelus","rankini",1,693.962,17.339,12.606,4261.196,"A3MEDIUMA 1","Brigit Vaughan","NWSS Seismic2"
10694,"Serranidae","Plectropomus","maculatus",1,392.991,5.506,5.68,4820.743,"A3MEDIUMA 1","Brigit Vaughan","NWSS Seismic2"
10694,"Serranidae","Plectropomus","maculatus",1,439.539,6.128,5.761,2283.39,"A3MEDIUMA 1","Brigit Vaughan","NWSS Seismic2"
10694,"Serranidae","Plectropomus","maculatus",1,616.934,5.949,9.068,3498.8,"A3MEDIUMA 1","Brigit Vaughan","NWSS Seismic2"
10695,"Lutjanidae","Lutjanus","sebae",1,515.236,1.997,4.527,1263.86,"A3MEDIUMA 2","Brigit Vaughan","NWSS Seismic2"
10696,"Lethrinidae","Lethrinus","punctulatus",1,241.837,4.228,4.417,3545.887,"A3MEDIUMA 3","Brigit Vaughan","NWSS Seismic2"
10696,"Lethrinidae","Lethrinus","punctulatus",1,254.728,2.649,5.508,3150.176,"A3MEDIUMA 3","Brigit Vaughan","NWSS Seismic2"
10696,"Lethrinidae","Lethrinus","punctulatus",1,255.71,1.264,4.486,1684.414,"A3MEDIUMA 3","Brigit Vaughan","NWSS Seismic2"
10696,"Lethrinidae","Lethrinus","punctulatus",1,263.405,1.437,3.656,1819.188,"A3MEDIUMA 3","Brigit Vaughan","NWSS Seismic2"
10696,"Lethrinidae","Lethrinus","punctulatus",1,276.885,3.767,1.633,1887.66,"A3MEDIUMA 3","Brigit Vaughan","NWSS Seismic2"
10696,"Lethrinidae","Lethrinus","punctulatus",1,311.74,3.222,1.927,1573.659,"A3MEDIUMA 3","Brigit Vaughan","NWSS Seismic2"
10696,"Lethrinidae","Lethrinus","punctulatus",1,322.524,2.11,9.191,1652.833,"A3MEDIUMA 3","Brigit Vaughan","NWSS Seismic2"
10696,"Lutjanidae","Lutjanus","sebae",1,506.329,5.887,1.806,3703.292,"A3MEDIUMA 3","Brigit Vaughan","NWSS Seismic2"
10696,"Lutjanidae","Lutjanus","sebae",1,531.352,1.81,6.704,2070.335,"A3MEDIUMA 3","Brigit Vaughan","NWSS Seismic2"
10696,"Lutjanidae","Lutjanus","vitta",1,330.067,0.995,3.998,1130.874,"A3MEDIUMA 3","Brigit Vaughan","NWSS Seismic2"
10696,"Serranidae","Epinephelus","areolatus",1,275.573,4.265,3.453,2118.981,"A3MEDIUMA 3","Brigit Vaughan","NWSS Seismic2"
10696,"Serranidae","Epinephelus","rankini",1,631.805,1.258,2.371,1395.783,"A3MEDIUMA 3","Brigit Vaughan","NWSS Seismic2"
10696,"Serranidae","Plectropomus","maculatus",1,479.273,3.742,4.954,3385.884,"A3MEDIUMA 3","Brigit Vaughan","NWSS Seismic2"
10696,"Serranidae","Plectropomus","maculatus",1,600.479,5.549,5.292,2226.257,"A3MEDIUMA 3","Brigit Vaughan","NWSS Seismic2"
10697,"Lutjanidae","Lutjanus","vitta",1,343.682,0.84,3.82,1020.618,"A3MEDIUMA 4","Brigit Vaughan","NWSS Seismic2"
10702,"Lethrinidae","Lethrinus","punctulatus",1,249.56,4.264,7.479,2099.743,"A3MEDIUMA 9","Brigit Vaughan","NWSS Seismic2"
10702,"Lethrinidae","Lethrinus","punctulatus",1,278.452,3.461,6.08,2080.02,"A3MEDIUMA 9","Brigit Vaughan","NWSS Seismic2"
10702,"Lethrinidae","Lethrinus","punctulatus",1,303.06,3.101,3.969,1514.298,"A3MEDIUMA 9","Brigit Vaughan","NWSS Seismic2"
10702,"Lethrinidae","Lethrinus","punctulatus",1,303.125,0.529,6.983,673.871,"A3MEDIUMA 9","Brigit Vaughan","NWSS Seismic2"
10702,"Lethrinidae","Lethrinus","punctulatus",1,330.536,4.543,4.852,1692.323,"A3MEDIUMA 9","Brigit Vaughan","NWSS Seismic2"
10702,"Lethrinidae","Lethrinus","punctulatus",1,343.645,5.468,13.4,2426.346,"A3MEDIUMA 9","Brigit Vaughan","NWSS Seismic2"
10702,"Lutjanidae","Lutjanus","sebae",1,510.454,1.802,3.341,1523.357,"A3MEDIUMA 9","Brigit Vaughan","NWSS Seismic2"
10702,"Lutjanidae","Lutjanus","sebae",1,656.804,3.527,10.997,1925.631,"A3MEDIUMA 9","Brigit Vaughan","NWSS Seismic2"
10702,"Lutjanidae","Lutjanus","vitta",1,317.665,0.907,7.663,1061.051,"A3MEDIUMA 9","Brigit Vaughan","NWSS Seismic2"
10702,"Lutjanidae","Lutjanus","vitta",1,328.799,1.588,5.648,1532.044,"A3MEDIUMA 9","Brigit Vaughan","NWSS Seismic2"
10702,"Lutjanidae","Lutjanus","vitta",1,356.396,2.51,5.687,1610.021,"A3MEDIUMA 9","Brigit Vaughan","NWSS Seismic2"
10702,"Serranidae","Epinephelus","areolatus",1,336.844,1.409,2.731,1418.492,"A3MEDIUMA 9","Brigit Vaughan","NWSS Seismic2"
10702,"Serranidae","Epinephelus","rankini",1,570.459,2.766,6.421,1560.548,"A3MEDIUMA 9","Brigit Vaughan","NWSS Seismic2"
10702,"Serranidae","Epinephelus","rankini",1,610.348,2.345,4.487,1276.776,"A3MEDIUMA 9","Brigit Vaughan","NWSS Seismic2"
10702,"Serranidae","Plectropomus","maculatus",1,487.17,2.825,3.573,1646.998,"A3MEDIUMA 9","Brigit Vaughan","NWSS Seismic2"
10702,"Serranidae","Plectropomus","maculatus",1,544.137,3.407,5.01,2340.259,"A3MEDIUMA 9","Brigit Vaughan","NWSS Seismic2"
10705,"Lethrinidae","Lethrinus","punctulatus",1,289.937,0.869,3.366,1150.553,"A3MEDIUMA 13","Brigit Vaughan","NWSS Seismic2"
10705,"Lethrinidae","Lethrinus","punctulatus",1,292.608,5.344,5.51,2514.231,"A3MEDIUMA 13","Brigit Vaughan","NWSS Seismic2"
10705,"Lethrinidae","Lethrinus","punctulatus",1,306.809,1.201,4.027,1554.946,"A3MEDIUMA 13","Brigit Vaughan","NWSS Seismic2"
10705,"Lethrinidae","Lethrinus","punctulatus",1,310.229,3.489,9.967,2653.389,"A3MEDIUMA 13","Brigit Vaughan","NWSS Seismic2"
10705,"Lutjanidae","Lutjanus","vitta",1,335.351,0.955,2.224,1030.14,"A3MEDIUMA 13","Brigit Vaughan","NWSS Seismic2"
10705,"Serranidae","Plectropomus","maculatus",1,552.953,1.218,3.349,1283.186,"A3MEDIUMA 13","Brigit Vaughan","NWSS Seismic2"
10705,"Serranidae","Plectropomus","maculatus",1,554.329,2.82,5.74,2195.168,"A3MEDIUMA 13","Brigit Vaughan","NWSS Seismic2"
10706,"Lethrinidae","Lethrinus","punctulatus",1,263.425,3.87,2.574,2055.458,"A3MEDIUMA 14","Brigit Vaughan","NWSS Seismic2"
10706,"Lethrinidae","Lethrinus","punctulatus",1,300.154,1.553,3.048,1724.272,"A3MEDIUMA 14","Brigit Vaughan","NWSS Seismic2"
10706,"Lethrinidae","Lethrinus","punctulatus",1,324.89,0.949,1.898,906.142,"A3MEDIUMA 14","Brigit Vaughan","NWSS Seismic2"
10707,"Lethrinidae","Lethrinus","punctulatus",1,201.725,1.286,1.805,1383.585,"A3MEDIUMA 16","Brigit Vaughan","NWSS Seismic2"
10707,"Lethrinidae","Lethrinus","punctulatus",1,246.747,2.283,4.026,1828.991,"A3MEDIUMA 16","Brigit Vaughan","NWSS Seismic2"
10707,"Lethrinidae","Lethrinus","punctulatus",1,273.919,1.624,1.238,1398.293,"A3MEDIUMA 16","Brigit Vaughan","NWSS Seismic2"
10707,"Lutjanidae","Lutjanus","sebae",1,563.21,1.559,3.033,1384.56,"A3MEDIUMA 16","Brigit Vaughan","NWSS Seismic2"
10708,"Lethrinidae","Lethrinus","punctulatus",1,304.022,1.307,4.368,1310.113,"A3MEDIUMA 15","Brigit Vaughan","NWSS Seismic2"
10708,"Lutjanidae","Lutjanus","sebae",1,459.329,0.988,2.352,941.049,"A3MEDIUMA 15","Brigit Vaughan","NWSS Seismic2"
10709,"Lethrinidae","Lethrinus","punctulatus",1,337.513,1.323,3.332,1134.436,"A3MEDIUMA 11","Brigit Vaughan","NWSS Seismic2"
10709,"Lethrinidae","Lethrinus","punctulatus",1,346.905,5.604,4.598,2944.953,"A3MEDIUMA 11","Brigit Vaughan","NWSS Seismic2"
10710,"Lutjanidae","Lutjanus","sebae",1,611.016,5.944,5.762,2008.181,"A3MEDIUMA 17","Brigit Vaughan","NWSS Seismic2"
10710,"Lutjanidae","Lutjanus","vitta",1,281.978,0.988,2.99,891.308,"A3MEDIUMA 17","Brigit Vaughan","NWSS Seismic2"
10710,"Lutjanidae","Lutjanus","vitta",1,288.821,1.63,4.11,1331.22,"A3MEDIUMA 17","Brigit Vaughan","NWSS Seismic2"
10710,"Lutjanidae","Lutjanus","vitta",1,288.879,1.488,3.093,1095.029,"A3MEDIUMA 17","Brigit Vaughan","NWSS Seismic2"
10710,"Lutjanidae","Lutjanus","vitta",1,295.135,0.786,2.304,859.668,"A3MEDIUMA 17","Brigit Vaughan","NWSS Seismic2"
10710,"Lutjanidae","Lutjanus","vitta",1,296.663,1.203,2.327,1242.799,"A3MEDIUMA 17","Brigit Vaughan","NWSS Seismic2"
10710,"Lutjanidae","Lutjanus","vitta",1,298.029,1.04,1.826,1037.507,"A3MEDIUMA 17","Brigit Vaughan","NWSS Seismic2"
10710,"Lutjanidae","Lutjanus","vitta",1,299.327,2.385,4.391,1832.944,"A3MEDIUMA 17","Brigit Vaughan","NWSS Seismic2"
10710,"Lutjanidae","Lutjanus","vitta",1,299.697,1.12,1.126,976.59,"A3MEDIUMA 17","Brigit Vaughan","NWSS Seismic2"
10710,"Lutjanidae","Lutjanus","vitta",1,301.355,1.833,3.238,1221.891,"A3MEDIUMA 17","Brigit Vaughan","NWSS Seismic2"
10710,"Lutjanidae","Lutjanus","vitta",1,302.131,1.516,1.367,1450.258,"A3MEDIUMA 17","Brigit Vaughan","NWSS Seismic2"
10710,"Lutjanidae","Lutjanus","vitta",1,312.755,0.852,4.383,1022.412,"A3MEDIUMA 17","Brigit Vaughan","NWSS Seismic2"
10710,"Lutjanidae","Lutjanus","vitta",1,316.505,0.994,3.216,1198.851,"A3MEDIUMA 17","Brigit Vaughan","NWSS Seismic2"
10710,"Lutjanidae","Lutjanus","vitta",1,316.942,3.153,8.379,1804.352,"A3MEDIUMA 17","Brigit Vaughan","NWSS Seismic2"
10710,"Lutjanidae","Lutjanus","vitta",1,323.786,0.975,3.99,1148.432,"A3MEDIUMA 17","Brigit Vaughan","NWSS Seismic2"
10710,"Lutjanidae","Lutjanus","vitta",1,330.15,0.786,7.04,1012.181,"A3MEDIUMA 17","Brigit Vaughan","NWSS Seismic2"
10710,"Lutjanidae","Lutjanus","vitta",1,339.042,0.821,5.096,1045.396,"A3MEDIUMA 17","Brigit Vaughan","NWSS Seismic2"
10710,"Lutjanidae","Lutjanus","vitta",1,348.737,2.685,7.155,1384.569,"A3MEDIUMA 17","Brigit Vaughan","NWSS Seismic2"
10710,"Serranidae","Epinephelus","rankini",1,401.674,0.869,2.201,1073.427,"A3MEDIUMA 17","Brigit Vaughan","NWSS Seismic2"
10712,"Serranidae","Epinephelus","areolatus",1,137.35,2.165,2.926,1227.082,"A3MEDIUMA 19","Brigit Vaughan","NWSS Seismic2"
10712,"Serranidae","Epinephelus","areolatus",1,145.015,0.642,11.266,844.33,"A3MEDIUMA 19","Brigit Vaughan","NWSS Seismic2"
10712,"Serranidae","Epinephelus","areolatus",1,214.287,0.666,1.683,853.022,"A3MEDIUMA 19","Brigit Vaughan","NWSS Seismic2"
10712,"Serranidae","Epinephelus","areolatus",1,215.736,0.7,18.158,920.308,"A3MEDIUMA 19","Brigit Vaughan","NWSS Seismic2"
10712,"Serranidae","Epinephelus","areolatus",1,223.549,0.843,2.891,846.167,"A3MEDIUMA 19","Brigit Vaughan","NWSS Seismic2"
10712,"Serranidae","Epinephelus","areolatus",1,236.54,0.854,4.827,1000.339,"A3MEDIUMA 19","Brigit Vaughan","NWSS Seismic2"
10712,"Serranidae","Epinephelus","areolatus",1,236.905,0.853,2.841,1027.855,"A3MEDIUMA 19","Brigit Vaughan","NWSS Seismic2"
10712,"Serranidae","Epinephelus","areolatus",1,248.915,0.821,10.589,1101.449,"A3MEDIUMA 19","Brigit Vaughan","NWSS Seismic2"
10727,"Lutjanidae","Lutjanus","sebae",1,338.36,4.76,1.815,2246.035,"A3MEDIUMA 34","Brigit Vaughan","NWSS Seismic2"
10727,"Lutjanidae","Lutjanus","sebae",1,401.214,1.088,2.309,1266.534,"A3MEDIUMA 34","Brigit Vaughan","NWSS Seismic2"
10727,"Lutjanidae","Lutjanus","sebae",1,421.202,1.721,17.654,1274.901,"A3MEDIUMA 34","Brigit Vaughan","NWSS Seismic2"
10727,"Lutjanidae","Lutjanus","sebae",1,433.378,1.73,1.891,1714.266,"A3MEDIUMA 34","Brigit Vaughan","NWSS Seismic2"
10727,"Lutjanidae","Lutjanus","sebae",1,438.359,2.735,0.29,1401.185,"A3MEDIUMA 34","Brigit Vaughan","NWSS Seismic2"
10727,"Lutjanidae","Lutjanus","sebae",1,444.651,2.248,4.147,1457.013,"A3MEDIUMA 34","Brigit Vaughan","NWSS Seismic2"
10727,"Lutjanidae","Lutjanus","sebae",1,445.824,1.342,1.451,1159.041,"A3MEDIUMA 34","Brigit Vaughan","NWSS Seismic2"
10727,"Lutjanidae","Lutjanus","sebae",1,447.612,1.174,2.397,1346.111,"A3MEDIUMA 34","Brigit Vaughan","NWSS Seismic2"
10727,"Lutjanidae","Lutjanus","sebae",1,450.086,1.012,1.96,1265.789,"A3MEDIUMA 34","Brigit Vaughan","NWSS Seismic2"
10727,"Lutjanidae","Lutjanus","sebae",1,455.62,1.243,1.941,996.55,"A3MEDIUMA 34","Brigit Vaughan","NWSS Seismic2"
10727,"Lutjanidae","Lutjanus","sebae",1,458.327,1.441,10.508,1432.992,"A3MEDIUMA 34","Brigit Vaughan","NWSS Seismic2"
10727,"Lutjanidae","Lutjanus","sebae",1,461.933,2.55,2.318,1537.13,"A3MEDIUMA 34","Brigit Vaughan","NWSS Seismic2"
10727,"Lutjanidae","Lutjanus","sebae",1,466.761,1.095,2.475,1219.283,"A3MEDIUMA 34","Brigit Vaughan","NWSS Seismic2"
10727,"Lutjanidae","Lutjanus","sebae",1,487.5,1.2,16.242,1229.193,"A3MEDIUMA 34","Brigit Vaughan","NWSS Seismic2"
10727,"Lutjanidae","Lutjanus","sebae",1,488.603,2.002,2.1,1290.528,"A3MEDIUMA 34","Brigit Vaughan","NWSS Seismic2"
10727,"Lutjanidae","Lutjanus","sebae",1,503.027,2.238,6.025,1799.781,"A3MEDIUMA 34","Brigit Vaughan","NWSS Seismic2"
10727,"Lutjanidae","Lutjanus","sebae",1,506.49,0.875,2.653,1059.82,"A3MEDIUMA 34","Brigit Vaughan","NWSS Seismic2"
10727,"Lutjanidae","Lutjanus","sebae",1,511.538,2.478,2.32,1482.53,"A3MEDIUMA 34","Brigit Vaughan","NWSS Seismic2"
10727,"Lutjanidae","Lutjanus","sebae",1,525.971,1.597,4.843,1365.791,"A3MEDIUMA 34","Brigit Vaughan","NWSS Seismic2"
10727,"Lutjanidae","Lutjanus","sebae",1,582.357,5.109,1.642,1739.003,"A3MEDIUMA 34","Brigit Vaughan","NWSS Seismic2"
10727,"Lutjanidae","Lutjanus","vitta",1,268.54,3.972,2.41,2208.083,"A3MEDIUMA 34","Brigit Vaughan","NWSS Seismic2"
10727,"Lutjanidae","Lutjanus","vitta",1,286.391,3.759,0.546,2338.4,"A3MEDIUMA 34","Brigit Vaughan","NWSS Seismic2"
10727,"Lutjanidae","Lutjanus","vitta",1,286.998,4.112,1.271,2332.094,"A3MEDIUMA 34","Brigit Vaughan","NWSS Seismic2"
10727,"Lutjanidae","Lutjanus","vitta",1,297.158,10.064,5.513,3069.666,"A3MEDIUMA 34","Brigit Vaughan","NWSS Seismic2"
10727,"Lutjanidae","Lutjanus","vitta",1,302.141,2.913,5.116,2043.621,"A3MEDIUMA 34","Brigit Vaughan","NWSS Seismic2"
10727,"Serranidae","Epinephelus","rankini",1,589.851,2.12,1.715,2490.285,"A3MEDIUMA 34","Brigit Vaughan","NWSS Seismic2"
10727,"Serranidae","Epinephelus","rankini",1,665.29,1.68,1.654,1734.299,"A3MEDIUMA 34","Brigit Vaughan","NWSS Seismic2"
10728,"Lethrinidae","Lethrinus","punctulatus",1,347.198,5.825,5.047,2265.926,"A3MEDIUMA 35","Brigit Vaughan","NWSS Seismic2"
10728,"Lutjanidae","Lutjanus","sebae",1,281.082,1.93,1.275,1735.758,"A3MEDIUMA 35","Brigit Vaughan","NWSS Seismic2"
10728,"Lutjanidae","Lutjanus","sebae",1,428.386,3.897,0.663,2212.857,"A3MEDIUMA 35","Brigit Vaughan","NWSS Seismic2"
10728,"Lutjanidae","Lutjanus","sebae",1,428.567,10.456,3.197,2765.38,"A3MEDIUMA 35","Brigit Vaughan","NWSS Seismic2"
10728,"Lutjanidae","Lutjanus","sebae",1,429.457,2.468,1.663,1857.49,"A3MEDIUMA 35","Brigit Vaughan","NWSS Seismic2"
10728,"Lutjanidae","Lutjanus","sebae",1,438.051,1.072,5.699,989.389,"A3MEDIUMA 35","Brigit Vaughan","NWSS Seismic2"
10728,"Lutjanidae","Lutjanus","sebae",1,439.428,3.253,1.653,1868.262,"A3MEDIUMA 35","Brigit Vaughan","NWSS Seismic2"
10728,"Lutjanidae","Lutjanus","sebae",1,458.509,10.349,5.575,2982.153,"A3MEDIUMA 35","Brigit Vaughan","NWSS Seismic2"
10728,"Lutjanidae","Lutjanus","sebae",1,458.547,1.819,6.498,1701.676,"A3MEDIUMA 35","Brigit Vaughan","NWSS Seismic2"
10728,"Lutjanidae","Lutjanus","sebae",1,473.28,16.051,4.96,3347.291,"A3MEDIUMA 35","Brigit Vaughan","NWSS Seismic2"
10728,"Lutjanidae","Lutjanus","sebae",1,473.584,4.865,5.072,2153.111,"A3MEDIUMA 35","Brigit Vaughan","NWSS Seismic2"
10728,"Lutjanidae","Lutjanus","sebae",1,493.532,1.253,6.551,1325.755,"A3MEDIUMA 35","Brigit Vaughan","NWSS Seismic2"
10728,"Lutjanidae","Lutjanus","sebae",1,493.945,5.791,7.495,3111.794,"A3MEDIUMA 35","Brigit Vaughan","NWSS Seismic2"
10728,"Lutjanidae","Lutjanus","sebae",1,497.643,9.384,8.687,3511.212,"A3MEDIUMA 35","Brigit Vaughan","NWSS Seismic2"
10728,"Lutjanidae","Lutjanus","sebae",1,498.05,4.322,4.67,2386.315,"A3MEDIUMA 35","Brigit Vaughan","NWSS Seismic2"
10728,"Lutjanidae","Lutjanus","sebae",1,499.591,2.534,4.074,1980.381,"A3MEDIUMA 35","Brigit Vaughan","NWSS Seismic2"
10728,"Lutjanidae","Lutjanus","sebae",1,499.809,1.369,3.308,1680.821,"A3MEDIUMA 35","Brigit Vaughan","NWSS Seismic2"
10728,"Lutjanidae","Lutjanus","sebae",1,507.809,3.357,7.776,2168.842,"A3MEDIUMA 35","Brigit Vaughan","NWSS Seismic2"
10728,"Lutjanidae","Lutjanus","sebae",1,510.312,4.029,2.949,2163.087,"A3MEDIUMA 35","Brigit Vaughan","NWSS Seismic2"
10728,"Lutjanidae","Lutjanus","sebae",1,513.319,2.659,4.302,1442.227,"A3MEDIUMA 35","Brigit Vaughan","NWSS Seismic2"
10728,"Lutjanidae","Lutjanus","sebae",1,513.425,17.003,5.258,3880.24,"A3MEDIUMA 35","Brigit Vaughan","NWSS Seismic2"
10728,"Lutjanidae","Lutjanus","sebae",1,513.804,3.854,5.151,3230.646,"A3MEDIUMA 35","Brigit Vaughan","NWSS Seismic2"
10728,"Lutjanidae","Lutjanus","sebae",1,535.583,2.299,6.817,1445.628,"A3MEDIUMA 35","Brigit Vaughan","NWSS Seismic2"
10728,"Lutjanidae","Lutjanus","sebae",1,545.397,1.375,8.406,986.532,"A3MEDIUMA 35","Brigit Vaughan","NWSS Seismic2"
10728,"Lutjanidae","Lutjanus","sebae",1,563.311,3.172,4.871,1889.415,"A3MEDIUMA 35","Brigit Vaughan","NWSS Seismic2"
10728,"Lutjanidae","Lutjanus","sebae",1,590.551,3.79,10.191,2437.773,"A3MEDIUMA 35","Brigit Vaughan","NWSS Seismic2"
10728,"Lutjanidae","Lutjanus","sebae",1,669.984,11.153,6.986,2577.575,"A3MEDIUMA 35","Brigit Vaughan","NWSS Seismic2"
10728,"Lutjanidae","Lutjanus","vitta",1,316.105,1.125,1.158,1269.997,"A3MEDIUMA 35","Brigit Vaughan","NWSS Seismic2"
10728,"Lutjanidae","Lutjanus","vitta",1,316.886,1.105,6.31,1325.961,"A3MEDIUMA 35","Brigit Vaughan","NWSS Seismic2"
10728,"Serranidae","Epinephelus","areolatus",1,282.522,5.363,6.58,1824.609,"A3MEDIUMA 35","Brigit Vaughan","NWSS Seismic2"
10728,"Serranidae","Epinephelus","areolatus",1,299.206,4.126,2.239,1768.839,"A3MEDIUMA 35","Brigit Vaughan","NWSS Seismic2"
10728,"Serranidae","Epinephelus","areolatus",1,299.657,14.931,3.919,4341.043,"A3MEDIUMA 35","Brigit Vaughan","NWSS Seismic2"
10728,"Serranidae","Epinephelus","areolatus",1,304.394,4.936,6.062,2343.143,"A3MEDIUMA 35","Brigit Vaughan","NWSS Seismic2"
10728,"Serranidae","Epinephelus","areolatus",1,308.378,1.545,1.289,985.051,"A3MEDIUMA 35","Brigit Vaughan","NWSS Seismic2"
10728,"Serranidae","Epinephelus","areolatus",1,309.781,4.531,2.734,2387.989,"A3MEDIUMA 35","Brigit Vaughan","NWSS Seismic2"
10728,"Serranidae","Epinephelus","areolatus",1,311.59,0.908,4.023,1103.968,"A3MEDIUMA 35","Brigit Vaughan","NWSS Seismic2"
10728,"Serranidae","Epinephelus","areolatus",1,312.026,19.283,5.908,4576.866,"A3MEDIUMA 35","Brigit Vaughan","NWSS Seismic2"
10728,"Serranidae","Epinephelus","areolatus",1,314.204,14.239,9.207,3533.739,"A3MEDIUMA 35","Brigit Vaughan","NWSS Seismic2"
10728,"Serranidae","Epinephelus","areolatus",1,325.294,1.661,4.934,1674.891,"A3MEDIUMA 35","Brigit Vaughan","NWSS Seismic2"
10728,"Serranidae","Epinephelus","areolatus",1,327.574,3.095,7.195,2441.126,"A3MEDIUMA 35","Brigit Vaughan","NWSS Seismic2"
10728,"Serranidae","Plectropomus","maculatus",1,442.028,14.572,1.348,3885.482,"A3MEDIUMA 35","Brigit Vaughan","NWSS Seismic2"
10729,"Lethrinidae","Lethrinus","punctulatus",1,265.437,3.922,2.669,1740.111,"A3MEDIUMA 36","Brigit Vaughan","NWSS Seismic2"
10729,"Lethrinidae","Lethrinus","punctulatus",1,272.432,1.362,3.652,1697.873,"A3MEDIUMA 36","Brigit Vaughan","NWSS Seismic2"
10729,"Lethrinidae","Lethrinus","punctulatus",1,293.612,0.727,3.643,730.722,"A3MEDIUMA 36","Brigit Vaughan","NWSS Seismic2"
10729,"Lutjanidae","Lutjanus","sebae",1,555.302,2.137,3.147,2292.442,"A3MEDIUMA 36","Brigit Vaughan","NWSS Seismic2"
10729,"Lutjanidae","Lutjanus","sebae",1,556.118,1.987,1.436,1559.28,"A3MEDIUMA 36","Brigit Vaughan","NWSS Seismic2"
10729,"Lutjanidae","Lutjanus","vitta",1,261.379,2.657,2.9,1899.82,"A3MEDIUMA 36","Brigit Vaughan","NWSS Seismic2"
10729,"Lutjanidae","Lutjanus","vitta",1,266.327,1.842,11.592,1426.376,"A3MEDIUMA 36","Brigit Vaughan","NWSS Seismic2"
10729,"Lutjanidae","Lutjanus","vitta",1,268.606,1.218,2.385,1513.204,"A3MEDIUMA 36","Brigit Vaughan","NWSS Seismic2"
10729,"Lutjanidae","Lutjanus","vitta",1,277.13,3.626,2.526,2600.636,"A3MEDIUMA 36","Brigit Vaughan","NWSS Seismic2"
10729,"Lutjanidae","Lutjanus","vitta",1,278.7,2.411,4.24,1333.164,"A3MEDIUMA 36","Brigit Vaughan","NWSS Seismic2"
10729,"Lutjanidae","Lutjanus","vitta",1,278.891,0.712,1.597,913.008,"A3MEDIUMA 36","Brigit Vaughan","NWSS Seismic2"
10729,"Lutjanidae","Lutjanus","vitta",1,286.299,3.302,0.176,1580.886,"A3MEDIUMA 36","Brigit Vaughan","NWSS Seismic2"
10729,"Lutjanidae","Lutjanus","vitta",1,286.549,2.094,3.559,1614.195,"A3MEDIUMA 36","Brigit Vaughan","NWSS Seismic2"
10729,"Lutjanidae","Lutjanus","vitta",1,292.757,2.394,0.593,1428.643,"A3MEDIUMA 36","Brigit Vaughan","NWSS Seismic2"
10729,"Lutjanidae","Lutjanus","vitta",1,294.273,2.567,1.939,1288.199,"A3MEDIUMA 36","Brigit Vaughan","NWSS Seismic2"
10729,"Lutjanidae","Lutjanus","vitta",1,295.883,2.338,3.78,1671.512,"A3MEDIUMA 36","Brigit Vaughan","NWSS Seismic2"
10729,"Lutjanidae","Lutjanus","vitta",1,295.885,1.497,2.134,1393.699,"A3MEDIUMA 36","Brigit Vaughan","NWSS Seismic2"
10729,"Lutjanidae","Lutjanus","vitta",1,297.789,3.096,4.661,2013.863,"A3MEDIUMA 36","Brigit Vaughan","NWSS Seismic2"
10729,"Lutjanidae","Lutjanus","vitta",1,300.126,2.405,0.862,1880.466,"A3MEDIUMA 36","Brigit Vaughan","NWSS Seismic2"
10729,"Serranidae","Epinephelus","areolatus",1,292.366,1.657,6.81,1447.242,"A3MEDIUMA 36","Brigit Vaughan","NWSS Seismic2"
10729,"Serranidae","Epinephelus","areolatus",1,299.866,2.255,1.29,1287.851,"A3MEDIUMA 36","Brigit Vaughan","NWSS Seismic2"
10729,"Serranidae","Epinephelus","areolatus",1,313.755,1.171,2.633,1201.762,"A3MEDIUMA 36","Brigit Vaughan","NWSS Seismic2"
10729,"Serranidae","Epinephelus","areolatus",1,328.204,1.218,2.612,1177.506,"A3MEDIUMA 36","Brigit Vaughan","NWSS Seismic2"
10729,"Serranidae","Epinephelus","areolatus",1,328.305,0.736,2.362,861.139,"A3MEDIUMA 36","Brigit Vaughan","NWSS Seismic2"
10729,"Serranidae","Epinephelus","areolatus",1,329.652,7.853,3.457,2309.925,"A3MEDIUMA 36","Brigit Vaughan","NWSS Seismic2"
10729,"Serranidae","Epinephelus","areolatus",1,338.402,1.133,2.214,1214.438,"A3MEDIUMA 36","Brigit Vaughan","NWSS Seismic2"
10729,"Serranidae","Epinephelus","areolatus",1,339.611,7.069,4.106,2040.025,"A3MEDIUMA 36","Brigit Vaughan","NWSS Seismic2"
10729,"Serranidae","Epinephelus","areolatus",1,342.598,2.516,2.118,1430.933,"A3MEDIUMA 36","Brigit Vaughan","NWSS Seismic2"
10729,"Serranidae","Epinephelus","areolatus",1,347.594,2.979,1.672,1451.745,"A3MEDIUMA 36","Brigit Vaughan","NWSS Seismic2"
10729,"Serranidae","Epinephelus","areolatus",1,399.091,1.995,0.843,1285.768,"A3MEDIUMA 36","Brigit Vaughan","NWSS Seismic2"
10729,"Serranidae","Epinephelus","areolatus",1,407.488,2.531,0.873,1450.295,"A3MEDIUMA 36","Brigit Vaughan","NWSS Seismic2"
