"Sample","Family","Genus","Species","Count","Stage","Caabcode"
11162,"Carcharhinidae","Carcharhinus","amblyrhynchos",1,"AD",37018030
11162,"Fistulariidae","Fistularia","commersonii",1,"AD",37278001
11162,"Serranidae","Epinephelus","fuscoguttatus",1,"AD",37311021
11162,"Serranidae","Plectropomus","leopardus",1,"AD",37311078
11162,"Serranidae","Plectropomus","laevis",1,"AD",37311079
11162,"Carangidae","Turrum","gymnostethus",1,"AD",37337022
11162,"Lutjanidae","Aprion","virescens",1,"AD",37346027
11162,"Lutjanidae","Lutjanus","bohar",2,"AD",37346029
11162,"Lutjanidae","Macolor","niger",4,"AD",37346048
11162,"Lethrinidae","Lethrinus","nebulosus",1,"AD",37351008
11162,"Lethrinidae","Lethrinus","atkinsoni",1,"AD",37351013
11162,"Lethrinidae","Lethrinus","obsoletus",1,"AD",37351019
11162,"Lethrinidae","Monotaxis","grandoculis",2,"AD",37351026
11162,"Mullidae","Parupeneus","barberinus",1,"AD",37355022
11162,"Pomacanthidae","Pomacanthus","sexstriatus",1,"AD",37365010
11162,"Chaetodontidae","Chaetodon","auriga",2,"AD",37365019
11162,"Chaetodontidae","Chaetodon","baronessa",2,"AD",37365034
11162,"Labridae","Cheilinus","undulatus",1,"AD",37384038
11162,"Labridae","Halichoeres","prosopeion",1,"AD",37384120
11162,"Labridae","Thalassoma","lunare",1,"AD",37384167
11162,"Labridae","Cetoscarus","ocellatus",2,"AD",37386007
11162,"Acanthuridae","Acanthurus","grammoptilus",1,"AD",37437002
11162,"Acanthuridae","Acanthurus","pyroferus",1,"AD",37437017
11162,"Acanthuridae","Acanthurus","thompsoni",6,"AD",37437018
11162,"Balistidae","Pseudobalistes","fuscus",1,"AD",37465027
11162,"Balistidae","Balistoides","viridescens",1,"AD",37465048
11163,"Serranidae","Plectropomus","leopardus",1,"AD",37311078
11163,"Serranidae","Plectropomus","laevis",1,"AD",37311079
11163,"Carangidae","Craterognathus","plagiotaenia",1,"AD",37337070
11163,"Lutjanidae","Macolor","macularis",1,"JUV",37346047
11163,"Caesionidae","Pterocaesio","marri",80,"AD",37346068
11163,"Nemipteridae","Scolopsis","bilineata",1,"AD",37347031
11163,"Lethrinidae","Monotaxis","grandoculis",1,"AD",37351026
11163,"Mullidae","Parupeneus","multifasciatus",1,"AD",37355026
11163,"Pomacanthidae","Pomacanthus","sexstriatus",2,"AD",37365010
11163,"Pomacanthidae","Pomacanthus","imperator",1,"AD",37365014
11163,"Pomacanthidae","Centropyge","bispinosa",1,"AD",37365023
11163,"Pomacanthidae","Centropyge","vrolikii",1,"AD",37365032
11163,"Chaetodontidae","Chaetodon","kleinii",1,"AD",37365040
11163,"Chaetodontidae","Chaetodon","pelewensis",1,"AD",37365049
11163,"Chaetodontidae","Chaetodon","plebeius",1,"AD",37365050
11163,"Chaetodontidae","Chaetodon","lunulatus",2,"AD",37365059
11163,"Chaetodontidae","Chaetodon","ulietensis",2,"AD",37365060
11163,"Chaetodontidae","Chaetodon","vagabundus",1,"AD",37365062
11163,"Pomacanthidae","Pomacanthus","xanthometopon",1,"AD",37365081
11163,"Pomacanthidae","Pygoplites","diacanthus",1,"AD",37365082
11163,"Pomacentridae","Acanthochromis","polyacanthus",3,"AD",37372015
11163,"Pomacentridae","Amblyglyphidodon","leucogaster",3,"AD",37372018
11163,"Pomacentridae","Chromis","ternatensis",22,"AD",37372051
11163,"Pomacentridae","Pomacentrus","brachialis",3,"AD",37372109
11163,"Labridae","Labroides","dimidiatus",2,"AD",37384028
11163,"Labridae","Oxycheilinus","digramma",2,"AD",37384065
11163,"Labridae","Cheilinus","fasciatus",1,"AD",37384066
11163,"Labridae","Epibulus","insidiator",1,"AD",37384104
11163,"Labridae","Gomphosus","varius",1,"AD",37384106
11163,"Labridae","Halichoeres","prosopeion",1,"AD",37384120
11163,"Labridae","Hemigymnus","melapterus",1,"AD",37384125
11163,"Labridae","Labropsis","xanthonota",1,"AD",37384133
11163,"Labridae","Thalassoma","lunare",1,"AD",37384167
11163,"Labridae","Chlorurus","bleekeri",1,"AD",37386011
11163,"Labridae","Scarus","flavipectoralis",3,"AD",37386014
11163,"Labridae","Chlorurus","sordidus",1,"AD",37386030
11163,"Acanthuridae","Ctenochaetus","striatus",1,"AD",37437022
11163,"Acanthuridae","Zebrasoma","scopas",2,"AD",37437036
11163,"Siganidae","Siganus","corallinus",2,"AD",37438008
11163,"Siganidae","Siganus","doliatus",2,"AD",37438009
11163,"Balistidae","Sufflamen","fraenatum",1,"AD",37465014
11163,"Balistidae","Balistapus","undulatus",1,"AD",37465047
11163,"Tetraodontidae","Arothron","nigropunctatus",1,"AD",37467027
11164,"Serranidae","Epinephelus","polyphekadion",1,"AD",37311047
11164,"Serranidae","Variola","louti",1,"AD",37311166
11164,"Nemipteridae","Scolopsis","bilineata",1,"AD",37347031
11164,"Lethrinidae","Lethrinus","erythracanthus",2,"AD",37351025
11164,"Mullidae","Parupeneus","multifasciatus",1,"AD",37355026
11164,"Pomacanthidae","Centropyge","bicolor",1,"AD",37365022
11164,"Pomacanthidae","Centropyge","bispinosa",1,"AD",37365023
11164,"Chaetodontidae","Chaetodon","baronessa",1,"AD",37365034
11164,"Chaetodontidae","Chaetodon","oxycephalus",2,"AD",37365048
11164,"Chaetodontidae","Chaetodon","pelewensis",2,"AD",37365049
11164,"Chaetodontidae","Chaetodon","plebeius",1,"AD",37365050
11164,"Chaetodontidae","Chaetodon","ulietensis",2,"AD",37365060
11164,"Pomacanthidae","Pomacanthus","xanthometopon",1,"AD",37365081
11164,"Pomacanthidae","Pygoplites","diacanthus",1,"AD",37365082
11164,"Pomacentridae","Chrysiptera","rollandi",3,"AD",37372067
11164,"Labridae","Cheilinus","undulatus",2,"AD",37384038
11164,"Labridae","Bodianus","axillaris",1,"AD",37384053
11164,"Labridae","Bodianus","mesothorax",1,"AD",37384060
11164,"Labridae","Oxycheilinus","digramma",1,"AD",37384065
11164,"Labridae","Cheilinus","fasciatus",2,"AD",37384066
11164,"Labridae","Epibulus","insidiator",2,"AD",37384104
11164,"Labridae","Halichoeres","hortulanus",1,"AD",37384112
11164,"Labridae","Halichoeres","prosopeion",1,"AD",37384120
11164,"Labridae","Scarus","flavipectoralis",1,"AD",37386014
11164,"Labridae","Chlorurus","sordidus",1,"AD",37386030
11164,"Acanthuridae","Acanthurus","pyroferus",2,"AD",37437017
11164,"Acanthuridae","Ctenochaetus","striatus",1,"AD",37437022
11164,"Acanthuridae","Zebrasoma","scopas",1,"AD",37437036
11164,"Siganidae","Siganus","corallinus",2,"AD",37438008
11164,"Balistidae","Balistapus","undulatus",2,"AD",37465047
11164,"Tetraodontidae","Arothron","nigropunctatus",1,"AD",37467027
11166,"Carcharhinidae","Carcharhinus","melanopterus",1,"AD",37018036
11166,"Aulostomidae","Aulostomus","chinensis",1,"AD",37277001
11166,"Serranidae","Epinephelus","fuscoguttatus",1,"AD",37311021
11166,"Serranidae","Plectropomus","leopardus",1,"AD",37311078
11166,"Serranidae","Plectropomus","laevis",1,"JUV",37311079
11166,"Caesionidae","Caesio","caerulaurea",80,"AD",37346024
11166,"Lutjanidae","Lutjanus","bohar",2,"AD",37346029
11166,"Nemipteridae","Scolopsis","bilineata",1,"AD",37347031
11166,"Lethrinidae","Lethrinus","atkinsoni",2,"AD",37351013
11166,"Lethrinidae","Lethrinus","obsoletus",1,"AD",37351019
11166,"Lethrinidae","Monotaxis","grandoculis",1,"AD",37351026
11166,"Mullidae","Parupeneus","barberinus",2,"AD",37355022
11166,"Mullidae","Parupeneus","cyclostomus",1,"AD",37355025
11166,"Mullidae","Parupeneus","multifasciatus",1,"AD",37355026
11166,"Chaetodontidae","Chaetodon","baronessa",1,"AD",37365034
11166,"Chaetodontidae","Chaetodon","oxycephalus",1,"AD",37365048
11166,"Chaetodontidae","Chaetodon","plebeius",1,"AD",37365050
11166,"Chaetodontidae","Chaetodon","trifascialis",1,"AD",37365058
11166,"Chaetodontidae","Chaetodon","vagabundus",2,"AD",37365062
11166,"Pomacentridae","Abudefduf","sexfasciatus",6,"AD",37372011
11166,"Pomacentridae","Dischistodus","melanotus",1,"AD",37372077
11166,"Pomacentridae","Dischistodus","pseudochrysopoecilus",1,"AD",37372080
11166,"Pomacentridae","Pomacentrus","amboinensis",3,"AD",37372106
11166,"Labridae","Anampses","neoguinaicus",1,"JUV",37384050
11166,"Labridae","Oxycheilinus","digramma",1,"AD",37384065
11166,"Labridae","Coris","pictoides",1,"AD",37384096
11166,"Labridae","Coris","batuensis",2,"AD",37384098
11166,"Labridae","Halichoeres","hortulanus",1,"AD",37384112
11166,"Labridae","Hologymnosus","doliatus",1,"AD",37384127
11166,"Labridae","Labroides","bicolor",1,"AD",37384130
11166,"Labridae","Thalassoma","hardwicke",2,"AD",37384165
11166,"Labridae","Cetoscarus","ocellatus",1,"AD",37386007
11166,"Labridae","Hipposcarus","longiceps",1,"AD",37386008
11166,"Labridae","Scarus","frenatus",1,"AD",37386016
11166,"Labridae","Chlorurus","microrhinos",1,"AD",37386020
11166,"Labridae","Scarus","schlegeli",10,"AD",37386029
11166,"Blenniidae","Meiacanthus","grammistes",1,"AD",37408005
11166,"Blenniidae","Meiacanthus","atrodorsalis",1,"AD",37408051
11166,"Acanthuridae","Acanthurus","nigricauda",26,"AD",37437013
11166,"Acanthuridae","Ctenochaetus","striatus",2,"AD",37437022
11166,"Acanthuridae","Zebrasoma","scopas",1,"AD",37437036
11166,"Siganidae","Siganus","punctatus",2,"AD",37438003
11166,"Siganidae","Siganus","corallinus",3,"AD",37438008
11166,"Balistidae","Balistapus","undulatus",1,"AD",37465047
11166,"Balistidae","Balistoides","viridescens",1,"AD",37465048
11167,"Aulostomidae","Aulostomus","chinensis",1,"AD",37277001
11167,"Serranidae","Epinephelus","polyphekadion",2,"AD",37311047
11167,"Serranidae","Plectropomus","leopardus",1,"AD",37311078
11167,"Serranidae","Plectropomus","laevis",1,"JUV",37311079
11167,"Lutjanidae","Lutjanus","rivulatus",1,"AD",37346016
11167,"Lutjanidae","Lutjanus","bohar",1,"AD",37346029
11167,"Lutjanidae","Macolor","macularis",1,"JUV",37346047
11167,"Caesionidae","Pterocaesio","marri",1,"AD",37346068
11167,"Nemipteridae","Scolopsis","bilineata",1,"AD",37347031
11167,"Lethrinidae","Lethrinus","atkinsoni",3,"AD",37351013
11167,"Lethrinidae","Lethrinus","xanthochilus",1,"AD",37351020
11167,"Lethrinidae","Monotaxis","grandoculis",1,"AD",37351026
11167,"Mullidae","Parupeneus","barberinus",1,"AD",37355022
11167,"Mullidae","Parupeneus","cyclostomus",1,"AD",37355025
11167,"Mullidae","Parupeneus","multifasciatus",1,"AD",37355026
11167,"Pomacanthidae","Pomacanthus","sexstriatus",1,"AD",37365010
11167,"Chaetodontidae","Chaetodon","baronessa",2,"AD",37365034
11167,"Chaetodontidae","Chaetodon","melannotus",1,"AD",37365043
11167,"Chaetodontidae","Chaetodon","lunulatus",2,"AD",37365059
11167,"Chaetodontidae","Chaetodon","vagabundus",2,"AD",37365062
11167,"Pomacentridae","Acanthochromis","polyacanthus",1,"AD",37372015
11167,"Pomacentridae","Amblyglyphidodon","leucogaster",1,"AD",37372018
11167,"Labridae","Labroides","dimidiatus",2,"AD",37384028
11167,"Labridae","Anampses","meleagrides",2,"AD",37384049
11167,"Labridae","Anampses","neoguinaicus",1,"AD",37384050
11167,"Labridae","Oxycheilinus","digramma",3,"AD",37384065
11167,"Labridae","Cheilinus","fasciatus",1,"AD",37384066
11167,"Labridae","Coris","batuensis",1,"AD",37384098
11167,"Labridae","Epibulus","insidiator",1,"AD",37384104
11167,"Labridae","Hologymnosus","doliatus",1,"AD",37384127
11167,"Labridae","Labroides","bicolor",1,"AD",37384130
11167,"Labridae","Thalassoma","lunare",1,"AD",37384167
11167,"Labridae","Scarus","flavipectoralis",3,"AD",37386014
11167,"Labridae","Scarus","frenatus",1,"AD",37386016
11167,"Labridae","Scarus","schlegeli",3,"AD",37386029
11167,"Blenniidae","Meiacanthus","atrodorsalis",1,"AD",37408051
11167,"Acanthuridae","Acanthurus","nigricauda",2,"AD",37437013
11167,"Acanthuridae","Acanthurus","pyroferus",1,"AD",37437017
11167,"Acanthuridae","Ctenochaetus","striatus",2,"AD",37437022
11167,"Acanthuridae","Naso","annulatus",1,"AD",37437024
11167,"Acanthuridae","Zebrasoma","scopas",2,"AD",37437036
11167,"Acanthuridae","Zebrasoma","veliferum",1,"AD",37437037
11167,"Siganidae","Siganus","vulpinus",1,"AD",37438017
11167,"Balistidae","Balistapus","undulatus",2,"AD",37465047
11168,"Carcharhinidae","Carcharhinus","melanopterus",1,"AD",37018036
11168,"Carcharhinidae","Triaenodon","obesus",1,"AD",37018038
11168,"Fistulariidae","Fistularia","commersonii",3,"AD",37278001
11168,"Serranidae","Cephalopholis","argus",1,"AD",37311082
11168,"Serranidae","Cephalopholis","urodeta",1,"AD",37311142
11168,"Caesionidae","Caesio","cuning",4,"AD",37346018
11168,"Lutjanidae","Lutjanus","bohar",1,"AD",37346029
11168,"Lutjanidae","Lutjanus","bohar",2,"JUV",37346029
11168,"Lutjanidae","Macolor","niger",1,"AD",37346048
11168,"Caesionidae","Pterocaesio","marri",120,"AD",37346068
11168,"Ephippidae","Platax","orbicularis",2,"AD",37362007
11168,"Pomacanthidae","Centropyge","bicolor",1,"AD",37365022
11168,"Chaetodontidae","Chaetodon","kleinii",1,"AD",37365040
11168,"Chaetodontidae","Chaetodon","pelewensis",1,"AD",37365049
11168,"Pomacentridae","Amblyglyphidodon","leucogaster",5,"AD",37372018
11168,"Pomacentridae","Chromis","ternatensis",200,"AD",37372051
11168,"Pomacentridae","Chromis","xanthura",1,"AD",37372057
11168,"Pomacentridae","Dascyllus","reticulatus",8,"AD",37372074
11168,"Pomacentridae","Pomacentrus","brachialis",5,"AD",37372109
11168,"Pomacentridae","Pomacentrus","moluccensis",2,"AD",37372118
11168,"Labridae","Labroides","dimidiatus",1,"AD",37384028
11168,"Labridae","Anampses","neoguinaicus",1,"AD",37384050
11168,"Labridae","Oxycheilinus","digramma",1,"AD",37384065
11168,"Labridae","Cheilinus","fasciatus",1,"AD",37384066
11168,"Labridae","Gomphosus","varius",1,"AD",37384106
11168,"Labridae","Halichoeres","hortulanus",1,"AD",37384112
11168,"Labridae","Hemigymnus","melapterus",1,"AD",37384125
11168,"Labridae","Labropsis","australis",1,"AD",37384132
11168,"Labridae","Macropharyngodon","meleagris",1,"AD",37384136
11168,"Labridae","Thalassoma","lunare",2,"AD",37384167
11168,"Labridae","Scarus","altipinnis",1,"AD",37386010
11168,"Labridae","Chlorurus","microrhinos",1,"AD",37386020
11168,"Labridae","Scarus","schlegeli",3,"AD",37386029
11168,"Labridae","Chlorurus","sordidus",1,"AD",37386030
11168,"Blenniidae","Meiacanthus","atrodorsalis",1,"AD",37408051
11168,"Acanthuridae","Ctenochaetus","striatus",1,"AD",37437022
11168,"Acanthuridae","Naso","lopezi",8,"JUV",37437030
11168,"Acanthuridae","Zebrasoma","scopas",1,"AD",37437036
11168,"Balistidae","Balistapus","undulatus",1,"AD",37465047
11168,"Monacanthidae","Oxymonacanthus","longirostris",1,"AD",37465062
11169,"Carcharhinidae","Carcharhinus","amblyrhynchos",1,"AD",37018030
11169,"Elopidae","Elops","hawaiensis",2,"AD",37053001
11169,"Carangidae","Gnathanodon","speciosus",1,"AD",37337012
11169,"Carangidae","Turrum","fulvoguttatus",6,"AD",37337037
11169,"Carangidae","Caranx","melampygus",1,"AD",37337050
11169,"Carangidae","Caranx","papuensis",1,"AD",37337064
11169,"Carangidae","Carangichthys","dinema",1,"AD",37337078
11169,"Lethrinidae","Lethrinus","olivaceus",1,"AD",37351004
11169,"Lethrinidae","Lethrinus","nebulosus",16,"AD",37351008
11169,"Lethrinidae","Lethrinus","rubrioperculatus",1,"AD",37351012
11169,"Mullidae","Parupeneus","pleurostigma",1,"AD",37355027
11169,"Labridae","Choerodon","jordani",3,"AD",37384077
11169,"Labridae","Scarus","flavipectoralis",2,"AD",37386014
11169,"Pinguipedidae","Parapercis","xanthozona",1,"AD",37390025
11169,"Balistidae","Abalistes","stellatus",1,"AD",37465011
11169,"Balistidae","Balistoides","viridescens",1,"AD",37465048
11169,"Balistidae","Sufflamen","chrysopterum",2,"AD",37465079
11170,"Carcharhinidae","Triaenodon","obesus",1,"AD",37018038
11170,"Serranidae","Plectropomus","leopardus",3,"AD",37311078
11170,"Serranidae","Plectropomus","laevis",1,"AD",37311079
11170,"Serranidae","Plectropomus","laevis",1,"JUV",37311079
11170,"Serranidae","Epinephelus","spilotoceps",1,"AD",37311155
11170,"Lutjanidae","Lutjanus","bohar",1,"AD",37346029
11170,"Caesionidae","Pterocaesio","marri",200,"AD",37346068
11170,"Lethrinidae","Lethrinus","atkinsoni",2,"AD",37351013
11170,"Pomacanthidae","Centropyge","bispinosa",1,"AD",37365023
11170,"Chaetodontidae","Chaetodon","melannotus",1,"AD",37365043
11170,"Chaetodontidae","Chaetodon","pelewensis",1,"AD",37365049
11170,"Chaetodontidae","Chaetodon","plebeius",2,"AD",37365050
11170,"Chaetodontidae","Chaetodon","lunulatus",2,"AD",37365059
11170,"Pomacanthidae","Pygoplites","diacanthus",2,"AD",37365082
11170,"Pomacentridae","Acanthochromis","polyacanthus",3,"AD",37372015
11170,"Pomacentridae","Amblyglyphidodon","leucogaster",3,"AD",37372018
11170,"Pomacentridae","Stegastes","nigricans",3,"AD",37372135
11170,"Labridae","Cheilinus","undulatus",2,"AD",37384038
11170,"Labridae","Oxycheilinus","digramma",2,"AD",37384065
11170,"Labridae","Cheilinus","fasciatus",1,"AD",37384066
11170,"Labridae","Coris","batuensis",1,"AD",37384098
11170,"Labridae","Epibulus","insidiator",1,"AD",37384104
11170,"Labridae","Gomphosus","varius",1,"AD",37384106
11170,"Labridae","Hemigymnus","melapterus",1,"AD",37384125
11170,"Labridae","Labrichthys","unilineatus",2,"AD",37384129
11170,"Labridae","Scarus","altipinnis",1,"AD",37386010
11170,"Labridae","Scarus","flavipectoralis",1,"AD",37386014
11170,"Labridae","Scarus","schlegeli",2,"AD",37386029
11170,"Labridae","Chlorurus","sordidus",1,"AD",37386030
11170,"Zanclidae","Zanclus","cornutus",1,"AD",37437001
11170,"Acanthuridae","Ctenochaetus","striatus",2,"AD",37437022
11170,"Acanthuridae","Naso","annulatus",1,"AD",37437024
11170,"Acanthuridae","Naso","brachycentron",1,"AD",37437025
11170,"Siganidae","Siganus","corallinus",2,"AD",37438008
11170,"Siganidae","Siganus","vulpinus",2,"AD",37438017
11170,"Balistidae","Balistapus","undulatus",2,"AD",37465047
11170,"Tetraodontidae","Arothron","nigropunctatus",1,"AD",37467027
11171,"Serranidae","Epinephelus","polyphekadion",1,"AD",37311047
11171,"Serranidae","Plectropomus","leopardus",1,"AD",37311078
11171,"Serranidae","Plectropomus","leopardus",1,"JUV",37311078
11171,"Lutjanidae","Aprion","virescens",1,"AD",37346027
11171,"Lutjanidae","Macolor","niger",1,"AD",37346048
11171,"Lethrinidae","Lethrinus","atkinsoni",3,"AD",37351013
11171,"Mullidae","Parupeneus","barberinus",1,"AD",37355022
11171,"Mullidae","Parupeneus","multifasciatus",2,"AD",37355026
11171,"Chaetodontidae","Chaetodon","auriga",2,"AD",37365019
11171,"Pomacanthidae","Centropyge","bicolor",1,"AD",37365022
11171,"Chaetodontidae","Chaetodon","baronessa",2,"AD",37365034
11171,"Pomacentridae","Amblyglyphidodon","leucogaster",4,"AD",37372018
11171,"Pomacentridae","Dascyllus","reticulatus",1,"AD",37372074
11171,"Pomacentridae","Pomacentrus","amboinensis",2,"AD",37372106
11171,"Pomacentridae","Pomacentrus","brachialis",1,"AD",37372109
11171,"Pomacentridae","Stegastes","nigricans",3,"AD",37372135
11171,"Labridae","Cheilinus","undulatus",1,"AD",37384038
11171,"Labridae","Oxycheilinus","digramma",1,"AD",37384065
11171,"Labridae","Cheilinus","fasciatus",1,"AD",37384066
11171,"Labridae","Coris","batuensis",2,"AD",37384098
11171,"Labridae","Gomphosus","varius",1,"AD",37384106
11171,"Labridae","Hemigymnus","melapterus",1,"AD",37384125
11171,"Labridae","Labrichthys","unilineatus",1,"AD",37384129
11171,"Labridae","Thalassoma","lunare",3,"AD",37384167
11171,"Labridae","Scarus","altipinnis",1,"AD",37386010
11171,"Labridae","Scarus","dimidiatus",1,"AD",37386013
11171,"Labridae","Scarus","flavipectoralis",3,"AD",37386014
11171,"Labridae","Scarus","niger",1,"AD",37386021
11171,"Labridae","Scarus","oviceps",1,"AD",37386022
11171,"Labridae","Scarus","schlegeli",1,"AD",37386029
11171,"Labridae","Chlorurus","sordidus",1,"AD",37386030
11171,"Pinguipedidae","Parapercis","queenslandica",1,"AD",37390011
11171,"Blenniidae","Meiacanthus","atrodorsalis",1,"AD",37408051
11171,"Acanthuridae","Acanthurus","nigricauda",1,"AD",37437013
11171,"Acanthuridae","Ctenochaetus","striatus",2,"AD",37437022
11171,"Siganidae","Siganus","punctatus",2,"AD",37438003
11171,"Siganidae","Siganus","corallinus",2,"AD",37438008
11171,"Siganidae","Siganus","doliatus",2,"AD",37438009
11171,"Balistidae","Balistapus","undulatus",1,"AD",37465047
11171,"Balistidae","Sufflamen","chrysopterum",1,"AD",37465079
11171,"Dasyatidae","Neotrygon","australiae",1,"AD",37035004
11172,"Serranidae","Epinephelus","fuscoguttatus",1,"AD",37311021
11172,"Serranidae","Plectropomus","leopardus",2,"JUV",37311078
11172,"Serranidae","Cephalopholis","microprion",1,"AD",37311139
11172,"Serranidae","Variola","louti",1,"AD",37311166
11172,"Lutjanidae","Aprion","virescens",1,"AD",37346027
11172,"Lutjanidae","Lutjanus","bohar",1,"AD",37346029
11172,"Nemipteridae","Scolopsis","bilineata",2,"AD",37347031
11172,"Lethrinidae","Lethrinus","atkinsoni",2,"AD",37351013
11172,"Mullidae","Parupeneus","multifasciatus",1,"AD",37355026
11172,"Pomacanthidae","Centropyge","bicolor",2,"AD",37365022
11172,"Pomacanthidae","Centropyge","bispinosa",1,"AD",37365023
11172,"Chaetodontidae","Chaetodon","kleinii",1,"AD",37365040
11172,"Chaetodontidae","Chaetodon","pelewensis",3,"AD",37365049
11172,"Chaetodontidae","Chaetodon","plebeius",2,"AD",37365050
11172,"Chaetodontidae","Chaetodon","lunulatus",3,"AD",37365059
11172,"Chaetodontidae","Chaetodon","ulietensis",2,"AD",37365060
11172,"Pomacanthidae","Pygoplites","diacanthus",1,"AD",37365082
11172,"Pomacentridae","Amblyglyphidodon","leucogaster",2,"AD",37372018
11172,"Pomacentridae","Chromis","ternatensis",1,"AD",37372051
11172,"Pomacentridae","Chrysiptera","rollandi",3,"AD",37372067
11172,"Labridae","Labroides","dimidiatus",1,"AD",37384028
11172,"Labridae","Oxycheilinus","orientalis",2,"AD",37384030
11172,"Labridae","Anampses","neoguinaicus",1,"AD",37384050
11172,"Labridae","Bodianus","axillaris",1,"AD",37384053
11172,"Labridae","Oxycheilinus","digramma",2,"AD",37384065
11172,"Labridae","Cheilinus","fasciatus",2,"AD",37384066
11172,"Labridae","Epibulus","insidiator",1,"AD",37384104
11172,"Labridae","Gomphosus","varius",2,"AD",37384106
11172,"Labridae","Hemigymnus","melapterus",1,"AD",37384125
11172,"Labridae","Labrichthys","unilineatus",2,"AD",37384129
11172,"Labridae","Labropsis","australis",1,"AD",37384132
11172,"Labridae","Pseudocheilinus","evanidus",1,"AD",37384142
11172,"Labridae","Thalassoma","lunare",3,"AD",37384167
11172,"Labridae","Cetoscarus","ocellatus",1,"JUV",37386007
11172,"Labridae","Chlorurus","bleekeri",1,"AD",37386011
11172,"Labridae","Scarus","flavipectoralis",2,"AD",37386014
11172,"Labridae","Scarus","frenatus",1,"AD",37386016
11172,"Labridae","Scarus","oviceps",1,"AD",37386022
11172,"Labridae","Chlorurus","sordidus",1,"AD",37386030
11172,"Blenniidae","Meiacanthus","atrodorsalis",1,"AD",37408051
11172,"Zanclidae","Zanclus","cornutus",1,"AD",37437001
11172,"Acanthuridae","Ctenochaetus","striatus",2,"AD",37437022
11172,"Acanthuridae","Zebrasoma","scopas",2,"AD",37437036
11172,"Acanthuridae","Zebrasoma","veliferum",2,"AD",37437037
11172,"Acanthuridae","Naso","tonganus",1,"AD",37437047
11172,"Siganidae","Siganus","doliatus",1,"AD",37438009
11172,"Siganidae","Siganus","vulpinus",2,"AD",37438017
11172,"Balistidae","Balistapus","undulatus",3,"AD",37465047
11173,"Carcharhinidae","Carcharhinus","amblyrhynchos",1,"AD",37018030
11173,"Carcharhinidae","Triaenodon","obesus",1,"AD",37018038
11173,"Serranidae","Plectropomus","leopardus",2,"AD",37311078
11173,"Serranidae","Plectropomus","laevis",1,"JUV",37311079
11173,"Serranidae","Cephalopholis","urodeta",1,"AD",37311142
11173,"Lutjanidae","Lutjanus","bohar",1,"AD",37346029
11173,"Lutjanidae","Lutjanus","bohar",1,"JUV",37346029
11173,"Lutjanidae","Macolor","niger",1,"JUV",37346048
11173,"Nemipteridae","Scolopsis","bilineata",1,"AD",37347031
11173,"Mullidae","Parupeneus","multifasciatus",3,"JUV",37355026
11173,"Chaetodontidae","Chaetodon","lineolatus",1,"AD",37365041
11173,"Pomacentridae","Acanthochromis","polyacanthus",1,"AD",37372015
11173,"Pomacentridae","Chromis","lepidolepis",4,"AD",37372045
11173,"Pomacentridae","Chromis","margaritifer",8,"AD",37372047
11173,"Pomacentridae","Chromis","ternatensis",24,"AD",37372051
11173,"Pomacentridae","Chromis","viridis",3,"AD",37372053
11173,"Pomacentridae","Dascyllus","reticulatus",9,"AD",37372074
11173,"Pomacentridae","Pomacentrus","bankanensis",2,"AD",37372108
11173,"Pomacentridae","Pomacentrus","brachialis",2,"AD",37372109
11173,"Pomacentridae","Pomacentrus","coelestis",20,"AD",37372111
11173,"Pomacentridae","Pomacentrus","lepidogenys",3,"AD",37372114
11173,"Pomacentridae","Pomacentrus","moluccensis",6,"AD",37372118
11173,"Labridae","Labroides","dimidiatus",1,"AD",37384028
11173,"Labridae","Cheilinus","undulatus",1,"AD",37384038
11173,"Labridae","Coris","batuensis",1,"AD",37384098
11173,"Labridae","Gomphosus","varius",1,"AD",37384106
11173,"Labridae","Halichoeres","chrysus",1,"AD",37384110
11173,"Labridae","Halichoeres","margaritaceus",1,"AD",37384113
11173,"Labridae","Macropharyngodon","meleagris",1,"AD",37384136
11173,"Labridae","Thalassoma","lunare",8,"AD",37384167
11173,"Labridae","Cetoscarus","ocellatus",2,"AD",37386007
11173,"Labridae","Scarus","flavipectoralis",1,"AD",37386014
11173,"Labridae","Scarus","oviceps",1,"AD",37386022
11173,"Pinguipedidae","Parapercis","queenslandica",1,"AD",37390011
11173,"Acanthuridae","Acanthurus","blochii",16,"AD",37437007
11173,"Acanthuridae","Ctenochaetus","striatus",1,"AD",37437022
11173,"Acanthuridae","Naso","annulatus",4,"AD",37437024
11173,"Balistidae","Balistapus","undulatus",1,"AD",37465047
11173,"Balistidae","Balistoides","viridescens",1,"AD",37465048
11173,"Labridae","Pseudojuloides","splendens",1,"AD",37992121
11173,"Labridae","Stethojulis","sp",1,"AD",37384942
11174,"Carcharhinidae","Galeocerdo","cuvier",1,"AD",37018022
11174,"Serranidae","Plectropomus","leopardus",2,"AD",37311078
11174,"Serranidae","Plectropomus","laevis",1,"AD",37311079
11174,"Serranidae","Cephalopholis","microprion",1,"AD",37311139
11174,"Lutjanidae","Lutjanus","quinquelineatus",3,"AD",37346006
11174,"Caesionidae","Caesio","cuning",1,"AD",37346018
11174,"Lutjanidae","Macolor","niger",1,"JUV",37346048
11174,"Nemipteridae","Scolopsis","bilineata",1,"AD",37347031
11174,"Lethrinidae","Lethrinus","olivaceus",1,"AD",37351004
11174,"Mullidae","Parupeneus","cyclostomus",5,"AD",37355025
11174,"Mullidae","Parupeneus","multifasciatus",2,"AD",37355026
11174,"Chaetodontidae","Chelmon","rostratus",1,"AD",37365017
11174,"Pomacanthidae","Centropyge","bicolor",4,"AD",37365022
11174,"Pomacanthidae","Centropyge","bispinosa",1,"AD",37365023
11174,"Chaetodontidae","Chaetodon","pelewensis",1,"AD",37365049
11174,"Chaetodontidae","Forcipiger","longirostris",3,"AD",37365069
11174,"Pomacanthidae","Pygoplites","diacanthus",2,"AD",37365082
11174,"Pomacentridae","Amblyglyphidodon","leucogaster",1,"AD",37372018
11174,"Pomacentridae","Chrysiptera","talboti",1,"AD",37372069
11174,"Pomacentridae","Pomacentrus","brachialis",1,"AD",37372109
11174,"Labridae","Bodianus","axillaris",2,"AD",37384053
11174,"Labridae","Oxycheilinus","digramma",1,"AD",37384065
11174,"Labridae","Cheilinus","fasciatus",1,"AD",37384066
11174,"Labridae","Epibulus","insidiator",1,"AD",37384104
11174,"Labridae","Halichoeres","hortulanus",1,"AD",37384112
11174,"Labridae","Halichoeres","prosopeion",2,"AD",37384120
11174,"Labridae","Scarus","flavipectoralis",1,"AD",37386014
11174,"Labridae","Chlorurus","microrhinos",1,"AD",37386020
11174,"Labridae","Scarus","niger",3,"AD",37386021
11174,"Blenniidae","Meiacanthus","atrodorsalis",1,"AD",37408051
11174,"Zanclidae","Zanclus","cornutus",1,"AD",37437001
11174,"Acanthuridae","Acanthurus","nigricauda",1,"AD",37437013
11174,"Acanthuridae","Acanthurus","olivaceus",1,"AD",37437016
11174,"Acanthuridae","Acanthurus","pyroferus",2,"AD",37437017
11174,"Acanthuridae","Ctenochaetus","striatus",3,"AD",37437022
11174,"Acanthuridae","Zebrasoma","scopas",1,"AD",37437036
11174,"Siganidae","Siganus","vulpinus",1,"AD",37438017
11174,"Balistidae","Balistapus","undulatus",3,"AD",37465047
11175,"Carcharhinidae","Carcharhinus","melanopterus",1,"AD",37018036
11175,"Muraenidae","Gymnothorax","javanicus",1,"AD",37060039
11175,"Serranidae","Cephalopholis","boenak",1,"AD",37311008
11175,"Serranidae","Plectropomus","leopardus",1,"AD",37311078
11175,"Serranidae","Cephalopholis","miniata",1,"AD",37311083
11175,"Lutjanidae","Lutjanus","bohar",1,"AD",37346029
11175,"Nemipteridae","Scolopsis","bilineata",2,"AD",37347031
11175,"Mullidae","Parupeneus","cyclostomus",1,"AD",37355025
11175,"Pomacanthidae","Centropyge","bicolor",2,"AD",37365022
11175,"Pomacanthidae","Centropyge","bispinosa",1,"AD",37365023
11175,"Chaetodontidae","Chaetodon","kleinii",1,"AD",37365040
11175,"Chaetodontidae","Chaetodon","mertensii",1,"AD",37365044
11175,"Chaetodontidae","Chaetodon","plebeius",2,"AD",37365050
11175,"Chaetodontidae","Chaetodon","vagabundus",2,"AD",37365062
11175,"Pomacentridae","Acanthochromis","polyacanthus",4,"AD",37372015
11175,"Pomacentridae","Chrysiptera","rollandi",1,"AD",37372067
11175,"Pomacentridae","Dascyllus","reticulatus",1,"AD",37372074
11175,"Pomacentridae","Pomacentrus","brachialis",5,"AD",37372109
11175,"Pomacentridae","Pomacentrus","moluccensis",3,"AD",37372118
11175,"Labridae","Labroides","dimidiatus",2,"AD",37384028
11175,"Labridae","Anampses","neoguinaicus",1,"AD",37384050
11175,"Labridae","Bodianus","loxozonus",1,"AD",37384059
11175,"Labridae","Oxycheilinus","digramma",1,"AD",37384065
11175,"Labridae","Cheilinus","fasciatus",2,"AD",37384066
11175,"Labridae","Epibulus","insidiator",1,"AD",37384104
11175,"Labridae","Gomphosus","varius",1,"AD",37384106
11175,"Labridae","Hemigymnus","fasciatus",1,"AD",37384124
11175,"Labridae","Hemigymnus","melapterus",1,"AD",37384125
11175,"Labridae","Labroides","bicolor",1,"AD",37384130
11175,"Labridae","Thalassoma","lunare",8,"AD",37384167
11175,"Labridae","Cetoscarus","ocellatus",1,"JUV",37386007
11175,"Labridae","Scarus","flavipectoralis",1,"AD",37386014
11175,"Labridae","Chlorurus","sordidus",2,"AD",37386030
11175,"Acanthuridae","Ctenochaetus","striatus",2,"AD",37437022
11175,"Acanthuridae","Zebrasoma","scopas",2,"AD",37437036
11175,"Acanthuridae","Naso","tonganus",1,"AD",37437047
11175,"Balistidae","Balistapus","undulatus",1,"AD",37465047
11175,"Tetraodontidae","Arothron","nigropunctatus",1,"AD",37467027
11176,"Carcharhinidae","Carcharhinus","amblyrhynchos",1,"AD",37018030
11176,"Carcharhinidae","Triaenodon","obesus",1,"AD",37018038
11176,"Aulostomidae","Aulostomus","chinensis",1,"AD",37277001
11176,"Serranidae","Epinephelus","merra",1,"AD",37311063
11176,"Serranidae","Plectropomus","leopardus",2,"AD",37311078
11176,"Serranidae","Plectropomus","laevis",1,"AD",37311079
11176,"Carangidae","Craterognathus","plagiotaenia",1,"AD",37337070
11176,"Lutjanidae","Macolor","niger",2,"JUV",37346048
11176,"Caesionidae","Pterocaesio","marri",30,"AD",37346068
11176,"Mullidae","Parupeneus","multifasciatus",2,"AD",37355026
11176,"Pomacanthidae","Centropyge","bispinosa",1,"AD",37365023
11176,"Pomacanthidae","Centropyge","vrolikii",1,"AD",37365032
11176,"Chaetodontidae","Chaetodon","baronessa",1,"AD",37365034
11176,"Chaetodontidae","Chaetodon","oxycephalus",1,"AD",37365048
11176,"Chaetodontidae","Chaetodon","pelewensis",1,"AD",37365049
11176,"Chaetodontidae","Chaetodon","plebeius",2,"AD",37365050
11176,"Chaetodontidae","Chaetodon","ulietensis",2,"AD",37365060
11176,"Chaetodontidae","Chaetodon","vagabundus",1,"AD",37365062
11176,"Pomacentridae","Acanthochromis","polyacanthus",3,"AD",37372015
11176,"Pomacentridae","Amblyglyphidodon","curacao",2,"AD",37372017
11176,"Pomacentridae","Amblyglyphidodon","leucogaster",9,"AD",37372018
11176,"Pomacentridae","Chromis","ternatensis",1,"AD",37372051
11176,"Pomacentridae","Dascyllus","aruanus",5,"AD",37372073
11176,"Pomacentridae","Dischistodus","melanotus",2,"AD",37372077
11176,"Pomacentridae","Plectroglyphidodon","lacrymatus",1,"AD",37372101
11176,"Pomacentridae","Pomacentrus","brachialis",3,"AD",37372109
11176,"Pomacentridae","Pomacentrus","moluccensis",3,"AD",37372118
11176,"Labridae","Labroides","dimidiatus",1,"AD",37384028
11176,"Labridae","Anampses","neoguinaicus",1,"AD",37384050
11176,"Labridae","Bodianus","axillaris",1,"AD",37384053
11176,"Labridae","Oxycheilinus","digramma",2,"AD",37384065
11176,"Labridae","Cheilinus","fasciatus",1,"AD",37384066
11176,"Labridae","Coris","batuensis",1,"AD",37384098
11176,"Labridae","Epibulus","insidiator",1,"AD",37384104
11176,"Labridae","Gomphosus","varius",2,"AD",37384106
11176,"Labridae","Halichoeres","margaritaceus",1,"AD",37384113
11176,"Labridae","Hemigymnus","melapterus",1,"AD",37384125
11176,"Labridae","Labrichthys","unilineatus",2,"AD",37384129
11176,"Labridae","Pseudocheilinus","octotaenia",1,"AD",37384144
11176,"Labridae","Thalassoma","lunare",1,"AD",37384167
11176,"Labridae","Oxycheilinus","unifasciatus",1,"AD",37384179
11176,"Labridae","Anampses","melanurus",1,"AD",37384180
11176,"Labridae","Labropsis","australis",1,"AD",37384181
11176,"Labridae","Cetoscarus","ocellatus",1,"AD",37386007
11176,"Labridae","Cetoscarus","ocellatus",1,"JUV",37386007
11176,"Labridae","Hipposcarus","longiceps",1,"AD",37386008
11176,"Labridae","Scarus","altipinnis",1,"AD",37386010
11176,"Labridae","Scarus","flavipectoralis",1,"AD",37386014
11176,"Labridae","Chlorurus","microrhinos",1,"AD",37386020
11176,"Labridae","Scarus","schlegeli",2,"AD",37386029
11176,"Labridae","Chlorurus","sordidus",4,"AD",37386030
11176,"Blenniidae","Meiacanthus","atrodorsalis",1,"AD",37408051
11176,"Acanthuridae","Acanthurus","nigricauda",1,"AD",37437013
11176,"Acanthuridae","Acanthurus","pyroferus",1,"AD",37437017
11176,"Acanthuridae","Ctenochaetus","striatus",2,"AD",37437022
11176,"Acanthuridae","Naso","annulatus",1,"AD",37437024
11176,"Acanthuridae","Zebrasoma","scopas",2,"AD",37437036
11176,"Acanthuridae","Zebrasoma","veliferum",1,"AD",37437037
11176,"Siganidae","Siganus","vulpinus",2,"AD",37438017
11176,"Balistidae","Balistapus","undulatus",1,"AD",37465047
11176,"Balistidae","Balistoides","viridescens",1,"AD",37465048
11176,"Tetraodontidae","Arothron","nigropunctatus",1,"AD",37467027
11177,"Carcharhinidae","Carcharhinus","amblyrhynchos",1,"AD",37018030
11177,"Serranidae","Plectropomus","laevis",2,"AD",37311079
11177,"Serranidae","Variola","louti",1,"AD",37311166
11177,"Carangidae","Caranx","melampygus",1,"AD",37337050
11177,"Carangidae","Craterognathus","plagiotaenia",16,"AD",37337070
11177,"Carangidae","Trachinotus","blochii",4,"AD",37337075
11177,"Lutjanidae","Lutjanus","rivulatus",1,"AD",37346016
11177,"Caesionidae","Caesio","cuning",22,"AD",37346018
11177,"Lutjanidae","Lutjanus","gibbus",1,"AD",37346028
11177,"Lutjanidae","Lutjanus","bohar",2,"AD",37346029
11177,"Lutjanidae","Aphareus","furca",1,"AD",37346036
11177,"Caesionidae","Pterocaesio","marri",6,"AD",37346068
11177,"Lethrinidae","Lethrinus","microdon",1,"AD",37351011
11177,"Lethrinidae","Lethrinus","erythracanthus",3,"AD",37351025
11177,"Ephippidae","Platax","pinnatus",1,"AD",37362006
11177,"Chaetodontidae","Chaetodon","kleinii",1,"AD",37365040
11177,"Chaetodontidae","Chaetodon","ornatissimus",2,"AD",37365047
11177,"Chaetodontidae","Chaetodon","lunulatus",2,"AD",37365059
11177,"Chaetodontidae","Heniochus","singularius",1,"AD",37365077
11177,"Pomacentridae","Amblyglyphidodon","aureus",2,"AD",37372016
11177,"Pomacentridae","Amblyglyphidodon","leucogaster",1,"AD",37372018
11177,"Pomacentridae","Chromis","amboinensis",3,"AD",37372034
11177,"Pomacentridae","Pomacentrus","brachialis",2,"AD",37372109
11177,"Sphyraenidae","Sphyraena","jello",1,"AD",37382004
11177,"Labridae","Labroides","dimidiatus",2,"AD",37384028
11177,"Labridae","Halichoeres","prosopeion",3,"AD",37384120
11177,"Acanthuridae","Acanthurus","thompsoni",1,"AD",37437018
11177,"Acanthuridae","Ctenochaetus","striatus",1,"AD",37437022
11177,"Acanthuridae","Naso","lituratus",1,"AD",37437029
11177,"Acanthuridae","Naso","unicornis",1,"AD",37437031
11177,"Siganidae","Siganus","punctatus",2,"AD",37438003
11177,"Scombridae","Scomberomorus","commerson",1,"AD",37441007
11177,"Balistidae","Balistoides","viridescens",1,"AD",37465048
11178,"Carcharhinidae","Carcharhinus","amblyrhynchos",1,"AD",37018030
11178,"Carcharhinidae","Carcharhinus","melanopterus",1,"AD",37018036
11178,"Serranidae","Epinephelus","polyphekadion",1,"AD",37311047
11178,"Serranidae","Plectropomus","laevis",2,"AD",37311079
11178,"Serranidae","Variola","louti",1,"AD",37311166
11178,"Lutjanidae","Lutjanus","rivulatus",1,"AD",37346016
11178,"Lutjanidae","Lutjanus","bohar",1,"AD",37346029
11178,"Nemipteridae","Scolopsis","bilineata",1,"AD",37347031
11178,"Lethrinidae","Lethrinus","atkinsoni",1,"AD",37351013
11178,"Lethrinidae","Lethrinus","erythracanthus",2,"AD",37351025
11178,"Mullidae","Parupeneus","multifasciatus",3,"AD",37355026
11178,"Pomacanthidae","Pomacanthus","sexstriatus",1,"AD",37365010
11178,"Pomacanthidae","Centropyge","bicolor",2,"AD",37365022
11178,"Pomacanthidae","Centropyge","bispinosa",2,"AD",37365023
11178,"Chaetodontidae","Chaetodon","pelewensis",1,"AD",37365049
11178,"Pomacentridae","Acanthochromis","polyacanthus",8,"AD",37372015
11178,"Pomacentridae","Amblyglyphidodon","leucogaster",1,"AD",37372018
11178,"Pomacentridae","Pomacentrus","amboinensis",6,"AD",37372106
11178,"Pomacentridae","Pomacentrus","brachialis",4,"AD",37372109
11178,"Pomacentridae","Pomacentrus","nigromarginatus",1,"AD",37372120
11178,"Labridae","Labroides","dimidiatus",1,"AD",37384028
11178,"Labridae","Oxycheilinus","orientalis",1,"AD",37384030
11178,"Labridae","Cheilinus","undulatus",1,"AD",37384038
11178,"Labridae","Bodianus","axillaris",1,"AD",37384053
11178,"Labridae","Oxycheilinus","digramma",2,"AD",37384065
11178,"Labridae","Cheilinus","fasciatus",1,"AD",37384066
11178,"Labridae","Cirrhilabrus","punctatus",1,"AD",37384083
11178,"Labridae","Gomphosus","varius",1,"AD",37384106
11178,"Labridae","Halichoeres","biocellatus",1,"AD",37384107
11178,"Labridae","Halichoeres","prosopeion",1,"AD",37384120
11178,"Labridae","Thalassoma","lunare",9,"AD",37384167
11178,"Labridae","Chlorurus","sordidus",3,"AD",37386030
11178,"Blenniidae","Meiacanthus","grammistes",1,"AD",37408005
11178,"Blenniidae","Meiacanthus","atrodorsalis",1,"AD",37408051
11178,"Acanthuridae","Acanthurus","pyroferus",1,"AD",37437017
11178,"Acanthuridae","Ctenochaetus","striatus",1,"AD",37437022
11178,"Siganidae","Siganus","vulpinus",1,"AD",37438017
11178,"Balistidae","Balistapus","undulatus",2,"AD",37465047
11178,"Balistidae","Sufflamen","chrysopterum",1,"AD",37465079
11179,"Serranidae","Plectropomus","leopardus",1,"AD",37311078
11179,"Serranidae","Plectropomus","laevis",1,"AD",37311079
11179,"Serranidae","Plectropomus","laevis",1,"JUV",37311079
11179,"Lutjanidae","Lutjanus","bohar",2,"AD",37346029
11179,"Mullidae","Parupeneus","cyclostomus",1,"AD",37355025
11179,"Mullidae","Parupeneus","multifasciatus",2,"AD",37355026
11179,"Pomacanthidae","Pomacanthus","sexstriatus",1,"AD",37365010
11179,"Chaetodontidae","Chaetodon","auriga",2,"AD",37365019
11179,"Pomacentridae","Pomacentrus","amboinensis",2,"JUV",37372106
11179,"Labridae","Cheilinus","undulatus",1,"AD",37384038
11179,"Labridae","Cirrhilabrus","punctatus",1,"AD",37384083
11179,"Labridae","Thalassoma","lunare",1,"AD",37384167
11179,"Labridae","Scarus","schlegeli",4,"AD",37386029
11179,"Pinguipedidae","Parapercis","schauinslandii",1,"AD",37390017
11179,"Acanthuridae","Acanthurus","nigricauda",2,"AD",37437013
11179,"Balistidae","Balistapus","undulatus",1,"AD",37465047
11179,"Balistidae","Sufflamen","chrysopterum",2,"AD",37465079
11180,"Serranidae","Epinephelus","polyphekadion",2,"AD",37311047
11180,"Serranidae","Plectropomus","leopardus",1,"AD",37311078
11180,"Serranidae","Plectropomus","laevis",1,"AD",37311079
11180,"Lutjanidae","Lutjanus","gibbus",1,"AD",37346028
11180,"Lutjanidae","Lutjanus","bohar",1,"AD",37346029
11180,"Caesionidae","Pterocaesio","marri",20,"AD",37346068
11180,"Nemipteridae","Scolopsis","bilineata",1,"AD",37347031
11180,"Lethrinidae","Lethrinus","nebulosus",1,"AD",37351008
11180,"Lethrinidae","Monotaxis","grandoculis",1,"AD",37351026
11180,"Mullidae","Parupeneus","cyclostomus",1,"AD",37355025
11180,"Mullidae","Parupeneus","multifasciatus",3,"AD",37355026
11180,"Pomacanthidae","Centropyge","bispinosa",2,"AD",37365023
11180,"Pomacanthidae","Centropyge","vrolikii",1,"AD",37365032
11180,"Chaetodontidae","Chaetodon","baronessa",1,"AD",37365034
11180,"Chaetodontidae","Chaetodon","plebeius",2,"AD",37365050
11180,"Chaetodontidae","Chaetodon","trifascialis",1,"AD",37365058
11180,"Chaetodontidae","Chaetodon","ulietensis",1,"AD",37365060
11180,"Pomacanthidae","Pygoplites","diacanthus",2,"AD",37365082
11180,"Chaetodontidae","Chaetodon","lunulatus",1,"AD",37365094
11180,"Pomacentridae","Acanthochromis","polyacanthus",13,"AD",37372015
11180,"Pomacentridae","Amblyglyphidodon","curacao",3,"AD",37372017
11180,"Pomacentridae","Amblyglyphidodon","leucogaster",12,"AD",37372018
11180,"Pomacentridae","Chromis","atripectoralis",5,"AD",37372036
11180,"Pomacentridae","Chromis","ternatensis",26,"AD",37372051
11180,"Pomacentridae","Dischistodus","melanotus",4,"AD",37372077
11180,"Pomacentridae","Neoglyphidodon","nigroris",2,"AD",37372085
11180,"Pomacentridae","Pomacentrus","moluccensis",3,"AD",37372118
11180,"Labridae","Oxycheilinus","orientalis",1,"AD",37384030
11180,"Labridae","Cheilinus","undulatus",1,"AD",37384038
11180,"Labridae","Anampses","caeruleopunctatus",1,"AD",37384045
11180,"Labridae","Anampses","neoguinaicus",2,"AD",37384050
11180,"Labridae","Bodianus","axillaris",1,NA,37384053
11180,"Labridae","Bodianus","axillaris",1,"AD",37384053
11180,"Labridae","Cheilinus","chlorourus",1,"AD",37384064
11180,"Labridae","Oxycheilinus","digramma",1,"AD",37384065
11180,"Labridae","Cheilinus","fasciatus",1,"AD",37384066
11180,"Labridae","Cirrhilabrus","punctatus",4,"AD",37384083
11180,"Labridae","Epibulus","insidiator",1,"AD",37384104
11180,"Labridae","Gomphosus","varius",1,"AD",37384106
11180,"Labridae","Halichoeres","margaritaceus",1,"AD",37384113
11180,"Labridae","Labropsis","australis",1,"AD",37384132
11180,"Labridae","Thalassoma","lunare",1,"AD",37384167
11180,"Labridae","Cetoscarus","ocellatus",1,"JUV",37386007
11180,"Labridae","Scarus","frenatus",4,"AD",37386016
11180,"Labridae","Scarus","oviceps",1,"JUV",37386022
11180,"Labridae","Scarus","schlegeli",6,"AD",37386029
11180,"Labridae","Chlorurus","sordidus",4,"AD",37386030
11180,"Blenniidae","Meiacanthus","atrodorsalis",1,"AD",37408051
11180,"Microdesmidae","Ptereleotris","evides",2,"AD",37435015
11180,"Zanclidae","Zanclus","cornutus",1,"AD",37437001
11180,"Acanthuridae","Acanthurus","grammoptilus",22,"AD",37437002
11180,"Acanthuridae","Acanthurus","nigricauda",1,"AD",37437013
11180,"Acanthuridae","Ctenochaetus","striatus",2,"AD",37437022
11180,"Acanthuridae","Naso","annulatus",1,"JUV",37437024
11180,"Acanthuridae","Zebrasoma","scopas",6,"AD",37437036
11180,"Siganidae","Siganus","puellus",1,"AD",37438011
11180,"Balistidae","Balistapus","undulatus",2,"AD",37465047
11181,"Carcharhinidae","Carcharhinus","melanopterus",1,"AD",37018036
11181,"Carcharhinidae","Triaenodon","obesus",1,"AD",37018038
11181,"Serranidae","Epinephelus","polyphekadion",1,"AD",37311047
11181,"Serranidae","Plectropomus","leopardus",2,"AD",37311078
11181,"Serranidae","Variola","louti",1,"AD",37311166
11181,"Carangidae","Caranx","ignobilis",2,"AD",37337027
11181,"Lutjanidae","Lutjanus","bohar",4,"AD",37346029
11181,"Lutjanidae","Macolor","niger",20,"AD",37346048
11181,"Nemipteridae","Scolopsis","bilineata",1,"AD",37347031
11181,"Lethrinidae","Lethrinus","olivaceus",1,"AD",37351004
11181,"Mullidae","Parupeneus","barberinus",1,"AD",37355022
11181,"Mullidae","Parupeneus","multifasciatus",1,"AD",37355026
11181,"Mullidae","Parupeneus","pleurostigma",1,"AD",37355027
11181,"Labridae","Cheilinus","undulatus",1,"AD",37384038
11181,"Pinguipedidae","Parapercis","queenslandica",2,"AD",37390011
11182,"Carcharhinidae","Carcharhinus","amblyrhynchos",1,"AD",37018030
11182,"Serranidae","Epinephelus","fuscoguttatus",1,"AD",37311021
11182,"Serranidae","Epinephelus","polyphekadion",1,"AD",37311047
11182,"Echeneidae","Echeneis","naucrates",1,"JUV",37336001
11182,"Lutjanidae","Lutjanus","bohar",2,"AD",37346029
11182,"Lethrinidae","Lethrinus","nebulosus",4,"AD",37351008
11182,"Chaetodontidae","Chaetodon","auriga",1,"AD",37365019
11182,"Pomacentridae","Pomacentrus","amboinensis",1,"AD",37372106
11182,"Labridae","Labroides","bicolor",1,"AD",37384130
11182,"Pinguipedidae","Parapercis","queenslandica",1,"AD",37390011
11183,"Carcharhinidae","Carcharhinus","amblyrhynchos",1,"AD",37018030
11183,"Serranidae","Epinephelus","lanceolatus",1,"AD",37311061
11183,"Echeneidae","Echeneis","naucrates",1,"AD",37336001
11183,"Caesionidae","Pterocaesio","digramma",200,"AD",37346050
11183,"Nemipteridae","Scolopsis","bilineata",1,"AD",37347031
11183,"Lethrinidae","Lethrinus","nebulosus",2,"AD",37351008
11183,"Pomacentridae","Dascyllus","aruanus",6,"AD",37372073
11183,"Pomacentridae","Pomacentrus","amboinensis",1,"AD",37372106
11184,"Carcharhinidae","Triaenodon","obesus",1,"AD",37018038
11184,"Carangidae","Scomberoides","lysan",1,"AD",37337046
11184,"Carangidae","Craterognathus","plagiotaenia",1,"AD",37337070
11184,"Carangidae","Carangichthys","dinema",1,"AD",37337078
11184,"Lethrinidae","Gymnocranius","grandoculis",1,"AD",37351005
11184,"Lethrinidae","Lethrinus","nebulosus",1,"AD",37351008
11184,"Lethrinidae","Lethrinus","rubrioperculatus",2,"AD",37351012
11184,"Mullidae","Parupeneus","multifasciatus",1,"AD",37355026
11184,"Mullidae","Parupeneus","pleurostigma",2,"AD",37355027
11184,"Chaetodontidae","Heniochus","acuminatus",1,"AD",37365011
11184,"Chaetodontidae","Chaetodon","kleinii",1,"AD",37365040
11184,"Chaetodontidae","Chaetodon","trifascialis",1,"AD",37365058
11184,"Pomacentridae","Chromis","weberi",1,"AD",37372054
11184,"Pomacentridae","Dascyllus","trimaculatus",3,"AD",37372075
11184,"Sphyraenidae","Sphyraena","barracuda",1,"AD",37382008
11184,"Labridae","Labroides","dimidiatus",1,"AD",37384028
11184,"Labridae","Cheilinus","undulatus",1,"AD",37384038
11184,"Labridae","Halichoeres","chrysus",5,"AD",37384110
11184,"Labridae","Halichoeres","trimaculatus",3,"AD",37384122
11184,"Labridae","Thalassoma","lunare",4,"AD",37384167
11184,"Labridae","Hipposcarus","longiceps",1,"AD",37386008
11184,"Labridae","Scarus","altipinnis",1,"AD",37386010
11184,"Blenniidae","Plagiotremus","tapeinosoma",1,"AD",37408076
11184,"Acanthuridae","Acanthurus","grammoptilus",8,"AD",37437002
11184,"Acanthuridae","Acanthurus","bariene",1,"AD",37437006
11184,"Acanthuridae","Acanthurus","nigricauda",10,"AD",37437013
11184,"Acanthuridae","Acanthurus","olivaceus",3,"AD",37437016
11184,"Acanthuridae","Naso","annulatus",1,"AD",37437024
11184,"Siganidae","Siganus","argenteus",8,"AD",37438007
11185,"Carcharhinidae","Triaenodon","obesus",1,"AD",37018038
11185,"Serranidae","Plectropomus","leopardus",1,"AD",37311078
11185,"Serranidae","Plectropomus","laevis",2,"AD",37311079
11185,"Serranidae","Variola","louti",1,"AD",37311166
11185,"Lutjanidae","Lutjanus","bohar",2,"AD",37346029
11185,"Lutjanidae","Macolor","niger",1,"AD",37346048
11185,"Caesionidae","Pterocaesio","marri",40,"AD",37346068
11185,"Nemipteridae","Pentapodus","aureofasciatus",2,"AD",37347029
11185,"Nemipteridae","Scolopsis","bilineata",1,"AD",37347031
11185,"Lethrinidae","Lethrinus","nebulosus",1,"AD",37351008
11185,"Lethrinidae","Monotaxis","grandoculis",2,"AD",37351026
11185,"Mullidae","Parupeneus","barberinoides",1,"AD",37355021
11185,"Mullidae","Parupeneus","barberinus",1,"AD",37355022
11185,"Mullidae","Parupeneus","cyclostomus",1,"AD",37355025
11185,"Mullidae","Parupeneus","cyclostomus",1,"JUV",37355025
11185,"Mullidae","Parupeneus","multifasciatus",1,"AD",37355026
11185,"Chaetodontidae","Chaetodon","auriga",2,"AD",37365019
11185,"Chaetodontidae","Chaetodon","kleinii",2,"AD",37365040
11185,"Chaetodontidae","Chaetodon","lunulatus",1,"AD",37365059
11185,"Pomacanthidae","Pygoplites","diacanthus",1,"AD",37365082
11185,"Pomacentridae","Amblyglyphidodon","leucogaster",1,"AD",37372018
11185,"Pomacentridae","Pomacentrus","amboinensis",1,"AD",37372106
11185,"Pomacentridae","Pomacentrus","brachialis",1,"AD",37372109
11185,"Labridae","Cheilinus","undulatus",1,"AD",37384038
11185,"Labridae","Thalassoma","lunare",6,"AD",37384167
11185,"Labridae","Scarus","schlegeli",6,"AD",37386029
11185,"Pinguipedidae","Parapercis","schauinslandii",1,"AD",37390017
11185,"Acanthuridae","Acanthurus","grammoptilus",2,"AD",37437002
11185,"Acanthuridae","Acanthurus","nigricauda",1,"AD",37437013
11185,"Acanthuridae","Acanthurus","pyroferus",1,"AD",37437017
11185,"Acanthuridae","Naso","lituratus",3,"AD",37437029
11185,"Balistidae","Balistapus","undulatus",1,"AD",37465047
11185,"Balistidae","Balistoides","viridescens",1,"AD",37465048
11186,"Carcharhinidae","Triaenodon","obesus",1,"AD",37018038
11186,"Fistulariidae","Fistularia","commersonii",2,"AD",37278001
11186,"Serranidae","Plectropomus","laevis",2,"AD",37311079
11186,"Lutjanidae","Macolor","niger",2,"AD",37346048
11186,"Lethrinidae","Gymnocranius","grandoculis",1,"AD",37351005
11186,"Lethrinidae","Lethrinus","nebulosus",2,"AD",37351008
11186,"Lethrinidae","Monotaxis","grandoculis",1,"AD",37351026
11186,"Mullidae","Parupeneus","barberinus",1,"AD",37355022
11186,"Chaetodontidae","Chaetodon","vagabundus",2,"AD",37365062
11186,"Chaetodontidae","Heniochus","singularius",1,"AD",37365077
11186,"Labridae","Scarus","ghobban",1,"AD",37386001
11186,"Acanthuridae","Acanthurus","nigricauda",2,"AD",37437013
11186,"Scombridae","Grammatorcynus","bilineatus",1,"AD",37441028
11186,"Balistidae","Balistapus","undulatus",1,"AD",37465047
11187,"Carcharhinidae","Carcharhinus","amblyrhynchos",1,"AD",37018030
11187,"Serranidae","Epinephelus","polyphekadion",2,"AD",37311047
11187,"Serranidae","Plectropomus","leopardus",1,"AD",37311078
11187,"Serranidae","Plectropomus","laevis",4,"AD",37311079
11187,"Echeneidae","Echeneis","naucrates",1,"JUV",37336001
11187,"Lutjanidae","Lutjanus","bohar",1,"AD",37346029
11187,"Lutjanidae","Macolor","niger",2,"JUV",37346048
11187,"Lethrinidae","Lethrinus","nebulosus",4,"AD",37351008
11187,"Lethrinidae","Lethrinus","atkinsoni",1,"AD",37351013
11187,"Lethrinidae","Lethrinus","obsoletus",1,"AD",37351019
11187,"Lethrinidae","Monotaxis","grandoculis",1,"AD",37351026
11187,"Mullidae","Parupeneus","barberinus",1,"AD",37355022
11187,"Chaetodontidae","Chaetodon","auriga",1,"AD",37365019
11187,"Pomacentridae","Amblyglyphidodon","leucogaster",1,"JUV",37372018
11187,"Labridae","Labroides","dimidiatus",1,"AD",37384028
11187,"Labridae","Cheilinus","undulatus",1,"JUV",37384038
11187,"Labridae","Scarus","flavipectoralis",3,"AD",37386014
11187,"Blenniidae","Meiacanthus","atrodorsalis",1,"AD",37408051
11187,"Acanthuridae","Acanthurus","grammoptilus",6,"AD",37437002
11187,"Acanthuridae","Acanthurus","nigricauda",1,"AD",37437013
11187,"Acanthuridae","Acanthurus","xanthopterus",8,"AD",37437020
11187,"Acanthuridae","Naso","lituratus",1,"AD",37437029
11187,"Scombridae","Grammatorcynus","bicarinatus",1,"AD",37441025
11187,"Balistidae","Pseudobalistes","fuscus",1,"AD",37465027
11188,"Serranidae","Plectropomus","leopardus",1,"AD",37311078
11188,"Serranidae","Plectropomus","laevis",1,"JUV",37311079
11188,"Carangidae","Turrum","caeruleopinnatum",1,"AD",37337021
11188,"Carangidae","Caranx","papuensis",1,"AD",37337064
11188,"Carangidae","Carangichthys","dinema",1,"AD",37337078
11188,"Lutjanidae","Macolor","niger",13,"AD",37346048
11188,"Nemipteridae","Pentapodus","aureofasciatus",1,"AD",37347029
11188,"Nemipteridae","Scolopsis","bilineata",2,"AD",37347031
11188,"Lethrinidae","Gymnocranius","grandoculis",1,"AD",37351005
11188,"Lethrinidae","Monotaxis","grandoculis",1,"AD",37351026
11188,"Mullidae","Parupeneus","barberinus",2,"AD",37355022
11188,"Mullidae","Parupeneus","multifasciatus",3,"AD",37355026
11188,"Labridae","Oxycheilinus","digramma",1,"AD",37384065
11188,"Labridae","Scarus","schlegeli",7,"AD",37386029
11188,"Acanthuridae","Acanthurus","nigricauda",1,"AD",37437013
11189,"Carcharhinidae","Triaenodon","obesus",1,"AD",37018038
11189,"Serranidae","Plectropomus","laevis",1,"AD",37311079
11189,"Carangidae","Carangichthys","dinema",2,"AD",37337078
11189,"Lutjanidae","Lutjanus","bohar",1,"AD",37346029
11189,"Lutjanidae","Symphorichthys","spilurus",2,"AD",37346052
11189,"Lethrinidae","Lethrinus","olivaceus",2,"AD",37351004
11189,"Pomacentridae","Pomacentrus","amboinensis",6,"AD",37372106
11189,"Labridae","Bolbometopon","muricatum",1,"AD",37386004
11189,"Acanthuridae","Acanthurus","grammoptilus",4,"AD",37437002
11190,"Carcharhinidae","Galeocerdo","cuvier",1,"AD",37018022
11190,"Carcharhinidae","Carcharhinus","melanopterus",1,"AD",37018036
11190,"Serranidae","Plectropomus","leopardus",1,"AD",37311078
11190,"Echeneidae","Echeneis","naucrates",1,"JUV",37336001
11190,"Carangidae","Gnathanodon","speciosus",3,"JUV",37337012
11190,"Lutjanidae","Lutjanus","sebae",1,"AD",37346004
11190,"Lutjanidae","Lutjanus","carponotatus",1,"AD",37346011
11190,"Lutjanidae","Symphorus","nematophorus",1,"AD",37346017
11190,"Nemipteridae","Scolopsis","regina",1,"AD",37347006
11190,"Lethrinidae","Lethrinus","olivaceus",1,"AD",37351004
11190,"Lethrinidae","Lethrinus","nebulosus",1,"AD",37351008
11190,"Lethrinidae","Lethrinus","atkinsoni",2,"AD",37351013
11190,"Lethrinidae","Lethrinus","ravus",2,"AD",37351031
11190,"Mullidae","Parupeneus","barberinoides",1,"AD",37355021
11190,"Mullidae","Parupeneus","barberinus",1,"AD",37355022
11190,"Ephippidae","Platax","batavianus",1,"AD",37362002
11190,"Pomacanthidae","Pomacanthus","sexstriatus",1,"AD",37365010
11190,"Chaetodontidae","Chaetodon","aureofasciatus",1,"AD",37365013
11190,"Chaetodontidae","Chelmon","rostratus",2,"AD",37365017
11190,"Chaetodontidae","Coradion","altivelis",2,"AD",37365018
11190,"Pomacanthidae","Chaetodontoplus","meredithi",1,"AD",37365065
11190,"Pomacentridae","Chrysiptera","rollandi",1,"AD",37372067
11190,"Pomacentridae","Pomacentrus","amboinensis",1,"AD",37372106
11190,"Pomacentridae","Pomacentrus","chrysurus",2,"AD",37372110
11190,"Labridae","Choerodon","schoenleinii",1,"AD",37384010
11190,"Labridae","Anampses","caeruleopunctatus",1,"AD",37384045
11190,"Labridae","Oxycheilinus","digramma",1,"AD",37384065
11190,"Labridae","Cheilinus","fasciatus",1,"AD",37384066
11190,"Labridae","Choerodon","fasciatus",1,"AD",37384073
11190,"Labridae","Scarus","flavipectoralis",3,"AD",37386014
11190,"Acanthuridae","Acanthurus","nigricauda",1,"AD",37437013
11190,"Acanthuridae","Acanthurus","pyroferus",1,"AD",37437017
11190,"Acanthuridae","Ctenochaetus","striatus",2,"AD",37437022
11190,"Siganidae","Siganus","punctatus",2,"AD",37438003
11190,"Siganidae","Siganus","doliatus",2,"AD",37438009
11190,"Siganidae","Siganus","puellus",2,"AD",37438011
11190,"Balistidae","Balistapus","undulatus",1,"AD",37465047
11190,"Nemipteridae","Scolopsis","margaritifera",1,"AD",37992119
11191,"Carcharhinidae","Carcharhinus","melanopterus",1,"AD",37018036
11191,"Muraenidae","Gymnothorax","sp",1,"AD",37060900
11191,"Serranidae","Cephalopholis","boenak",1,"AD",37311008
11191,"Serranidae","Plectropomus","maculatus",2,"AD",37311012
11191,"Serranidae","Plectropomus","leopardus",1,"AD",37311078
11191,"Carangidae","Turrum","caeruleopinnatum",1,"AD",37337021
11191,"Nemipteridae","Scolopsis","regina",2,"AD",37347006
11191,"Lethrinidae","Lethrinus","atkinsoni",3,"AD",37351013
11191,"Lethrinidae","Lethrinus","harak",2,"AD",37351017
11191,"Lethrinidae","Lethrinus","ravus",4,"AD",37351031
11191,"Mullidae","Parupeneus","barberinus",2,"AD",37355022
11191,"Mullidae","Parupeneus","cyclostomus",1,"AD",37355025
11191,"Chaetodontidae","Coradion","chrysozonus",1,"AD",37365004
11191,"Chaetodontidae","Chelmon","rostratus",2,"AD",37365017
11191,"Chaetodontidae","Chaetodon","auriga",2,"AD",37365019
11191,"Chaetodontidae","Chaetodon","vagabundus",3,"AD",37365062
11191,"Pomacentridae","Pomacentrus","amboinensis",1,"AD",37372106
11191,"Labridae","Choerodon","vitta",3,"AD",37384006
11191,"Labridae","Cheilinus","fasciatus",2,"AD",37384066
11191,"Labridae","Scarus","ghobban",2,"AD",37386001
11191,"Acanthuridae","Acanthurus","blochii",2,"AD",37437007
11191,"Siganidae","Siganus","canaliculatus",2,"AD",37438004
11191,"Siganidae","Siganus","doliatus",2,"AD",37438009
11191,"Balistidae","Abalistes","stellatus",1,"AD",37465011
11191,"Monacanthidae","Aluterus","scriptus",1,"AD",37465045
11191,"Balistidae","Balistapus","undulatus",1,"AD",37465047
11192,"Carcharhinidae","Carcharhinus","amblyrhynchos",2,"AD",37018030
11192,"Dasyatidae","Taeniurops","meyeni",1,"AD",37035017
11192,"Serranidae","Plectropomus","maculatus",1,"AD",37311012
11192,"Serranidae","Plectropomus","maculatus",2,"JUV",37311012
11192,"Serranidae","Epinephelus","quoyanus",1,"AD",37311040
11192,"Carangidae","Turrum","fulvoguttatus",1,"AD",37337037
11192,"Caesionidae","Caesio","cuning",50,"AD",37346018
11192,"Nemipteridae","Scolopsis","regina",1,"AD",37347006
11192,"Nemipteridae","Pentapodus","nagasakiensis",2,"JUV",37347012
11192,"Lethrinidae","Gymnocranius","grandoculis",2,"AD",37351005
11192,"Lethrinidae","Lethrinus","atkinsoni",2,"AD",37351013
11192,"Lethrinidae","Lethrinus","harak",1,"AD",37351017
11192,"Lethrinidae","Lethrinus","ravus",10,"AD",37351031
11192,"Mullidae","Parupeneus","indicus",2,"AD",37355005
11192,"Mullidae","Parupeneus","barberinus",2,"AD",37355022
11192,"Mullidae","Parupeneus","cyclostomus",1,"AD",37355025
11192,"Chaetodontidae","Chelmon","rostratus",1,"AD",37365017
11192,"Chaetodontidae","Coradion","altivelis",1,"AD",37365018
11192,"Pomacanthidae","Chaetodontoplus","meredithi",2,"AD",37365065
11192,"Labridae","Scarus","sp",1,"AD",37386907
11192,"Acanthuridae","Acanthurus","blochii",6,"AD",37437007
11192,"Acanthuridae","Acanthurus","xanthopterus",1,"AD",37437020
11192,"Acanthuridae","Naso","caesius",1,"JUV",37437046
11192,"Siganidae","Siganus","canaliculatus",1,"AD",37438004
11192,"Balistidae","Abalistes","stellatus",1,"AD",37465011
11192,"Balistidae","Balistapus","undulatus",1,"AD",37465047
11193,"Carcharhinidae","Carcharhinus","amblyrhynchos",1,"AD",37018030
11193,"Muraenidae","Gymnothorax","sp",1,"AD",37060900
11193,"Serranidae","Plectropomus","leopardus",1,"AD",37311078
11193,"Grammistidae","Diploprion","bifasciatum",1,"AD",37312002
11193,"Carangidae","Scomberoides","commersonnianus",1,"AD",37337032
11193,"Nemipteridae","Scolopsis","regina",3,"AD",37347006
11193,"Lethrinidae","Lethrinus","atkinsoni",1,"AD",37351013
11193,"Lethrinidae","Lethrinus","harak",1,"AD",37351017
11193,"Lethrinidae","Lethrinus","ravus",2,"AD",37351031
11193,"Mullidae","Parupeneus","barberinus",1,"AD",37355022
11193,"Pomacentridae","Pomacentrus","chrysurus",1,"AD",37372110
11193,"Labridae","Cheilinus","fasciatus",1,"AD",37384066
11193,"Labridae","Coris","batuensis",2,"AD",37384098
11193,"Acanthuridae","Acanthurus","olivaceus",1,"AD",37437016
11193,"Balistidae","Sufflamen","chrysopterum",1,"AD",37465079
11193,"Tetraodontidae","Canthigaster","valentini",2,"AD",37467043
11193,"Dasyatidae","Neotrygon","australiae",1,"AD",37035004
11194,"Serranidae","Plectropomus","leopardus",1,"AD",37311078
11194,"Carangidae","Decapterus","sp",13,"AD",37337901
11194,"Lutjanidae","Lutjanus","carponotatus",3,"AD",37346011
11194,"Caesionidae","Caesio","cuning",5,"AD",37346018
11194,"Lethrinidae","Lethrinus","obsoletus",1,"AD",37351019
11194,"Pomacentridae","Amblyglyphidodon","curacao",1,"AD",37372017
11194,"Pomacentridae","Pomacentrus","brachialis",1,"AD",37372109
11194,"Pomacentridae","Pomacentrus","moluccensis",1,"AD",37372118
11194,"Labridae","Oxycheilinus","orientalis",1,"JUV",37384030
11194,"Labridae","Anampses","caeruleopunctatus",1,"AD",37384045
11194,"Acanthuridae","Ctenochaetus","striatus",1,"AD",37437022
11194,"Scombridae","Scomberomorus","commerson",1,"AD",37441007
11194,"Scombridae","Grammatorcynus","bilineatus",1,"AD",37441028
11194,"Balistidae","Balistoides","viridescens",1,"AD",37465048
11195,"Carcharhinidae","Carcharhinus","amblyrhynchos",1,"AD",37018030
11195,"Carcharhinidae","Carcharhinus","melanopterus",1,"AD",37018036
11195,"Serranidae","Cephalopholis","boenak",1,"AD",37311008
11195,"Serranidae","Plectropomus","maculatus",1,"AD",37311012
11195,"Serranidae","Plectropomus","leopardus",1,"AD",37311078
11195,"Serranidae","Anyperodon","leucogrammicus",1,"AD",37311085
11195,"Serranidae","Cephalopholis","cyanostigma",2,"AD",37311136
11195,"Lutjanidae","Lutjanus","quinquelineatus",1,"AD",37346006
11195,"Lutjanidae","Lutjanus","carponotatus",3,"AD",37346011
11195,"Caesionidae","Caesio","cuning",2,"AD",37346018
11195,"Nemipteridae","Scolopsis","bilineata",2,"AD",37347031
11195,"Lethrinidae","Lethrinus","atkinsoni",1,"AD",37351013
11195,"Lethrinidae","Lethrinus","obsoletus",1,"AD",37351019
11195,"Mullidae","Parupeneus","barberinus",1,"AD",37355022
11195,"Mullidae","Parupeneus","crassilabris",1,"AD",37355023
11195,"Mullidae","Parupeneus","multifasciatus",1,"AD",37355026
11195,"Chaetodontidae","Chaetodon","aureofasciatus",2,"AD",37365013
11195,"Chaetodontidae","Chaetodon","kleinii",2,"AD",37365040
11195,"Chaetodontidae","Chaetodon","melannotus",1,"AD",37365043
11195,"Chaetodontidae","Chaetodon","lunulatus",1,"AD",37365059
11195,"Chaetodontidae","Chaetodon","unimaculatus",4,"AD",37365061
11195,"Pomacanthidae","Pomacanthus","xanthometopon",1,"AD",37365081
11195,"Pomacentridae","Pomacentrus","brachialis",3,"AD",37372109
11195,"Labridae","Labroides","dimidiatus",1,"AD",37384028
11195,"Labridae","Bodianus","axillaris",1,"AD",37384053
11195,"Labridae","Choerodon","anchorago",1,"AD",37384071
11195,"Labridae","Choerodon","fasciatus",2,"AD",37384073
11195,"Labridae","Cirrhilabrus","punctatus",1,"AD",37384083
11195,"Labridae","Epibulus","insidiator",1,"AD",37384104
11195,"Labridae","Hemigymnus","melapterus",1,"AD",37384125
11195,"Labridae","Thalassoma","lunare",6,"AD",37384167
11195,"Labridae","Cetoscarus","ocellatus",1,"JUV",37386007
11195,"Labridae","Scarus","flavipectoralis",4,"AD",37386014
11195,"Labridae","Scarus","niger",1,"AD",37386021
11195,"Labridae","Scarus","schlegeli",1,"AD",37386029
11195,"Labridae","Chlorurus","sordidus",1,"AD",37386030
11195,"Acanthuridae","Ctenochaetus","striatus",3,"AD",37437022
11195,"Siganidae","Siganus","doliatus",2,"AD",37438009
11195,"Balistidae","Balistapus","undulatus",1,"AD",37465047
11195,"Dasyatidae","Neotrygon","australiae",1,"AD",37035004
11195,"Nemipteridae","Scolopsis","margaritifera",1,"AD",37992119
11196,"Carcharhinidae","Carcharhinus","melanopterus",1,"AD",37018036
11196,"Serranidae","Epinephelus","merra",1,"AD",37311063
11196,"Serranidae","Plectropomus","leopardus",1,"AD",37311078
11196,"Carangidae","Turrum","fulvoguttatus",1,"AD",37337037
11196,"Lutjanidae","Lutjanus","carponotatus",2,"AD",37346011
11196,"Caesionidae","Caesio","cuning",8,"AD",37346018
11196,"Lutjanidae","Lutjanus","gibbus",1,"AD",37346028
11196,"Caesionidae","Pterocaesio","marri",50,"AD",37346068
11196,"Lethrinidae","Lethrinus","atkinsoni",2,"AD",37351013
11196,"Lethrinidae","Lethrinus","obsoletus",1,"AD",37351019
11196,"Chaetodontidae","Chaetodon","lineolatus",1,"AD",37365041
11196,"Pomacentridae","Pomacentrus","wardi",1,"AD",37372127
11196,"Labridae","Anampses","caeruleopunctatus",1,"AD",37384045
11196,"Labridae","Oxycheilinus","digramma",1,"AD",37384065
11196,"Labridae","Cheilinus","fasciatus",1,"AD",37384066
11196,"Labridae","Choerodon","fasciatus",1,"AD",37384073
11196,"Labridae","Thalassoma","lunare",1,"AD",37384167
11196,"Labridae","Scarus","flavipectoralis",5,"AD",37386014
11196,"Labridae","Scarus","frenatus",1,"AD",37386016
11196,"Labridae","Scarus","schlegeli",1,"AD",37386029
11196,"Labridae","Chlorurus","sordidus",1,"AD",37386030
11196,"Acanthuridae","Ctenochaetus","striatus",2,"AD",37437022
11196,"Acanthuridae","Zebrasoma","scopas",1,"AD",37437036
11196,"Siganidae","Siganus","punctatus",2,"AD",37438003
11196,"Siganidae","Siganus","doliatus",2,"AD",37438009
11196,"Balistidae","Sufflamen","chrysopterum",1,"AD",37465079
11197,"Carcharhinidae","Carcharhinus","melanopterus",1,"AD",37018036
11197,"Serranidae","Plectropomus","maculatus",2,"AD",37311012
11197,"Echeneidae","Echeneis","naucrates",2,"JUV",37336001
11197,"Carangidae","Turrum","fulvoguttatus",3,"AD",37337037
11197,"Carangidae","Caranx","papuensis",1,"JUV",37337064
11197,"Lutjanidae","Lutjanus","sebae",2,"AD",37346004
11197,"Lutjanidae","Lutjanus","carponotatus",2,"AD",37346011
11197,"Caesionidae","Caesio","cuning",8,"AD",37346018
11197,"Nemipteridae","Scolopsis","regina",1,"AD",37347006
11197,"Haemulidae","Diagramma","pictum",1,"AD",37350003
11197,"Lethrinidae","Lethrinus","olivaceus",1,"AD",37351004
11197,"Lethrinidae","Lethrinus","lentjan",4,"AD",37351007
11197,"Lethrinidae","Lethrinus","atkinsoni",2,"AD",37351013
11197,"Lethrinidae","Lethrinus","ravus",5,"AD",37351031
11197,"Mullidae","Parupeneus","barberinus",1,"AD",37355022
11197,"Mullidae","Parupeneus","cyclostomus",2,"AD",37355025
11197,"Ephippidae","Platax","pinnatus",1,"AD",37362006
11197,"Pomacanthidae","Pomacanthus","sexstriatus",2,"AD",37365010
11197,"Chaetodontidae","Coradion","altivelis",2,"AD",37365018
11197,"Chaetodontidae","Chaetodon","auriga",2,"AD",37365019
11197,"Pomacanthidae","Chaetodontoplus","meredithi",2,"AD",37365065
11197,"Labridae","Choerodon","vitta",2,"AD",37384006
11197,"Labridae","Choerodon","schoenleinii",1,"AD",37384010
11197,"Labridae","Scarus","ghobban",2,"AD",37386001
11197,"Acanthuridae","Acanthurus","blochii",1,"AD",37437007
11197,"Siganidae","Siganus","punctatus",2,"AD",37438003
11197,"Siganidae","Siganus","puellus",1,"AD",37438011
11197,"Balistidae","Abalistes","stellatus",1,"AD",37465011
11197,"Balistidae","Balistapus","undulatus",1,"AD",37465047
11197,"Balistidae","Balistoides","viridescens",1,"AD",37465048
11198,"Serranidae","Cephalopholis","boenak",2,"AD",37311008
11198,"Serranidae","Epinephelus","merra",1,"AD",37311063
11198,"Serranidae","Cephalopholis","cyanostigma",1,"AD",37311136
11198,"Grammistidae","Diploprion","bifasciatum",1,"AD",37312002
11198,"Lutjanidae","Lutjanus","carponotatus",2,"AD",37346011
11198,"Caesionidae","Caesio","cuning",2,"AD",37346018
11198,"Nemipteridae","Scolopsis","regina",1,"AD",37347006
11198,"Lethrinidae","Lethrinus","semicinctus",2,"AD",37351016
11198,"Mullidae","Parupeneus","barberinoides",1,"AD",37355021
11198,"Mullidae","Parupeneus","cyclostomus",1,"AD",37355025
11198,"Pomacanthidae","Pomacanthus","sexstriatus",1,"AD",37365010
11198,"Chaetodontidae","Chaetodon","aureofasciatus",3,"AD",37365013
11198,"Chaetodontidae","Chaetodon","auriga",1,"AD",37365019
11198,"Pomacanthidae","Centropyge","bicolor",1,"AD",37365022
11198,"Chaetodontidae","Chaetodon","plebeius",2,"AD",37365050
11198,"Chaetodontidae","Chaetodon","rainfordi",1,"AD",37365053
11198,"Chaetodontidae","Chaetodon","speculum",2,"AD",37365056
11198,"Chaetodontidae","Chaetodon","lunulatus",2,"AD",37365059
11198,"Chaetodontidae","Chaetodon","vagabundus",1,"AD",37365062
11198,"Pomacentridae","Amblyglyphidodon","curacao",1,"AD",37372017
11198,"Pomacentridae","Dischistodus","prosopotaenia",1,"AD",37372079
11198,"Pomacentridae","Pomacentrus","wardi",1,"AD",37372127
11198,"Labridae","Cheilinus","fasciatus",2,"AD",37384066
11198,"Labridae","Choerodon","anchorago",1,"AD",37384071
11198,"Labridae","Hemigymnus","melapterus",1,"AD",37384125
11198,"Labridae","Thalassoma","lunare",1,"AD",37384167
11198,"Labridae","Scarus","flavipectoralis",1,"AD",37386014
11198,"Labridae","Scarus","flavipectoralis",2,"JUV",37386014
11198,"Pinguipedidae","Parapercis","schauinslandii",1,"AD",37390017
11198,"Acanthuridae","Ctenochaetus","striatus",1,"AD",37437022
11198,"Siganidae","Siganus","doliatus",1,"AD",37438009
11198,"Balistidae","Sufflamen","chrysopterum",1,"AD",37465079
11198,"Nemipteridae","Scolopsis","margaritifera",1,"AD",37992119
11199,"Ginglymostomatidae","Nebrius","ferrugineus",1,"AD",37013010
11199,"Carcharhinidae","Carcharhinus","melanopterus",1,"AD",37018036
11199,"Echeneidae","Echeneis","naucrates",2,"AD",37336001
11199,"Echeneidae","Echeneis","naucrates",2,"JUV",37336001
11199,"Carangidae","Gnathanodon","speciosus",14,"JUV",37337012
11199,"Carangidae","Caranx","ignobilis",1,"AD",37337027
11199,"Carangidae","Scomberoides","lysan",1,"AD",37337046
11199,"Nemipteridae","Scolopsis","regina",2,"AD",37347006
11199,"Nemipteridae","Scolopsis","bilineata",1,"AD",37347031
11199,"Lethrinidae","Lethrinus","nebulosus",1,"AD",37351008
11199,"Lethrinidae","Lethrinus","atkinsoni",3,"JUV",37351013
11199,"Lethrinidae","Lethrinus","harak",2,"AD",37351017
11199,"Mullidae","Parupeneus","indicus",2,"AD",37355005
11199,"Mullidae","Parupeneus","barberinus",1,"AD",37355022
11199,"Mullidae","Parupeneus","multifasciatus",3,"AD",37355026
11199,"Chaetodontidae","Chaetodon","citrinellus",2,"AD",37365036
11199,"Pomacentridae","Pomacentrus","chrysurus",2,"AD",37372110
11199,"Labridae","Choerodon","anchorago",1,"AD",37384071
11199,"Labridae","Halichoeres","margaritaceus",1,"AD",37384113
11199,"Labridae","Thalassoma","lunare",3,"AD",37384167
11199,"Acanthuridae","Acanthurus","blochii",1,"AD",37437007
11199,"Acanthuridae","Naso","annulatus",1,"AD",37437024
11199,"Balistidae","Sufflamen","chrysopterum",1,"AD",37465079
11200,"Serranidae","Plectropomus","maculatus",3,"AD",37311012
11200,"Carangidae","Caranx","papuensis",3,"JUV",37337064
11200,"Lutjanidae","Lutjanus","carponotatus",2,"AD",37346011
11200,"Caesionidae","Caesio","cuning",25,"AD",37346018
11200,"Chaetodontidae","Chelmon","rostratus",1,"AD",37365017
11200,"Chaetodontidae","Chaetodon","auriga",1,"AD",37365019
11200,"Chaetodontidae","Chaetodon","baronessa",1,"AD",37365034
11200,"Pomacentridae","Amblyglyphidodon","curacao",3,"AD",37372017
11200,"Pomacentridae","Dischistodus","prosopotaenia",1,"AD",37372079
11200,"Labridae","Scarus","frenatus",1,"AD",37386016
11201,"Carcharhinidae","Carcharhinus","melanopterus",1,"AD",37018036
11201,"Carcharhinidae","Triaenodon","obesus",1,"AD",37018038
11201,"Serranidae","Epinephelus","merra",1,"AD",37311063
11201,"Serranidae","Plectropomus","leopardus",1,"AD",37311078
11201,"Serranidae","Cephalopholis","cyanostigma",2,"AD",37311136
11201,"Grammistidae","Diploprion","bifasciatum",1,"AD",37312002
11201,"Echeneidae","Echeneis","naucrates",1,"JUV",37336001
11201,"Carangidae","Caranx","papuensis",1,"JUV",37337064
11201,"Lutjanidae","Lutjanus","carponotatus",1,"AD",37346011
11201,"Lutjanidae","Macolor","niger",1,"JUV",37346048
11201,"Nemipteridae","Scolopsis","regina",1,"AD",37347006
11201,"Haemulidae","Plectorhinchus","unicolor",1,"AD",37350013
11201,"Lethrinidae","Lethrinus","atkinsoni",1,"AD",37351013
11201,"Lethrinidae","Lethrinus","harak",1,"AD",37351017
11201,"Lethrinidae","Lethrinus","obsoletus",2,"AD",37351019
11201,"Mullidae","Parupeneus","multifasciatus",1,"AD",37355026
11201,"Chaetodontidae","Chaetodon","aureofasciatus",1,"AD",37365013
11201,"Chaetodontidae","Chelmon","rostratus",1,"AD",37365017
11201,"Chaetodontidae","Chaetodon","lineolatus",1,"AD",37365041
11201,"Chaetodontidae","Chaetodon","melannotus",5,"AD",37365043
11201,"Chaetodontidae","Chaetodon","lunulatus",1,"AD",37365059
11201,"Chaetodontidae","Chaetodon","vagabundus",2,"AD",37365062
11201,"Pomacentridae","Hemiglyphidodon","plagiometopon",3,"AD",37372081
11201,"Pomacentridae","Neoglyphidodon","melas",1,"AD",37372084
11201,"Pomacentridae","Pomacentrus","amboinensis",1,"AD",37372106
11201,"Pomacentridae","Pomacentrus","chrysurus",1,"AD",37372110
11201,"Labridae","Cheilinus","fasciatus",1,"AD",37384066
11201,"Labridae","Thalassoma","lunare",2,"AD",37384167
11201,"Labridae","Scarus","flavipectoralis",2,"AD",37386014
11201,"Labridae","Scarus","niger",1,"AD",37386021
11201,"Acanthuridae","Acanthurus","nigricauda",1,"AD",37437013
11201,"Acanthuridae","Acanthurus","xanthopterus",15,"AD",37437020
11201,"Acanthuridae","Ctenochaetus","striatus",1,"AD",37437022
11201,"Acanthuridae","Zebrasoma","veliferum",3,"AD",37437037
11201,"Siganidae","Siganus","doliatus",2,"AD",37438009
11201,"Balistidae","Balistoides","viridescens",1,"AD",37465048
11201,"Nemipteridae","Scolopsis","margaritifera",2,"AD",37992119
11202,"Carcharhinidae","Carcharhinus","amblyrhynchos",1,"AD",37018030
11202,"Serranidae","Cephalopholis","boenak",1,"AD",37311008
11202,"Serranidae","Plectropomus","leopardus",1,"AD",37311078
11202,"Echeneidae","Echeneis","naucrates",1,"AD",37336001
11202,"Carangidae","Turrum","fulvoguttatus",1,"JUV",37337037
11202,"Caesionidae","Caesio","cuning",1,"AD",37346018
11202,"Nemipteridae","Scolopsis","regina",2,"AD",37347006
11202,"Lethrinidae","Lethrinus","atkinsoni",5,"AD",37351013
11202,"Lethrinidae","Lethrinus","harak",1,"AD",37351017
11202,"Lethrinidae","Lethrinus","ravus",1,"AD",37351031
11202,"Mullidae","Parupeneus","barberinus",1,"AD",37355022
11202,"Chaetodontidae","Chelmon","rostratus",1,"AD",37365017
11202,"Chaetodontidae","Chaetodon","ephippium",2,"AD",37365037
11202,"Chaetodontidae","Chaetodon","lineolatus",1,"AD",37365041
11202,"Pomacentridae","Pomacentrus","amboinensis",2,"AD",37372106
11202,"Labridae","Choerodon","schoenleinii",1,"JUV",37384010
11202,"Labridae","Scarus","flavipectoralis",1,"AD",37386014
11202,"Siganidae","Siganus","punctatus",1,"AD",37438003
11202,"Balistidae","Balistoides","viridescens",1,"AD",37465048
11202,"Balistidae","Sufflamen","chrysopterum",1,"AD",37465079
11203,"Carcharhinidae","Carcharhinus","amblyrhynchos",1,"JUV",37018030
11203,"Serranidae","Epinephelus","maculatus",1,"AD",37311011
11203,"Serranidae","Plectropomus","leopardus",1,"AD",37311078
11203,"Grammistidae","Diploprion","bifasciatum",1,"AD",37312002
11203,"Echeneidae","Echeneis","naucrates",1,"JUV",37336001
11203,"Nemipteridae","Scolopsis","regina",1,"AD",37347006
11203,"Lethrinidae","Lethrinus","atkinsoni",1,"AD",37351013
11203,"Lethrinidae","Lethrinus","harak",1,"AD",37351017
11203,"Lethrinidae","Lethrinus","obsoletus",2,"AD",37351019
11203,"Lethrinidae","Lethrinus","ravus",2,"AD",37351031
11203,"Mullidae","Parupeneus","barberinoides",1,"AD",37355021
11203,"Mullidae","Parupeneus","barberinus",2,"AD",37355022
11203,"Mullidae","Parupeneus","multifasciatus",1,"AD",37355026
11203,"Chaetodontidae","Chaetodon","ephippium",2,"AD",37365037
11203,"Chaetodontidae","Chaetodon","vagabundus",2,"AD",37365062
11203,"Pomacentridae","Amblypomacentrus","breviceps",1,"AD",37372019
11203,"Pomacentridae","Pomacentrus","amboinensis",2,"AD",37372106
11203,"Labridae","Coris","batuensis",1,"AD",37384098
11203,"Labridae","Scarus","flavipectoralis",1,"AD",37386014
11203,"Siganidae","Siganus","argenteus",4,"AD",37438007
11203,"Siganidae","Siganus","puellus",1,"AD",37438011
11204,"Carcharhinidae","Carcharhinus","melanopterus",2,"AD",37018036
11204,"Carcharhinidae","Triaenodon","obesus",1,"AD",37018038
11204,"Serranidae","Epinephelus","maculatus",2,"AD",37311011
11204,"Serranidae","Epinephelus","fuscoguttatus",1,"AD",37311021
11204,"Serranidae","Plectropomus","leopardus",2,"AD",37311078
11204,"Carangidae","Caranx","ignobilis",1,"AD",37337027
11204,"Carangidae","Turrum","fulvoguttatus",3,"AD",37337037
11204,"Carangidae","Caranx","melampygus",1,"AD",37337050
11204,"Lutjanidae","Lutjanus","carponotatus",1,"AD",37346011
11204,"Lutjanidae","Lutjanus","gibbus",40,"AD",37346028
11204,"Lutjanidae","Lutjanus","bohar",8,"AD",37346029
11204,"Lutjanidae","Macolor","niger",2,"AD",37346048
11204,"Haemulidae","Diagramma","pictum",2,"AD",37350003
11204,"Lethrinidae","Lethrinus","olivaceus",1,"AD",37351004
11204,"Lethrinidae","Lethrinus","nebulosus",30,"AD",37351008
11204,"Lethrinidae","Lethrinus","atkinsoni",2,"AD",37351013
11204,"Kyphosidae","Kyphosus","vaigiensis",7,"AD",37361014
11204,"Pomacentridae","Pomacentrus","amboinensis",1,"AD",37372106
11204,"Labridae","Cheilinus","undulatus",2,"AD",37384038
11204,"Labridae","Coris","batuensis",2,"AD",37384098
11204,"Labridae","Thalassoma","lunare",4,"AD",37384167
11204,"Labridae","Chlorurus","microrhinos",2,"AD",37386020
11204,"Pinguipedidae","Parapercis","schauinslandii",1,"AD",37390017
11204,"Acanthuridae","Acanthurus","xanthopterus",3,"AD",37437020
11204,"Acanthuridae","Naso","brachycentron",7,"AD",37437025
11204,"Acanthuridae","Naso","lituratus",2,"AD",37437029
11204,"Acanthuridae","Naso","unicornis",5,"AD",37437031
11204,"Acanthuridae","Naso","tonganus",8,"AD",37437047
11204,"Siganidae","Siganus","doliatus",15,"AD",37438016
11204,"Balistidae","Balistapus","undulatus",2,"AD",37465047
11205,"Carcharhinidae","Carcharhinus","amblyrhynchos",1,"AD",37018030
11205,"Carcharhinidae","Carcharhinus","amblyrhynchos",1,"JUV",37018030
11205,"Carcharhinidae","Carcharhinus","melanopterus",1,"AD",37018036
11205,"Carcharhinidae","Triaenodon","obesus",2,"AD",37018038
11205,"Dasyatidae","Pateobatis","fai",1,"AD",37035024
11205,"Serranidae","Plectropomus","maculatus",1,"AD",37311012
11205,"Serranidae","Plectropomus","leopardus",1,"AD",37311078
11205,"Serranidae","Epinephelus","cyanopodus",1,"AD",37311145
11205,"Carangidae","Turrum","gymnostethus",2,"AD",37337022
11205,"Carangidae","Turrum","fulvoguttatus",4,"AD",37337037
11205,"Lutjanidae","Lutjanus","sebae",1,"AD",37346004
11205,"Caesionidae","Caesio","cuning",4,"AD",37346018
11205,"Nemipteridae","Pentapodus","aureofasciatus",13,"JUV",37347029
11205,"Haemulidae","Diagramma","pictum",1,"AD",37350003
11205,"Lethrinidae","Lethrinus","olivaceus",2,"AD",37351004
11205,"Lethrinidae","Lethrinus","nebulosus",7,"AD",37351008
11205,"Lethrinidae","Lethrinus","atkinsoni",2,"AD",37351013
11205,"Lethrinidae","Lethrinus","obsoletus",1,"AD",37351019
11205,"Lethrinidae","Lethrinus","ravus",10,"AD",37351031
11205,"Mullidae","Parupeneus","heptacanthus",8,"JUV",37355004
11205,"Mullidae","Parupeneus","multifasciatus",2,"JUV",37355026
11205,"Pomacanthidae","Pomacanthus","imperator",1,"AD",37365014
11205,"Chaetodontidae","Chaetodon","kleinii",1,"AD",37365040
11205,"Sphyraenidae","Sphyraena","jello",2,"AD",37382004
11205,"Labridae","Cheilinus","undulatus",1,"AD",37384038
11205,"Labridae","Cirrhilabrus","punctatus",1,"AD",37384083
11205,"Balistidae","Abalistes","stellatus",1,"AD",37465011
11205,"Balistidae","Sufflamen","fraenatum",1,"AD",37465014
11205,"Balistidae","Balistoides","viridescens",1,"AD",37465048
11206,"Carcharhinidae","Carcharhinus","amblyrhynchos",1,"AD",37018030
11206,"Carcharhinidae","Carcharhinus","melanopterus",3,"AD",37018036
11206,"Serranidae","Plectropomus","leopardus",2,"AD",37311078
11206,"Echeneidae","Echeneis","naucrates",1,"JUV",37336001
11206,"Carangidae","Gnathanodon","speciosus",1,"AD",37337012
11206,"Carangidae","Caranx","melampygus",2,"AD",37337050
11206,"Lutjanidae","Lutjanus","gibbus",18,"AD",37346028
11206,"Lutjanidae","Lutjanus","bohar",3,"AD",37346029
11206,"Lutjanidae","Macolor","niger",2,"AD",37346048
11206,"Nemipteridae","Scolopsis","regina",1,"AD",37347006
11206,"Lethrinidae","Lethrinus","atkinsoni",1,"AD",37351013
11206,"Lethrinidae","Monotaxis","grandoculis",1,"AD",37351026
11206,"Pomacanthidae","Pomacanthus","sexstriatus",1,"AD",37365010
11206,"Chaetodontidae","Chelmon","rostratus",1,"AD",37365017
11206,"Chaetodontidae","Chaetodon","citrinellus",2,"AD",37365036
11206,"Chaetodontidae","Chaetodon","trifascialis",2,"AD",37365058
11206,"Chaetodontidae","Chaetodon","lunulatus",1,"AD",37365059
11206,"Chaetodontidae","Chaetodon","vagabundus",2,"AD",37365062
11206,"Pomacentridae","Pomacentrus","chrysurus",4,"AD",37372110
11206,"Pomacentridae","Pomacentrus","coelestis",1,"AD",37372111
11206,"Labridae","Labroides","dimidiatus",1,"AD",37384028
11206,"Labridae","Cheilinus","undulatus",1,"AD",37384038
11206,"Labridae","Coris","batuensis",2,"AD",37384098
11206,"Labridae","Epibulus","insidiator",1,"AD",37384104
11206,"Labridae","Gomphosus","varius",1,"JUV",37384106
11206,"Labridae","Hemigymnus","melapterus",1,"AD",37384125
11206,"Labridae","Labrichthys","unilineatus",1,"AD",37384129
11206,"Labridae","Thalassoma","nigrofasciatum",1,"AD",37384196
11206,"Labridae","Scarus","flavipectoralis",2,"AD",37386014
11206,"Labridae","Scarus","frenatus",2,"AD",37386016
11206,"Labridae","Chlorurus","microrhinos",2,"AD",37386020
11206,"Labridae","Chlorurus","sordidus",1,"AD",37386030
11206,"Zanclidae","Zanclus","cornutus",2,"AD",37437001
11206,"Acanthuridae","Acanthurus","blochii",3,"AD",37437007
11206,"Acanthuridae","Acanthurus","nigricauda",3,"AD",37437013
11206,"Acanthuridae","Ctenochaetus","striatus",3,"AD",37437022
11206,"Acanthuridae","Naso","annulatus",1,"AD",37437024
11206,"Acanthuridae","Naso","lituratus",2,"AD",37437029
11206,"Acanthuridae","Naso","unicornis",21,"AD",37437031
11206,"Acanthuridae","Zebrasoma","scopas",1,"AD",37437036
11206,"Acanthuridae","Zebrasoma","veliferum",1,"AD",37437037
11206,"Acanthuridae","Naso","tonganus",3,"AD",37437047
11206,"Siganidae","Siganus","doliatus",2,"AD",37438009
11206,"Scombridae","Scomberomorus","commerson",1,"AD",37441007
11206,"Balistidae","Balistapus","undulatus",1,"AD",37465047
11206,"Balistidae","Balistoides","viridescens",1,"AD",37465048
11207,"Carcharhinidae","Carcharhinus","melanopterus",1,"AD",37018036
11207,"Carcharhinidae","Triaenodon","obesus",1,"AD",37018038
11207,"Serranidae","Plectropomus","leopardus",1,"AD",37311078
11207,"Malacanthidae","Malacanthus","latovittatus",2,"AD",37331010
11207,"Echeneidae","Echeneis","naucrates",1,"AD",37336001
11207,"Lutjanidae","Lutjanus","bohar",3,"AD",37346029
11207,"Lethrinidae","Lethrinus","atkinsoni",6,"AD",37351013
11207,"Mullidae","Parupeneus","multifasciatus",2,"JUV",37355026
11207,"Chaetodontidae","Chaetodon","auriga",1,"AD",37365019
11207,"Chaetodontidae","Chaetodon","vagabundus",2,"AD",37365062
11207,"Pomacentridae","Pomacentrus","amboinensis",1,"AD",37372106
11207,"Pomacentridae","Pomacentrus","chrysurus",1,"AD",37372110
11207,"Labridae","Labroides","dimidiatus",2,"AD",37384028
11207,"Labridae","Cheilinus","undulatus",1,"AD",37384038
11207,"Labridae","Cheilinus","fasciatus",1,"AD",37384066
11207,"Labridae","Coris","batuensis",2,"AD",37384098
11207,"Labridae","Halichoeres","margaritaceus",2,"AD",37384113
11207,"Labridae","Thalassoma","amblycephalum",2,"AD",37384164
11207,"Labridae","Thalassoma","lunare",2,"AD",37384167
11207,"Labridae","Chlorurus","microrhinos",1,"AD",37386020
11207,"Labridae","Scarus","schlegeli",2,"AD",37386029
11207,"Pinguipedidae","Parapercis","schauinslandii",2,"AD",37390017
11207,"Acanthuridae","Acanthurus","nigricauda",2,"AD",37437013
11207,"Acanthuridae","Ctenochaetus","striatus",2,"AD",37437022
11207,"Acanthuridae","Naso","lituratus",2,"AD",37437029
11207,"Acanthuridae","Naso","unicornis",2,"AD",37437031
11207,"Balistidae","Balistapus","undulatus",1,"AD",37465047
11208,"Serranidae","Epinephelus","maculatus",1,"AD",37311011
11208,"Echeneidae","Echeneis","naucrates",1,"AD",37336001
11208,"Carangidae","Turrum","fulvoguttatus",1,"AD",37337037
11208,"Carangidae","Caranx","papuensis",1,"AD",37337064
11208,"Nemipteridae","Scolopsis","regina",1,"AD",37347006
11208,"Lethrinidae","Lethrinus","ravus",3,"AD",37351031
11208,"Mullidae","Parupeneus","indicus",3,"AD",37355005
11208,"Mullidae","Parupeneus","barberinus",3,"AD",37355022
11208,"Chaetodontidae","Chaetodon","auriga",2,"AD",37365019
11208,"Chaetodontidae","Chaetodon","vagabundus",2,"AD",37365062
11208,"Pomacentridae","Dascyllus","reticulatus",16,"AD",37372074
11208,"Pomacentridae","Pomacentrus","chrysurus",3,"AD",37372110
11208,"Labridae","Choerodon","schoenleinii",1,"AD",37384010
11208,"Labridae","Oxycheilinus","bimaculatus",2,"AD",37384063
11208,"Labridae","Coris","batuensis",2,"AD",37384098
11208,"Acanthuridae","Acanthurus","grammoptilus",1,"AD",37437002
11208,"Acanthuridae","Naso","unicornis",1,"AD",37437031
11208,"Balistidae","Pseudobalistes","fuscus",3,"AD",37465027
11208,"Balistidae","Balistapus","undulatus",1,"AD",37465047
11208,"Balistidae","Sufflamen","chrysopterum",2,"AD",37465079
11209,"Carcharhinidae","Carcharhinus","amblyrhynchos",1,"JUV",37018030
11209,"Carcharhinidae","Triaenodon","obesus",1,"AD",37018038
11209,"Dasyatidae","Pastinachus","ater",1,"AD",37035011
11209,"Serranidae","Plectropomus","leopardus",1,"AD",37311078
11209,"Serranidae","Cephalopholis","argus",1,"AD",37311082
11209,"Serranidae","Aethaloperca","rogaa",1,"AD",37311134
11209,"Echeneidae","Echeneis","naucrates",1,"JUV",37336001
11209,"Carangidae","Turrum","fulvoguttatus",2,"AD",37337037
11209,"Carangidae","Caranx","melampygus",8,"AD",37337050
11209,"Caesionidae","Caesio","cuning",35,"AD",37346018
11209,"Lutjanidae","Lutjanus","bohar",1,"AD",37346029
11209,"Nemipteridae","Scolopsis","regina",1,"AD",37347006
11209,"Nemipteridae","Scolopsis","lineata",1,"AD",37347032
11209,"Lethrinidae","Lethrinus","obsoletus",1,"AD",37351019
11209,"Lethrinidae","Monotaxis","grandoculis",1,"AD",37351026
11209,"Mullidae","Parupeneus","cyclostomus",1,"AD",37355025
11209,"Mullidae","Parupeneus","multifasciatus",2,"JUV",37355026
11209,"Chaetodontidae","Chaetodon","baronessa",2,"AD",37365034
11209,"Chaetodontidae","Chaetodon","ephippium",2,"AD",37365037
11209,"Chaetodontidae","Chaetodon","lineolatus",1,"AD",37365041
11209,"Chaetodontidae","Chaetodon","vagabundus",2,"AD",37365062
11209,"Pomacanthidae","Pygoplites","diacanthus",1,"AD",37365082
11209,"Pomacentridae","Pomacentrus","reidi",1,"AD",37372124
11209,"Labridae","Cheilinus","fasciatus",1,"AD",37384066
11209,"Labridae","Cirrhilabrus","punctatus",1,"AD",37384083
11209,"Labridae","Coris","batuensis",2,"AD",37384098
11209,"Labridae","Epibulus","insidiator",1,"AD",37384104
11209,"Labridae","Thalassoma","amblycephalum",7,"AD",37384164
11209,"Labridae","Thalassoma","lunare",2,"AD",37384167
11209,"Labridae","Thalassoma","nigrofasciatum",3,"AD",37384196
11209,"Labridae","Scarus","flavipectoralis",3,"AD",37386014
11209,"Labridae","Scarus","niger",1,"AD",37386021
11209,"Labridae","Scarus","schlegeli",1,"AD",37386029
11209,"Labridae","Chlorurus","sordidus",3,"AD",37386030
11209,"Acanthuridae","Acanthurus","blochii",3,"AD",37437007
11209,"Acanthuridae","Acanthurus","nigricauda",2,"AD",37437013
11209,"Acanthuridae","Acanthurus","olivaceus",1,"AD",37437016
11209,"Acanthuridae","Acanthurus","xanthopterus",1,"AD",37437020
11209,"Acanthuridae","Ctenochaetus","striatus",2,"AD",37437022
11209,"Acanthuridae","Naso","lituratus",1,"AD",37437029
11209,"Acanthuridae","Zebrasoma","veliferum",2,"AD",37437037
11209,"Siganidae","Siganus","doliatus",2,"AD",37438009
11209,"Balistidae","Abalistes","stellatus",1,"AD",37465011
11209,"Balistidae","Balistapus","undulatus",2,"AD",37465047
11209,"Balistidae","Balistoides","viridescens",1,"AD",37465048
11209,"Nemipteridae","Scolopsis","margaritifera",1,"AD",37992119
11210,"Serranidae","Epinephelus","fuscoguttatus",1,"AD",37311021
11210,"Serranidae","Plectropomus","leopardus",2,"AD",37311078
11210,"Carangidae","Caranx","papuensis",2,"AD",37337064
11210,"Carangidae","Craterognathus","plagiotaenia",1,"AD",37337070
11210,"Lutjanidae","Lutjanus","carponotatus",1,"AD",37346011
11210,"Lutjanidae","Lutjanus","argentimaculatus",1,"AD",37346015
11210,"Caesionidae","Caesio","cuning",30,"AD",37346018
11210,"Lutjanidae","Lutjanus","bohar",2,"AD",37346029
11210,"Lethrinidae","Lethrinus","atkinsoni",1,"AD",37351013
11210,"Chaetodontidae","Chaetodon","lineolatus",1,"AD",37365041
11210,"Labridae","Labroides","dimidiatus",1,"AD",37384028
11210,"Labridae","Thalassoma","lunare",1,"AD",37384167
11211,"Carcharhinidae","Carcharhinus","amblyrhynchos",1,"AD",37018030
11211,"Carcharhinidae","Triaenodon","obesus",1,"AD",37018038
11211,"Serranidae","Plectropomus","maculatus",1,"AD",37311012
11211,"Echeneidae","Echeneis","naucrates",1,"AD",37336001
11211,"Carangidae","Turrum","caeruleopinnatum",2,"AD",37337021
11211,"Carangidae","Turrum","fulvoguttatus",6,"AD",37337037
11211,"Nemipteridae","Scolopsis","bilineata",1,"AD",37347031
11211,"Lethrinidae","Lethrinus","atkinsoni",1,"AD",37351013
11211,"Lethrinidae","Lethrinus","semicinctus",1,"AD",37351016
11211,"Mullidae","Parupeneus","barberinus",1,"AD",37355022
11211,"Mullidae","Parupeneus","multifasciatus",1,"AD",37355026
11211,"Chaetodontidae","Chelmon","rostratus",2,"AD",37365017
11211,"Chaetodontidae","Chaetodon","ephippium",2,"AD",37365037
11211,"Chaetodontidae","Chaetodon","vagabundus",1,"AD",37365062
11211,"Pomacentridae","Chromis","atripectoralis",1,"AD",37372036
11211,"Pomacentridae","Pomacentrus","amboinensis",3,"AD",37372106
11211,"Pomacentridae","Pomacentrus","chrysurus",1,"AD",37372110
11211,"Pomacentridae","Pomacentrus","coelestis",6,"AD",37372111
11211,"Pomacentridae","Pomacentrus","moluccensis",2,"AD",37372118
11211,"Labridae","Choerodon","anchorago",3,"AD",37384071
11211,"Labridae","Halichoeres","chrysus",1,"AD",37384110
11211,"Labridae","Halichoeres","margaritaceus",1,"AD",37384113
11211,"Labridae","Hemigymnus","melapterus",1,"AD",37384125
11211,"Labridae","Cetoscarus","ocellatus",1,"AD",37386007
11211,"Labridae","Chlorurus","sordidus",1,"AD",37386030
11211,"Acanthuridae","Acanthurus","nigricauda",1,"AD",37437013
11211,"Acanthuridae","Naso","unicornis",1,"AD",37437031
11211,"Siganidae","Siganus","doliatus",2,"AD",37438009
11211,"Balistidae","Pseudobalistes","fuscus",1,"AD",37465027
11211,"Tetraodontidae","Feroxodon","multistriatus",1,"AD",37467010
