Sample,Family,Genus,Species,Count,Length,Code,Filename,Frame,Time (mins),Precision (mm),RMS (mm),Range (mm),Direction (deg),Comment,Stage,Activity,Length_Comment
PEEI01_1811,Scorpididae,Tilodon,sexfasciatus,1,229.737,37361003,PEEI01_L.avi,5851,3.9007,2.555,2.195,1545.48,29.811,,AD,Passing,
PEEI01_1811,Labridae,Notolabrus,parilus,1,310.44,37384022,PEEI01_L.avi,7140,4.76,5.339,3.811,2063.804,26.608,,AD,Passing,
PEEI01_1811,Monacanthidae,Meuschenia,flavolineata,1,259.295,37465035,PEEI01_L.avi,13923,9.282,8.044,1.643,3549.932,3.002,,AD,Passing,
PEEI01_1811,Monacanthidae,Meuschenia,hippocrepis,1,226.612,37465004,PEEI01_L.avi,15251,10.1673,1.155,2.59,1416.111,8.689,,AD,Passing,
PEEI01_1811,Monacanthidae,Meuschenia,hippocrepis,1,336.352,37465004,PEEI01_L.avi,15273,10.182,3.316,3.706,1742.688,1.185,,AD,Passing,
PEEI01_1811,Monacanthidae,Meuschenia,hippocrepis,1,287.334,37465004,PEEI01_L.avi,15360,10.24,0.697,0.954,868.605,13.922,,AD,Passing,
PEEI01_1811,Monacanthidae,Meuschenia,hippocrepis,1,389.353,37465004,PEEI01_L.avi,15360,10.24,1.755,7.288,1374.792,15.535,,AD,Passing,
PEEI01_1811,Monacanthidae,Meuschenia,hippocrepis,1,345.979,37465004,PEEI01_L.avi,15360,10.24,0.509,5.045,582.051,6.131,,AD,Passing,
PEEI01_1811,Cheilodactylidae,Cheilodactylus,nigripes,1,321.271,37377001,PEEI01_L.avi,16563,11.042,9.81,0.587,2302.552,24.77,,AD,Passing,
PEEI01_1811,Labridae,Notolabrus,tetricus,1,235.522,37384003,PEEI01_L.avi,16810,11.2067,2.14,1.053,1615.877,19.376,,AD,Passing,
PEEI01_1811,Labridae,Notolabrus,tetricus,1,233.032,37384003,PEEI01_L.avi,16810,11.2067,2.047,3.03,1473.525,25.227,,AD,Passing,
PEEI01_1811,Labridae,Notolabrus,tetricus,1,187.506,37384003,PEEI01_L.avi,16810,11.2067,4.688,2.453,1767.452,7.733,,AD,Passing,
PEEI01_1811,Labridae,Notolabrus,parilus,1,393.83,37384022,PEEI01_L.avi,18135,12.09,4.01,3.518,1884.244,25.793,,AD,Passing,
PEEI01_1811,Labridae,Pictilabrus,laticlavius,1,240.608,37384020,PEEI01_L.avi,18465,12.31,5.206,16.238,2810.493,21.765,,AD,Passing,
PEEI01_1811,Monacanthidae,Meuschenia,freycineti,1,296.444,37465036,PEEI01_L.avi,24029,16.0193,1.125,4.795,942.513,14.913,,AD,Passing,
PEEI01_1811,Cheilodactylidae,Nemadactylus,valenciennesi,1,749.375,37377004,PEEI01_L.avi,24034,16.0227,9.707,1.38,2237.789,23.782,,AD,Passing,
PEEI01_1811,Labridae,Achoerodus,gouldii,1,533.195,37384002,PEEI01_L.avi,26430,17.62,3.756,2.476,1507.067,24.475,,AD,Passing,
PEEI01_1811,Aulopidae,Latropiscis,purpurissatus,1,371.297,37117001,PEEI01_L.avi,30882,20.588,3.176,3.397,1429.516,24.028,,AD,Passing,
PEEI01_1811,Mullidae,Upeneichthys,vlamingii,1,234.868,37355029,PEEI01_L.avi,31698,21.132,5.143,3.299,1826.898,30.368,,AD,Passing,
PEEI01_1811,Carangidae,Pseudocaranx,sp,1,450.001,37337924,PEEI01_L.avi,33732,22.488,4.161,1.176,1867.536,21.632,,AD,Passing,
PEEI01_1811,Carangidae,Pseudocaranx,sp,1,444.583,37337924,PEEI01_L.avi,33738,22.492,3.615,4.007,1391.61,24.877,,AD,Passing,
PEEI01_1811,Mullidae,Upeneichthys,vlamingii,1,184.725,37355029,PEEI01_L.avi,53355,35.57,13.077,2.394,3240.619,6.921,,AD,Passing,
PEEI01_1811,Monacanthidae,Meuschenia,galii,1,248.681,37465040,PEEI01_L.avi,61849,41.2327,2.1,2.226,1350.016,18.88,,AD,Passing,
PEEI01_1811,Monacanthidae,Meuschenia,galii,1,260.788,37465040,PEEI01_L.avi,61878,41.252,6.25,5.176,2170.303,23.914,,AD,Passing,
PEEI01_1811,Myliobatidae,Myliobatis,tenuicaudatus,1,983.933,37039001,PEEI01_L.avi,86179,57.4527,17.714,20.672,4936.367,10.346,,AD,Passing,
PEEI01_1811,Sillaginidae,Sillaginodes,punctatus,1,495.168,37330001,PEEI01_L.avi,87922,58.6147,8.622,1.491,2153.633,27.78,,AD,Passing,
PEEI02_1811,Labridae,Austrolabrus,maculatus,1,126.689,37384025,PEEI02_L.avi,15087,10.058,1.74,7.069,1377.386,30.188,,AD,Passing,
PEEI02_1811,Monacanthidae,Acanthaluteres,vittiger,1,220.011,37465002,PEEI02_L.avi,15421,10.2807,0.88,15.441,1208.138,5.052,,AD,Passing,
PEEI02_1811,Monacanthidae,Meuschenia,galii,1,288.563,37465040,PEEI02_L.avi,18033,12.022,7.342,15.838,2033.342,25.125,,AD,Passing,
PEEI02_1811,Labridae,Notolabrus,parilus,1,264.973,37384022,PEEI02_L.avi,22004,14.6693,1.17,0.877,1446.432,15.93,,AD,Passing,
PEEI02_1811,Labridae,Notolabrus,parilus,1,278.383,37384022,PEEI02_L.avi,22004,14.6693,2.412,8.737,1693.132,15.198,,AD,Passing,
PEEI02_1811,Monacanthidae,Meuschenia,flavolineata,1,220.271,37465035,PEEI02_L.avi,33676,22.4507,11.041,14.526,2573.905,28.194,,AD,Passing,
PEEI02_1811,Carangidae,Pseudocaranx,sp,1,301.784,37337924,PEEI02_L.avi,35745,23.83,3.764,7.469,1574.122,25.1,,AD,Passing,
PEEI02_1811,Carangidae,Pseudocaranx,sp,1,306.664,37337924,PEEI02_L.avi,35745,23.83,3.061,17.586,1852.086,25.879,,AD,Passing,
PEEI02_1811,Kyphosidae,Girella,zebra,1,404.611,37361008,PEEI02_L.avi,38358,25.572,15.404,20.797,5417.42,12.704,,AD,Passing,
PEEI02_1811,Labridae,Pictilabrus,laticlavius,1,225.774,37384020,PEEI02_L.avi,39352,26.2347,7.521,12.717,2781.432,26.169,,AD,Passing,
PEEI02_1811,Serranidae,Caesioperca,rasor,1,113.185,37311003,PEEI02_L.avi,40055,26.7033,7.582,15.817,2249.606,26.975,,AD,Passing,
PEEI02_1811,Serranidae,Caesioperca,rasor,1,127.252,37311003,PEEI02_L.avi,40055,26.7033,3.959,10.349,1925.654,22.698,,AD,Passing,
PEEI02_1811,Serranidae,Caesioperca,rasor,1,109.524,37311003,PEEI02_L.avi,40055,26.7033,3.421,16.517,1949.352,26.828,,AD,Passing,
PEEI02_1811,Monacanthidae,Meuschenia,hippocrepis,1,334.825,37465004,PEEI02_L.avi,40546,27.0307,4.272,3.783,2431.841,20.276,,AD,Passing,
PEEI02_1811,Monacanthidae,Meuschenia,hippocrepis,1,338.344,37465004,PEEI02_L.avi,40552,27.0347,0.789,14.715,928.258,6.28,,AD,Passing,
PEEI02_1811,Monacanthidae,Meuschenia,hippocrepis,1,365.361,37465004,PEEI02_L.avi,40561,27.0407,3.68,3.705,1999.104,18.391,,AD,Passing,
PEEI02_1811,Mullidae,Upeneichthys,vlamingii,1,245.927,37355029,PEEI02_L.avi,47986,31.9907,1.946,2.296,2240.881,4.996,,AD,Passing,
PEEI02_1811,Tetraodontidae,Omegophora,cyanopunctata,1,201.313,37467048,PEEI02_L.avi,57324,38.216,9.506,11.684,2374.25,31.113,,AD,Passing,
PEEI02_1811,Carangidae,Seriola,hippos,1,879.556,37337007,PEEI02_L.avi,78733,52.4887,9.182,36.414,3928.525,12.484,,J,Passing,
PEEI02_1811,Labridae,Notolabrus,tetricus,1,298.367,37384003,PEEI02_L.avi,84513,56.342,4.706,46.473,1872.452,10.095,,AD,Passing,
PEEI02_1811,Labridae,Notolabrus,tetricus,1,301.535,37384003,PEEI02_L.avi,84513,56.342,1.825,22.235,2047.663,9.026,,AD,Passing,
PEEI02_1811,Labridae,Notolabrus,tetricus,1,298.607,37384003,PEEI02_L.avi,84523,56.3487,1.752,41.992,1206.879,16.616,,AD,Passing,
PEEI02_1811,Berycidae,Centroberyx,lineatus,1,189.741,37258005,PEEI02_L.avi,88834,59.2227,2.126,8.855,2367.282,6.327,,AD,Passing,
PEEI02_1811,Berycidae,Centroberyx,lineatus,1,192.324,37258005,PEEI02_L.avi,88834,59.2227,1.893,4.404,2237.309,4.085,,AD,Passing,
PEEI02_1811,Berycidae,Centroberyx,lineatus,1,226.702,37258005,PEEI02_L.avi,88834,59.2227,12.092,14.026,2454.971,12.874,,AD,Passing,
PEEI02_1811,Berycidae,Centroberyx,lineatus,1,174.711,37258005,PEEI02_L.avi,88834,59.2227,11.652,19.87,2599.504,29.503,,AD,Passing,
PEEI02_1811,Berycidae,Centroberyx,lineatus,1,122.407,37258005,PEEI02_L.avi,88834,59.2227,4.694,12.991,2279.313,25.357,,AD,Passing,
PEEI02_1811,Cheilodactylidae,Nemadactylus,valenciennesi,1,287.381,37377004,PEEI02_L.avi,89958,59.972,1.29,5.996,1433.245,18.518,,AD,Passing,
PEEI03_1811,Mullidae,Upeneichthys,vlamingii,1,181.369,37355029,PEEI03_L.avi,8372,5.5813,4.65,4.801,2201.046,28.201,,AD,Passing,
PEEI03_1811,Mullidae,Upeneichthys,vlamingii,1,234.96,37355029,PEEI03_L.avi,8372,5.5813,9.907,7.291,2973.048,1.981,,AD,Passing,
PEEI03_1811,Mullidae,Upeneichthys,vlamingii,1,195.033,37355029,PEEI03_L.avi,8372,5.5813,7.318,6.381,2862.177,9.47,,AD,Passing,
PEEI03_1811,Mullidae,Upeneichthys,vlamingii,1,214.323,37355029,PEEI03_L.avi,8372,5.5813,9.413,10.761,2822.59,10.705,,AD,Passing,
PEEI03_1811,Labridae,Achoerodus,gouldii,1,395.714,37384002,PEEI03_L.avi,9652,6.4347,3.292,2.76,1985.197,20.947,,AD,Passing,
PEEI03_1811,Monacanthidae,Meuschenia,hippocrepis,1,378.127,37465004,PEEI03_L.avi,10216,6.8107,1.066,3.899,1315.556,6.898,,AD,Passing,
PEEI03_1811,Monacanthidae,Meuschenia,hippocrepis,1,341.074,37465004,PEEI03_L.avi,10229,6.8193,5.472,4.785,1731.846,18.687,,AD,Passing,
PEEI03_1811,Monacanthidae,Meuschenia,flavolineata,1,305.703,37465035,PEEI03_L.avi,10248,6.832,6.83,2.356,3200.876,20.864,,AD,Passing,
PEEI03_1811,Monacanthidae,Meuschenia,hippocrepis,1,270.156,37465004,PEEI03_L.avi,10266,6.844,5.471,5.369,2018.956,27.639,,AD,Passing,
PEEI03_1811,Monacanthidae,Meuschenia,hippocrepis,1,312.803,37465004,PEEI03_L.avi,10266,6.844,2.885,3.143,1858.369,23.905,,AD,Passing,
PEEI03_1811,Monacanthidae,Meuschenia,hippocrepis,1,372.085,37465004,PEEI03_L.avi,10287,6.858,1.027,2.55,1097.138,19.816,,AD,Passing,
PEEI03_1811,Labridae,Pictilabrus,laticlavius,1,213.475,37384020,PEEI03_L.avi,13936,9.2907,2.841,3.439,1988.236,20.01,,M,Passing,
PEEI03_1811,Labridae,Pictilabrus,laticlavius,1,209.969,37384020,PEEI03_L.avi,16294,10.8627,5.264,6.786,2620.151,12.329,,AD,Passing,
PEEI03_1811,Labridae,Notolabrus,tetricus,1,329.583,37384003,PEEI03_L.avi,17663,11.7753,15.572,6.639,2949.508,22.832,,AD,Passing,
PEEI03_1811,Labridae,Notolabrus,tetricus,1,409.551,37384003,PEEI03_L.avi,17703,11.802,7.886,15.192,3165.3,11.255,,AD,Passing,
PEEI03_1811,Labridae,Notolabrus,tetricus,1,200.899,37384003,PEEI03_L.avi,17723,11.8153,1.218,2.873,1217.184,16.706,,AD,Passing,
PEEI03_1811,Labridae,Austrolabrus,maculatus,1,127.295,37384025,PEEI03_L.avi,19342,12.8947,5.3,10.026,2127.698,8.447,,AD,Passing,
PEEI03_1811,Labridae,Notolabrus,parilus,1,289.904,37384022,PEEI03_L.avi,27498,18.332,3.122,2.942,2067.734,9.28,,AD,Passing,
PEEI03_1811,Monacanthidae,Acanthaluteres,vittiger,1,202.252,37465002,PEEI03_L.avi,29163,19.442,16.116,2.692,3489.552,11.278,,AD,Passing,
PEEI03_1811,Labridae,Heteroscarus,acroptilus,1,188.273,37385010,PEEI03_L.avi,32017,21.3447,4.358,13.705,2253.467,20.68,,AD,Passing,
PEEI03_1811,Tetraodontidae,Omegophora,cyanopunctata,1,175.073,37467048,PEEI03_L.avi,71999,47.9993,2.011,4.722,1402.699,29.242,,AD,Passing,
PEEI03_1811,Serranidae,Caesioperca,rasor,1,250.675,37311003,PEEI03_L.avi,84544,56.3627,7.966,9.305,3114.191,2.487,,AD,Passing,
PEEI03_1811,Carangidae,Pseudocaranx,sp,1,420.823,37337924,PEEI03_L.avi,90361,60.2407,9.067,8.627,2611.654,21.494,,AD,Passing,
PEEI04_1811,Labridae,Heteroscarus,acroptilus,1,188.827,37385010,PEEI04_L.avi,5234,3.4893,1.162,0.924,1080.396,25.005,,AD,Passing,
PEEI04_1811,Monacanthidae,Meuschenia,hippocrepis,1,322.315,37465004,PEEI04_L.avi,6827,4.5513,1.287,0.16,1076.574,9.367,,AD,Passing,
PEEI04_1811,Monacanthidae,Meuschenia,hippocrepis,1,389.497,37465004,PEEI04_L.avi,6827,4.5513,5.193,3.313,2036.572,15.5,,AD,Passing,
PEEI04_1811,Monacanthidae,Meuschenia,hippocrepis,1,275.191,37465004,PEEI04_L.avi,6839,4.5593,1.122,3.873,1174.78,15.235,,AD,Passing,
PEEI04_1811,Monacanthidae,Meuschenia,hippocrepis,1,246.585,37465004,PEEI04_L.avi,6852,4.568,1.161,4.229,1372.106,13.009,,AD,Passing,
PEEI04_1811,Monacanthidae,Meuschenia,galii,1,230.097,37465040,PEEI04_L.avi,8534,5.6893,0.951,1.017,790.771,14.549,,AD,Passing,
PEEI04_1811,Labridae,Notolabrus,parilus,1,360.437,37384022,PEEI04_L.avi,12237,8.158,2.101,1.43,1630.242,28.707,,AD,Passing,
PEEI04_1811,Labridae,Pictilabrus,laticlavius,1,181.068,37384020,PEEI04_L.avi,18088,12.0587,4.696,2.205,2214.163,18.038,,AD,Passing,
PEEI04_1811,Gerreidae,Parequula,melbournensis,1,170.206,37349001,PEEI04_L.avi,20616,13.744,1.978,4.612,2632.883,18.43,,AD,Passing,
PEEI04_1811,Serranidae,Caesioperca,rasor,1,221.208,37311003,PEEI04_L.avi,21218,14.1453,3.602,4.758,1623.635,26.335,,AD,Passing,
PEEI04_1811,Berycidae,Centroberyx,lineatus,1,233.037,37258005,PEEI04_L.avi,22692,15.128,4.262,2.936,2248.849,20.177,,AD,Passing,
PEEI04_1811,Carangidae,Pseudocaranx,sp,1,208.826,37337924,PEEI04_L.avi,26198,17.4653,4.655,9.661,1581.797,12.303,,AD,Passing,
PEEI04_1811,Carangidae,Pseudocaranx,sp,1,207.095,37337924,PEEI04_L.avi,26198,17.4653,5.124,6.288,1663.198,21.293,,AD,Passing,
PEEI04_1811,Carangidae,Pseudocaranx,sp,1,267.63,37337924,PEEI04_L.avi,26201,17.4673,5.073,1.222,3204.392,14.478,,AD,Passing,
PEEI04_1811,Carangidae,Pseudocaranx,sp,1,200.794,37337924,PEEI04_L.avi,26217,17.478,2.373,3.933,1162.325,27.449,,AD,Passing,
PEEI04_1811,Tetraodontidae,Omegophora,armilla,1,109.362,37467002,PEEI04_L.avi,53043,35.362,4.382,1.294,1796.969,22.823,,AD,Passing,
PEEI04_1811,Labridae,Notolabrus,tetricus,1,248.747,37384003,PEEI04_L.avi,58478,38.9853,4.134,2.366,2510.824,22.862,,AD,Passing,
PEEI04_1811,Labridae,Notolabrus,tetricus,1,314.871,37384003,PEEI04_L.avi,58500,39,4.852,4.297,2936.111,17.759,,AD,Passing,
PEEI04_1811,Labridae,Notolabrus,tetricus,1,307.497,37384003,PEEI04_L.avi,58500,39,4.665,7.775,1662.398,22.88,,AD,Passing,
PEEI04_1811,Labridae,Notolabrus,tetricus,1,257.158,37384003,PEEI04_L.avi,58508,39.0053,2.93,6.792,1369.884,22.142,,AD,Passing,
PEEI04_1811,Heterodontidae,Heterodontus,portusjacksoni,1,628.652,37007001,PEEI04_L.avi,66430,44.2867,1.313,4.76,1260.738,20.734,,AD,Passing,
PENI01_1811,Monacanthidae,Meuschenia,flavolineata,1,285.088,37465035,PENI01_L.avi,11055,7.37,2.276,4.312,1836.177,21.042,,AD,Passing,
PENI01_1811,Carangidae,Pseudocaranx,sp,1,439.523,37337924,PENI01_L.avi,23664,15.776,2.365,4.792,1659.699,11.347,,AD,Passing,
PENI01_1811,Carangidae,Pseudocaranx,sp,1,424.323,37337924,PENI01_L.avi,23664,15.776,2.635,8.371,1568.66,6.588,,AD,Passing,
PENI01_1811,Carangidae,Pseudocaranx,sp,1,335.463,37337924,PENI01_L.avi,23664,15.776,4.093,4.254,1501.661,25.243,,AD,Passing,
PENI01_1811,Monacanthidae,Meuschenia,hippocrepis,1,240.728,37465004,PENI01_L.avi,26092,17.3947,1.996,5.994,1791.415,5.148,,AD,Passing,
PENI01_1811,Monacanthidae,Meuschenia,hippocrepis,1,267.128,37465004,PENI01_L.avi,26092,17.3947,1.782,3.592,1191.241,22.368,,AD,Passing,
PENI01_1811,Monacanthidae,Meuschenia,hippocrepis,1,276.988,37465004,PENI01_L.avi,26092,17.3947,0.557,1.914,649.591,4.495,,AD,Passing,
PENI01_1811,Monacanthidae,Meuschenia,hippocrepis,1,240.362,37465004,PENI01_L.avi,26093,17.3953,1.603,6.406,1311.938,16.211,,AD,Passing,
PENI01_1811,Monacanthidae,Meuschenia,hippocrepis,1,369.105,37465004,PENI01_L.avi,26095,17.3967,1.074,8.642,1105.089,28.542,,AD,Passing,
PENI01_1811,Monacanthidae,Meuschenia,hippocrepis,1,390.138,37465004,PENI01_L.avi,26101,17.4007,7.071,5.733,2289.216,21.707,,AD,Passing,
PENI01_1811,Labridae,Achoerodus,gouldii,1,501.044,37384002,PENI01_L.avi,33181,22.1207,12.328,8.07,2846.598,7.671,,AD,Passing,
PENI01_1811,Labridae,Achoerodus,gouldii,1,490.911,37384002,PENI01_L.avi,33204,22.136,5.546,8.074,2446.867,15.232,,AD,Passing,
PENI01_1811,Labridae,Coris,auricularis,1,291.273,37384088,PENI01_L.avi,40289,26.8593,6.228,6.809,2874.699,13.112,,AD,Passing,
PENI01_1811,Labridae,Ophthalmolepis,lineolatus,1,325.113,37384040,PENI01_L.avi,40694,27.1293,4.529,3.103,2273.511,20.535,,AD,Passing,
PENI01_1811,Labridae,Ophthalmolepis,lineolatus,1,247.646,37384040,PENI01_L.avi,40705,27.1367,4.709,7.478,2515.984,26.058,,AD,Passing,
PENI01_1811,Labridae,Pictilabrus,laticlavius,1,221.641,37384020,PENI01_L.avi,47803,31.8687,4.199,5.38,1674.401,22.092,,AD,Passing,
PENI01_1811,Labridae,Pictilabrus,laticlavius,1,192.131,37384020,PENI01_L.avi,47803,31.8687,2.02,6.33,1558.919,18.668,,AD,Passing,
PENI01_1811,Labridae,Pictilabrus,laticlavius,1,253.078,37384020,PENI01_L.avi,47803,31.8687,6.644,8.6,1939.283,19.989,,AD,Passing,
PENI01_1811,Gerreidae,Parequula,melbournensis,1,155.733,37349001,PENI01_L.avi,58184,38.7893,5.236,4.923,1885.402,13.795,,AD,Passing,
PENI01_1811,Gerreidae,Parequula,melbournensis,1,173.947,37349001,PENI01_L.avi,58267,38.8447,3.066,4.437,1602.645,9.498,,AD,Passing,
PENI01_1811,Serranidae,Caesioperca,rasor,1,112.774,37311003,PENI01_L.avi,59405,39.6033,5.384,3.873,1762.252,21.34,,AD,Passing,
PENI01_1811,Serranidae,Caesioperca,rasor,1,120.757,37311003,PENI01_L.avi,59425,39.6167,3.069,5.996,1768.52,18.159,,AD,Passing,
PENI01_1811,Serranidae,Caesioperca,rasor,1,105.411,37311003,PENI01_L.avi,59470,39.6467,5.199,5.107,2216.588,21.93,,AD,Passing,
PENI01_1811,Labridae,Notolabrus,parilus,1,294.409,37384022,PENI01_L.avi,60132,40.088,2.316,8.775,2131.279,4.579,,AD,Passing,
PENI01_1811,Labridae,Olisthops,cyanomelas,1,289.783,37385001,PENI01_L.avi,63919,42.6127,10.004,16.252,4366.071,8.779,,AD,Passing,
PENI01_1811,Labridae,Olisthops,cyanomelas,1,373.354,37385001,PENI01_L.avi,63919,42.6127,26.397,12.257,5109.881,20.965,,AD,Passing,
PENI01_1811,Cheilodactylidae,Cheilodactylus,nigripes,1,276.368,37377001,PENI01_L.avi,85608,57.072,2.795,9.604,2196.577,13.688,,AD,Passing,
PENI01_1811,Cheilodactylidae,Cheilodactylus,nigripes,1,308.084,37377001,PENI01_L.avi,85608,57.072,2.887,8.429,1937.132,23.112,,AD,Passing,
PENI01_1811,Labridae,Notolabrus,tetricus,1,280.672,37384003,PENI01_L.avi,89200,59.4667,9.456,22.686,4504.154,7.327,,AD,Passing,
PENI01_1811,Labridae,Notolabrus,tetricus,1,176.946,37384003,PENI01_L.avi,89200,59.4667,5.19,7.224,1686.492,20.618,,AD,Passing,
PENI01_1811,Labridae,Notolabrus,tetricus,1,324.888,37384003,PENI01_L.avi,89200,59.4667,17.566,24.174,3482.446,23.491,,AD,Passing,
PENI01_1811,Labridae,Notolabrus,tetricus,1,221.781,37384003,PENI01_L.avi,89228,59.4853,18.96,15.758,3729.679,6.891,,AD,Passing,
PENI01_1811,Mullidae,Upeneichthys,vlamingii,1,263.417,37355029,PENI01_L.avi,92744,61.8293,4.666,4.053,1624.308,18.984,,AD,Passing,
PENI02_1811,Monacanthidae,Meuschenia,flavolineata,1,245.667,37465035,PENI02_L.avi,13337,8.8913,13.06,2.766,3190.412,3.339,,AD,Passing,
PENI02_1811,Mullidae,Upeneichthys,vlamingii,1,250.207,37355029,PENI02_L.avi,13390,8.9267,4.366,1.008,1784.833,28.864,,AD,Passing,
PENI02_1811,Serranidae,Caesioperca,rasor,1,198.258,37311003,PENI02_L.avi,14707,9.8047,3.323,2.168,2042.639,24.047,,AD,Passing,
PENI02_1811,Monacanthidae,Meuschenia,galii,1,274.257,37465040,PENI02_L.avi,17034,11.356,3.772,2.31,2356.744,17.872,,AD,Passing,
PENI02_1811,Monacanthidae,Meuschenia,hippocrepis,1,294.209,37465004,PENI02_L.avi,22873,15.2487,2.514,3.727,1375.558,20.908,,AD,Passing,
PENI02_1811,Monacanthidae,Meuschenia,hippocrepis,1,354.504,37465004,PENI02_L.avi,22873,15.2487,2.416,4.582,1425.8,20.472,,AD,Passing,
PENI02_1811,Monacanthidae,Meuschenia,hippocrepis,1,342.894,37465004,PENI02_L.avi,22873,15.2487,4.142,1.946,1822.001,10.458,,AD,Passing,
PENI02_1811,Monacanthidae,Meuschenia,hippocrepis,1,335.745,37465004,PENI02_L.avi,22889,15.2593,0.921,3.778,1113.378,7.28,,AD,Passing,
PENI02_1811,Monacanthidae,Meuschenia,hippocrepis,1,350.234,37465004,PENI02_L.avi,22889,15.2593,4.347,1.867,1758.579,11.175,,AD,Passing,
PENI02_1811,Labridae,Pictilabrus,laticlavius,1,198.525,37384020,PENI02_L.avi,25855,17.2367,2.465,3.05,1979.037,10.903,,AD,Passing,
PENI02_1811,Labridae,Ophthalmolepis,lineolatus,1,306.954,37384040,PENI02_L.avi,27147,18.098,4.805,2.473,1809.967,28.786,,AD,Passing,
PENI02_1811,Cheilodactylidae,Nemadactylus,valenciennesi,1,468.177,37377004,PENI02_L.avi,28261,18.8407,33.054,7.815,4555.684,21.369,,AD,Passing,
PENI02_1811,Labridae,Olisthops,cyanomelas,1,341.719,37385001,PENI02_L.avi,30231,20.154,18.214,5.251,3748.123,23.917,,AD,Passing,
PENI02_1811,Berycidae,Centroberyx,gerrardi,1,377.763,37258004,PENI02_L.avi,33709,22.4727,2.964,4.195,1422.028,5.04,,AD,Passing,
PENI02_1811,Monacanthidae,Acanthaluteres,brownii,1,408.419,37465001,PENI02_L.avi,33886,22.5907,10.753,4.047,3130.501,24.768,,AD,Passing,
PENI02_1811,Cheilodactylidae,Cheilodactylus,nigripes,1,300.971,37377001,PENI02_L.avi,37602,25.068,41.84,9.262,5319.041,23.046,,AD,Passing,
PENI02_1811,Cheilodactylidae,Cheilodactylus,nigripes,1,295.523,37377001,PENI02_L.avi,37621,25.0807,4.512,1.294,1952.496,28.699,,AD,Passing,
PENI02_1811,Labridae,Notolabrus,tetricus,1,258.186,37384003,PENI02_L.avi,41910,27.94,9.673,3.486,2531.224,27.164,,AD,Passing,
PENI02_1811,Labridae,Notolabrus,tetricus,1,283.329,37384003,PENI02_L.avi,41912,27.9413,11.503,4.85,4210.619,2.837,,AD,Passing,
PENI02_1811,Labridae,Notolabrus,tetricus,1,271.002,37384003,PENI02_L.avi,41912,27.9413,17.257,8.552,3097.118,18.122,,AD,Passing,
PENI02_1811,Labridae,Notolabrus,tetricus,1,228.828,37384003,PENI02_L.avi,41917,27.9447,21.11,8.282,4422.151,12.122,,AD,Passing,
PENI02_1811,Labridae,Notolabrus,tetricus,1,252.907,37384003,PENI02_L.avi,41917,27.9447,14.709,5.085,3205.962,9.791,,AD,Passing,
PENI02_1811,Labridae,Notolabrus,tetricus,1,327.484,37384003,PENI02_L.avi,42161,28.1073,0.8,2.521,868.101,16.243,,AD,Passing,
PENI02_1811,Labridae,Notolabrus,parilus,1,268.353,37384022,PENI02_L.avi,49075,32.7167,5.465,4.398,1727.883,25.761,,AD,Passing,
PENI02_1811,Gerreidae,Parequula,melbournensis,1,169.435,37349001,PENI02_L.avi,53783,35.8553,3.45,1.369,1971.529,29.779,,AD,Passing,
PENI02_1811,Carangidae,Pseudocaranx,sp,1,406.725,37337924,PENI02_L.avi,54106,36.0707,11.824,2.237,4061.292,10.365,,AD,Passing,
PENI02_1811,Carangidae,Pseudocaranx,sp,1,420.7,37337924,PENI02_L.avi,54106,36.0707,21.85,10.88,5052.944,16.897,,AD,Passing,
PENI02_1811,Berycidae,Centroberyx,lineatus,1,182.21,37258005,PENI02_L.avi,74444,49.6293,11.714,5.692,3532.693,3.744,,AD,Passing,
PENI02_1811,Berycidae,Centroberyx,lineatus,1,192.749,37258005,PENI02_L.avi,74444,49.6293,13.671,9.46,3408.902,6.589,,AD,Passing,
PENI02_1811,Tetraodontidae,Omegophora,armilla,1,166.801,37467002,PENI02_L.avi,84096,56.064,7.03,6.548,2772.194,26.811,,AD,Passing,
PENI02_1811,Labridae,Achoerodus,gouldii,1,416.497,37384002,PENI02_L.avi,97764,65.176,7.933,7.906,4066.388,11.078,,AD,Passing,
PENI02_1811,Labridae,Achoerodus,gouldii,1,517.185,37384002,PENI02_L.avi,97779,65.186,12.714,4.301,3903.59,15.363,,AD,Passing,
PESI02_1811,Kyphosidae,Girella,zebra,1,341.355,37361008,PESI02_L.avi,14676,9.784,4.81,9.882,2086.51,28.84,,AD,Passing,
PESI02_1811,Labridae,Achoerodus,gouldii,1,607.742,37384002,PESI02_L.avi,14709,9.806,4.478,5.702,1872.113,16.962,,AD,Passing,
PESI02_1811,Labridae,Achoerodus,gouldii,1,539.58,37384002,PESI02_L.avi,14729,9.8193,4.228,0.725,2576.637,19.787,,AD,Passing,
PESI02_1811,Monacanthidae,Meuschenia,venusta,1,165.809,37465060,PESI02_L.avi,15328,10.2187,3.509,1.261,1626.342,30.684,,AD,Passing,
PESI02_1811,Monacanthidae,Meuschenia,flavolineata,1,249.482,37465035,PESI02_L.avi,19144,12.7627,2.09,3.493,1265.461,17.954,,AD,Passing,
PESI02_1811,Serranidae,Caesioperca,rasor,1,96.021,37311003,PESI02_L.avi,19792,13.1947,2.664,1.861,1589.613,27.639,,AD,Passing,
PESI02_1811,Monacanthidae,Eubalichthys,bucephalus,1,278.538,37465039,PESI02_L.avi,19824,13.216,5.137,1.949,1973.643,28.405,,AD,Passing,
PESI02_1811,Berycidae,Centroberyx,lineatus,1,170.081,37258005,PESI02_L.avi,22633,15.0887,3.535,3.909,1414.65,8.24,,AD,Passing,
PESI02_1811,Berycidae,Centroberyx,lineatus,1,156.212,37258005,PESI02_L.avi,22633,15.0887,1.654,2.009,1159.883,18.991,,AD,Passing,
PESI02_1811,Berycidae,Centroberyx,lineatus,1,159.909,37258005,PESI02_L.avi,22639,15.0927,1.817,0.883,1228.706,27.872,,AD,Passing,
PESI02_1811,Berycidae,Centroberyx,lineatus,1,142.793,37258005,PESI02_L.avi,22647,15.098,1.679,1.613,1456.753,26.909,,AD,Passing,
PESI02_1811,Berycidae,Centroberyx,lineatus,1,154.54,37258005,PESI02_L.avi,22653,15.102,4.416,4.429,1618.879,16.457,,AD,Passing,
PESI02_1811,Berycidae,Centroberyx,lineatus,1,161.987,37258005,PESI02_L.avi,22664,15.1093,2.733,1.261,1362.226,26.782,,AD,Passing,
PESI02_1811,Scorpididae,Scorpis,aequipinnis,1,357.64,37361004,PESI02_L.avi,23923,15.9487,5.443,3.269,2473.304,27.914,,AD,Passing,
PESI02_1811,Scorpididae,Scorpis,aequipinnis,1,232.506,37361004,PESI02_L.avi,23926,15.9507,3.325,1.832,1965.909,15.516,,AD,Passing,
PESI02_1811,Labridae,Notolabrus,tetricus,1,343.743,37384003,PESI02_L.avi,25361,16.9073,2.729,2.406,1644.19,21.74,,AD,Passing,
PESI02_1811,Labridae,Notolabrus,tetricus,1,340.37,37384003,PESI02_L.avi,25584,17.056,1.903,1.946,1113.412,19.58,,AD,Passing,
PESI02_1811,Monacanthidae,Meuschenia,scaber,1,223.034,37465005,PESI02_L.avi,35052,23.368,1.073,1.614,978.76,27.392,,AD,Passing,
PESI02_1811,Labridae,Pictilabrus,laticlavius,1,218.904,37384020,PESI02_L.avi,42981,28.654,5.986,3.354,2747.516,25.306,,AD,Passing,
PESI02_1811,Monacanthidae,Meuschenia,hippocrepis,1,338.738,37465004,PESI02_L.avi,47328,31.552,1.068,2.32,894.927,6.366,,AD,Passing,
PESI02_1811,Monacanthidae,Meuschenia,hippocrepis,1,331.326,37465004,PESI02_L.avi,47328,31.552,1.07,6.161,1368.443,4.657,,AD,Passing,
PESI02_1811,Monacanthidae,Meuschenia,hippocrepis,1,348.038,37465004,PESI02_L.avi,47337,31.558,1.007,4.494,1359.325,1.96,,AD,Passing,
PESI02_1811,Monacanthidae,Meuschenia,hippocrepis,1,363.859,37465004,PESI02_L.avi,47356,31.5707,1.692,2.166,1518.241,20.955,,AD,Passing,
PESI02_1811,Monacanthidae,Meuschenia,hippocrepis,1,234.174,37465004,PESI02_L.avi,47405,31.6033,2.046,3.019,1906.23,12.76,,AD,Passing,
PESI02_1811,Monacanthidae,Meuschenia,galii,1,222.597,37465040,PESI02_L.avi,55361,36.9073,2.092,3.955,1959.261,19.432,,AD,Passing,
PESI02_1811,Cheilodactylidae,Cheilodactylus,nigripes,1,383.683,37377001,PESI02_L.avi,74540,49.6933,3.038,6.519,1296.302,23.135,,AD,Passing,
PESI02_1811,Cheilodactylidae,Cheilodactylus,nigripes,1,313.842,37377001,PESI02_L.avi,74602,49.7347,5.18,4.052,1881.294,21.266,,AD,Passing,
PESI02_1811,Labridae,Ophthalmolepis,lineolatus,1,320.885,37384040,PESI02_L.avi,77975,51.9833,3.081,5.435,1944.068,22.743,,AD,Passing,
PESI02_1811,Labridae,Ophthalmolepis,lineolatus,1,188.282,37384040,PESI02_L.avi,77975,51.9833,3.109,1.094,1599.727,24.915,,AD,Passing,
PESI02_1811,Mullidae,Upeneichthys,vlamingii,1,248.152,37355029,PESI02_L.avi,78233,52.1553,4.716,3.801,1836.219,22.022,,AD,Passing,
PESI02_1811,Berycidae,Centroberyx,gerrardi,1,272.626,37258004,PESI02_L.avi,83067,55.378,1.548,2.636,985.309,17.943,,AD,Passing,
PESI02_1811,Labridae,Notolabrus,parilus,1,337.699,37384022,PESI02_L.avi,86139,57.426,2.799,7.246,1572.22,13.948,,AD,Passing,
PESI02_1811,Labridae,Notolabrus,parilus,1,400.324,37384022,PESI02_L.avi,86142,57.428,0.85,6.16,1031.809,13.368,,AD,Passing,
PESI02_1811,Labridae,Notolabrus,parilus,1,346.595,37384022,PESI02_L.avi,86165,57.4433,1.971,0.767,1124.871,22.88,,AD,Passing,
PESI02_1811,Labridae,Olisthops,cyanomelas,1,289.307,37385001,PESI02_L.avi,96985,64.6567,5.886,19.519,3199.455,14.008,,AD,Passing,
PESI02_1811,Labridae,Olisthops,cyanomelas,1,304.022,37385001,PESI02_L.avi,96994,64.6627,5.041,21.557,3882.448,16.82,,AD,Passing,
PESI02_1811,Labridae,Olisthops,cyanomelas,1,303.805,37385001,PESI02_L.avi,97003,64.6687,6.339,18.643,2868.028,16.396,,AD,Passing,
PESI03_1811,Labridae,Pictilabrus,laticlavius,1,211.57,37384020,PESI03_L.avi,6664,4.4427,10.346,11.137,3858.617,20.399,,AD,Passing,
PESI03_1811,Monacanthidae,Meuschenia,galii,1,280.472,37465040,PESI03_L.avi,8381,5.5873,4.533,7.973,1785.84,27.226,,AD,Passing,
PESI03_1811,Monacanthidae,Meuschenia,hippocrepis,1,347.39,37465004,PESI03_L.avi,18160,12.1067,2.345,5.001,1523.435,18.495,,AD,Passing,
PESI03_1811,Monacanthidae,Meuschenia,hippocrepis,1,332.499,37465004,PESI03_L.avi,18173,12.1153,7.402,2.583,3036.022,23.462,,AD,Passing,
PESI03_1811,Monacanthidae,Meuschenia,hippocrepis,1,277.58,37465004,PESI03_L.avi,18200,12.1333,1.146,4.005,1492.197,8.007,,AD,Passing,
PESI03_1811,Monacanthidae,Meuschenia,hippocrepis,1,343.16,37465004,PESI03_L.avi,18207,12.138,1.344,1.313,1359.67,13.716,,AD,Passing,
PESI03_1811,Monacanthidae,Meuschenia,hippocrepis,1,333.816,37465004,PESI03_L.avi,18207,12.138,0.763,8.45,944.086,1.992,,AD,Passing,
PESI03_1811,Berycidae,Centroberyx,lineatus,1,213.237,37258005,PESI03_L.avi,18997,12.6647,3.079,4.096,2038.447,24.396,,AD,Passing,
PESI03_1811,Serranidae,Caesioperca,rasor,1,216.403,37311003,PESI03_L.avi,30037,20.0247,4.146,4.022,2093.366,22.495,,AD,Passing,
PESI03_1811,Serranidae,Caesioperca,rasor,1,178.572,37311003,PESI03_L.avi,30037,20.0247,3.457,5.071,1709.472,29.799,,AD,Passing,
PESI03_1811,Serranidae,Caesioperca,rasor,1,198.475,37311003,PESI03_L.avi,30037,20.0247,10.837,8.494,2657.101,27.378,,AD,Passing,
PESI03_1811,Serranidae,Caesioperca,rasor,1,218.476,37311003,PESI03_L.avi,30037,20.0247,13.256,10.6,3341.571,20.57,,AD,Passing,
PESI03_1811,Scorpididae,Tilodon,sexfasciatus,1,235.354,37361003,PESI03_L.avi,30345,20.23,1.981,3.48,1829.83,13.436,,AD,Passing,
PESI03_1811,Labridae,Notolabrus,parilus,1,293.606,37384022,PESI03_L.avi,47133,31.422,8.816,9.761,2660.81,4.192,,AD,Passing,
PESI03_1811,Labridae,Notolabrus,parilus,1,284.839,37384022,PESI03_L.avi,47133,31.422,4.679,4.905,2420.667,22.804,,AD,Passing,
PESI03_1811,Labridae,Notolabrus,tetricus,1,274.999,37384003,PESI03_L.avi,47691,31.794,2.988,9.051,2102.059,6.521,,AD,Passing,
PESI03_1811,Labridae,Notolabrus,tetricus,1,354.084,37384003,PESI03_L.avi,47700,31.8,2.072,7.047,1196.409,24.676,,AD,Passing,
PESI03_1811,Labridae,Notolabrus,tetricus,1,252.626,37384003,PESI03_L.avi,47700,31.8,2.735,5.837,1637.589,2.363,,AD,Passing,
PESI03_1811,Mullidae,Upeneichthys,vlamingii,1,184.468,37355029,PESI03_L.avi,53685,35.79,1.845,7.096,1270.654,31.023,,AD,Passing,
PESI03_1811,Mullidae,Upeneichthys,vlamingii,1,166.28,37355029,PESI03_L.avi,53701,35.8007,1.584,9.25,1330.793,24.749,,AD,Passing,
PESI03_1811,Carangidae,Pseudocaranx,sp,1,314.156,37337924,PESI03_L.avi,70311,46.874,4.691,12.43,2597.43,3.743,,AD,Passing,
PESI03_1811,Tetraodontidae,Omegophora,armilla,1,218.42,37467002,PESI03_L.avi,90945,60.63,14.346,3.061,2947.785,30.103,,AD,Passing,
PESI03_1811,Tetraodontidae,Omegophora,armilla,1,174.836,37467002,PESI03_L.avi,90945,60.63,4.056,7.669,2062.373,8.775,,AD,Passing,
PECO01_1811,Gerreidae,Parequula,melbournensis,1,94.932,37349001,FICO01_L.avi,12406,8.2707,1.237,0.236,1014.193,15.211,,AD,Passing,
PECO01_1811,Gerreidae,Parequula,melbournensis,1,55.578,37349001,FICO01_L.avi,12406,8.2707,1.509,0.281,905.53,17.504,,AD,Passing,
PECO01_1811,Gerreidae,Parequula,melbournensis,1,55.657,37349001,FICO01_L.avi,12406,8.2707,1.689,1.789,1261.876,16.02,,AD,Passing,
PECO01_1811,Gerreidae,Parequula,melbournensis,1,68.134,37349001,FICO01_L.avi,12406,8.2707,1.011,1.208,814.978,20.013,,AD,Passing,
PECO01_1811,Gerreidae,Parequula,melbournensis,1,46.737,37349001,FICO01_L.avi,12406,8.2707,1.316,1.067,1305.66,18.147,,AD,Passing,
PECO01_1811,Labridae,Dotalabrus,aurantiacus,1,108.78,37384018,FICO01_L.avi,17860,11.9067,1.881,4.994,2039.107,24.88,,AD,Passing,
PECO01_1811,Monacanthidae,Acanthaluteres,vittiger,1,129.365,37465002,FICO01_L.avi,19254,12.836,1.287,1.718,1244.163,24.655,,AD,Passing,
PECO01_1811,Mullidae,Upeneichthys,vlamingii,1,223.91,37355029,FICO01_L.avi,21747,14.498,2.203,2.328,1663.159,21.166,,AD,Passing,
PECO01_1811,Monacanthidae,Scobinichthys,granulatus,1,271.999,37465007,FICO01_L.avi,25670,17.1133,2.877,5.302,1848.63,26.089,,AD,Passing,
PECO01_1811,Labridae,Austrolabrus,maculatus,1,88.722,37384025,FICO01_L.avi,28502,19.0013,3.758,0.198,2035.118,18.729,,AD,Passing,
PECO01_1811,Carangidae,Pseudocaranx,sp,1,117.158,37337924,FICO01_L.avi,33222,22.148,3.883,0.064,1659.673,16.687,,AD,Passing,
PECO01_1811,Carangidae,Pseudocaranx,sp,1,140.8,37337924,FICO01_L.avi,33222,22.148,3.445,1.364,1660.144,17.265,,AD,Passing,
PECO01_1811,Carangidae,Pseudocaranx,sp,1,129.817,37337924,FICO01_L.avi,33222,22.148,5.839,1.255,1831.354,21.758,,AD,Passing,
PECO01_1811,Carangidae,Pseudocaranx,sp,1,148.873,37337924,FICO01_L.avi,33222,22.148,2.103,0.427,1660.95,14.815,,AD,Passing,
PECO01_1811,Carangidae,Pseudocaranx,sp,1,131.294,37337924,FICO01_L.avi,33222,22.148,3.241,1.044,1518.549,14.256,,AD,Passing,
PECO01_1811,Carangidae,Pseudocaranx,sp,1,137.359,37337924,FICO01_L.avi,33222,22.148,2.403,1.244,1668.874,5.784,,AD,Passing,
PECO01_1811,Carangidae,Pseudocaranx,sp,1,125.03,37337924,FICO01_L.avi,33222,22.148,1.417,2.651,1752.176,5.685,,AD,Passing,
PECO01_1811,Carangidae,Pseudocaranx,sp,1,141.064,37337924,FICO01_L.avi,33222,22.148,2.445,0.473,1588.456,15.747,,AD,Passing,
PECO01_1811,Carangidae,Pseudocaranx,sp,1,131.272,37337924,FICO01_L.avi,33222,22.148,2.936,0.339,1922.359,15.575,,AD,Passing,
PECO01_1811,Labridae,Notolabrus,parilus,1,217.935,37384022,FICO01_L.avi,38280,25.52,3.777,3.111,1488.138,25.342,,AD,Passing,
PECO01_1811,Serranidae,Caesioperca,rasor,1,95.671,37311003,FICO01_L.avi,41748,27.832,1.979,0.846,1339.257,14.618,,AD,Passing,
PECO01_1811,Serranidae,Caesioperca,rasor,1,86.708,37311003,FICO01_L.avi,41748,27.832,6.67,1.338,1980.296,3.914,,AD,Passing,
PECO01_1811,Sillaginidae,Sillaginodes,punctatus,1,348.202,37330001,FICO01_L.avi,43230,28.82,8.383,3.8,2916.589,24.515,,AD,Attracted,
PECO01_1811,Sillaginidae,Sillaginodes,punctatus,1,346.434,37330001,FICO01_L.avi,44750,29.8333,2.521,2.012,1845.628,2.83,,AD,Passing,
PECO01_1811,Platycephalidae,Platycephalus,aurimaculatus,1,467.443,37296035,FICO01_L.avi,47666,31.7773,2.533,1.918,1792.627,3.334,,AD,Passing,
PECO01_1811,Loliginidae,Sepioteuthis,australis,1,289.96,23617005,FICO01_L.avi,56758,37.8387,10.003,0.897,2737.247,20.465,,AD,Passing,
PECO01_1811,Myliobatidae,Myliobatis,tenuicaudatus,1,629.665,37039001,FICO01_L.avi,68231,45.4873,7.304,1,3257.585,8.064,,AD,Passing,
PECO01_1811,Platycephalidae,Platycephalus,speculator,1,387.452,37296037,FICO01_L.avi,75655,50.4367,3.088,1.381,1559.238,8.996,,AD,Passing,
PECO02_1811,Labridae,Notolabrus,parilus,1,207.451,37384022,FICO02_L.avi,4923,3.282,7.505,3.093,2278.47,28.239,,AD,Passing,
PECO02_1811,Monacanthidae,Meuschenia,galii,1,299.826,37465040,FICO02_L.avi,6894,4.596,2.095,3.285,1410.571,14.776,,AD,Passing,
PECO02_1811,Gerreidae,Parequula,melbournensis,1,141.385,37349001,FICO02_L.avi,8169,5.446,6.266,2.823,1920.122,27.534,,AD,Passing,
PECO02_1811,Sillaginidae,Sillaginodes,punctatus,1,423.839,37330001,FICO02_L.avi,18304,12.2027,7.953,5.101,2294.861,8.802,,AD,Attracted,
PECO02_1811,Sillaginidae,Sillaginodes,punctatus,1,394.61,37330001,FICO02_L.avi,18304,12.2027,3.178,4.9,2868.033,7.758,,AD,Attracted,
PECO02_1811,Serranidae,Caesioperca,rasor,1,103.586,37311003,FICO02_L.avi,19105,12.7367,0.458,1.323,575.669,15.094,,AD,Attracted,
PECO02_1811,Serranidae,Caesioperca,rasor,1,100.613,37311003,FICO02_L.avi,19105,12.7367,0.898,9.818,890.075,16.045,,AD,Attracted,
PECO02_1811,Cheilodactylidae,Cheilodactylus,nigripes,1,326.784,37377001,FICO02_L.avi,19930,13.2867,4.681,0.958,2019.589,19.486,,AD,Passing,
PECO02_1811,Tetraodontidae,Omegophora,armilla,1,157.69,37467002,FICO02_L.avi,20447,13.6313,10.985,2.394,2637.237,25.487,,AD,Passing,
PECO02_1811,Serranidae,Caesioperca,rasor,1,143.301,37311003,FICO02_L.avi,24377,16.2513,1.443,35.223,1085.348,20.472,,AD,Passing,
PECO02_1811,Serranidae,Caesioperca,rasor,1,82.231,37311003,FICO02_L.avi,24377,16.2513,2.13,12.925,1275.771,13.809,,AD,Passing,
PECO02_1811,Labridae,Pictilabrus,laticlavius,1,181.081,37384020,FICO02_L.avi,26199,17.466,1.512,6.479,1304.086,21.737,,AD,Passing,
PECO02_1811,Monacanthidae,Meuschenia,flavolineata,1,214.233,37465035,FICO02_L.avi,26643,17.762,4.276,1.004,1943.273,27.29,,AD,Passing,
PECO02_1811,Monacanthidae,Meuschenia,flavolineata,1,187.379,37465035,FICO02_L.avi,26643,17.762,2.555,1.53,1746.966,13.953,,AD,Passing,
PECO02_1811,Monacanthidae,Acanthaluteres,brownii,1,362.749,37465001,FICO02_L.avi,32464,21.6427,11.829,3.533,2817.387,6.476,,AD,Passing,
PECO02_1811,Monacanthidae,Acanthaluteres,brownii,1,358.218,37465001,FICO02_L.avi,32464,21.6427,7.266,6.732,3078.253,24.973,,AD,Passing,
PECO02_1811,Labridae,Olisthops,cyanomelas,1,275.665,37385001,FICO02_L.avi,37680,25.12,6.569,9.644,2062.789,30.67,,AD,Passing,
PECO02_1811,Monacanthidae,Meuschenia,hippocrepis,1,305.836,37465004,FICO02_L.avi,78105,52.07,1.71,1.415,1293.428,17.141,,AD,Passing,
PECO02_1811,Monacanthidae,Meuschenia,hippocrepis,1,212.702,37465004,FICO02_L.avi,78105,52.07,1.223,0.445,925.763,16.303,,AD,Passing,
PECO02_1811,Labridae,Notolabrus,tetricus,1,350.332,37384003,FICO02_L.avi,78384,52.256,6.448,3.716,1823.777,14.722,,AD,Passing,
PECO02_1811,Labridae,Notolabrus,tetricus,1,284.38,37384003,FICO02_L.avi,78384,52.256,6.328,2.451,2610.879,20.522,,AD,Passing,
PECO02_1811,Monacanthidae,Acanthaluteres,vittiger,1,207.84,37465002,FICO02_L.avi,83696,55.7973,2.116,1.997,1520.672,31.311,,AD,Passing,
PECO03_1811,Kyphosidae,Girella,zebra,1,288.921,37361008,FICO03_L.avi,7777,5.1847,4.773,11.974,2053.308,14.731,,AD,Passing,
PECO03_1811,Monacanthidae,Meuschenia,hippocrepis,1,343.715,37465004,FICO03_L.avi,8648,5.7653,1.961,2.613,1759.057,21.665,,AD,Feeding,
PECO03_1811,Monacanthidae,Meuschenia,hippocrepis,1,346.507,37465004,FICO03_L.avi,8648,5.7653,3.367,3.786,2634.349,14.933,,AD,Feeding,
PECO03_1811,Labridae,Notolabrus,tetricus,1,255.354,37384003,FICO03_L.avi,8909,5.9393,2.822,4.959,1353.582,13.554,,M,Passing,
PECO03_1811,Labridae,Notolabrus,tetricus,1,337.282,37384003,FICO03_L.avi,8909,5.9393,2.087,3.211,1265.537,22.269,,M,Passing,
PECO03_1811,Monacanthidae,Meuschenia,freycineti,1,413.724,37465036,FICO03_L.avi,14107,9.4047,5.046,2.918,2870.711,28.556,,AD,Passing,
PECO03_1811,Labridae,Pictilabrus,laticlavius,1,230.542,37384020,FICO03_L.avi,20133,13.422,2.005,2.512,1057.868,23.594,,AD,Passing,
PECO03_1811,Serranidae,Caesioperca,rasor,1,178.014,37311003,FICO03_L.avi,30803,20.5353,7.592,8.416,2575.511,17.237,,AD,Passing,
PECO03_1811,Serranidae,Caesioperca,rasor,1,142.588,37311003,FICO03_L.avi,30803,20.5353,5.018,5.808,2230.104,24.722,,AD,Passing,
PECO03_1811,Serranidae,Caesioperca,rasor,1,95.36,37311003,FICO03_L.avi,30803,20.5353,7.601,1.36,2238.58,24.337,,AD,Passing,
PECO03_1811,Labridae,Achoerodus,gouldii,1,435.23,37384002,FICO03_L.avi,33771,22.514,2.553,11.239,2123.967,22.59,,AD,Passing,
PECO03_1811,Labridae,Austrolabrus,maculatus,1,103.769,37384025,FICO03_L.avi,40638,27.092,6.18,9.632,2304.676,24.248,,AD,Passing,
PECO03_1811,Monacanthidae,Meuschenia,galii,1,274.57,37465040,FICO03_L.avi,47911,31.9407,2.796,3.008,1757.936,29.254,,AD,Passing,
PECO04_1811,Monacanthidae,Meuschenia,galii,1,212.256,37465040,FICO04_L.avi,9489,6.326,3.665,2.17,2029.276,15.48,,AD,Passing,
PECO04_1811,Mullidae,Upeneichthys,vlamingii,1,207.055,37355029,FICO04_L.avi,10928,7.2853,22.331,0.691,3928.836,14.778,,AD,Passing,
PECO04_1811,Monacanthidae,Acanthaluteres,vittiger,1,169.812,37465002,FICO04_L.avi,12294,8.196,3.28,1.01,1871.673,31.369,,AD,Passing,
PECO04_1811,Tetraodontidae,Omegophora,armilla,1,154.745,37467002,FICO04_L.avi,12664,8.4427,1.399,1.078,1519.428,7.25,,AD,Passing,
PECO04_1811,Sillaginidae,Sillaginodes,punctatus,1,444.932,37330001,FICO04_L.avi,12971,8.6473,7.06,3.499,3960.531,10.695,,AD,Attracted,
PECO04_1811,Labridae,Notolabrus,parilus,1,259.512,37384022,FICO04_L.avi,16821,11.214,5.697,1.849,2639.004,27.092,,AD,Passing,
PECO04_1811,Carangidae,Pseudocaranx,sp,1,385.849,37337924,FICO04_L.avi,32613,21.742,2.877,9.138,1910.884,20.395,,AD,Passing,
PECO04_1811,Labridae,Notolabrus,tetricus,1,271.754,37384003,FICO04_L.avi,43159,28.7727,7.202,25.452,2287.622,31.212,,AD,Passing,
PECO04_1811,Labridae,Notolabrus,tetricus,1,248.104,37384003,FICO04_L.avi,43159,28.7727,2.63,4.565,1431.895,12.306,,AD,Passing,
PECO04_1811,Labridae,Notolabrus,tetricus,1,347.599,37384003,FICO04_L.avi,43159,28.7727,1.967,8.08,1989.567,13.045,,AD,Passing,
PECO04_1811,Labridae,Ophthalmolepis,lineolatus,1,346.99,37384040,FICO04_L.avi,48911,32.6073,5.643,23.83,1890.533,17.311,,AD,Attracted,
PECO04_1811,Serranidae,Caesioperca,rasor,1,162.284,37311003,FICO04_L.avi,60576,40.384,1.239,13.392,984.633,1.331,,AD,Feeding,
PECO04_1811,Serranidae,Caesioperca,rasor,1,166.934,37311003,FICO04_L.avi,60576,40.384,2.381,3.148,1232.064,15.894,,AD,Feeding,
PECO04_1811,Serranidae,Caesioperca,rasor,1,170.625,37311003,FICO04_L.avi,60576,40.384,1.706,15.115,1388.225,19.225,,AD,Feeding,
PECO04_1811,Berycidae,Centroberyx,gerrardi,1,133.272,37258004,FICO04_L.avi,64265,42.8433,2.74,6.212,1272.274,25.495,,AD,Passing,
PECO04_1811,Labridae,Achoerodus,gouldii,1,477.847,37384002,FICO04_L.avi,67868,45.2453,6.936,2.24,3933.937,16.841,,AD,Passing,
PECO04_1811,Monacanthidae,Meuschenia,hippocrepis,1,334.73,37465004,FICO04_L.avi,75542,50.3613,2.049,4.037,1265.006,10.794,,AD,Passing,
PECO04_1811,Monacanthidae,Meuschenia,hippocrepis,1,289.228,37465004,FICO04_L.avi,75542,50.3613,2.341,5.996,1780.434,15.54,,AD,Passing,
PECO04_1811,Cheilodactylidae,Nemadactylus,valenciennesi,1,467.91,37377004,FICO04_L.avi,81399,54.266,8.169,3.002,2099.075,26.924,,AD,Passing,
PEEO01_1811,Labridae,Notolabrus,parilus,1,315.245,37384022,FIEO01_L.avi,24332,16.2213,4.123,8.1,1657.513,22.3,,AD,Passing,
PEEO01_1811,Monacanthidae,Meuschenia,hippocrepis,1,328.229,37465004,FIEO01_L.avi,31435,20.9567,1.222,1.521,1287.314,14.443,,AD,Feeding,
PEEO01_1811,Monacanthidae,Meuschenia,hippocrepis,1,315.738,37465004,FIEO01_L.avi,31435,20.9567,2.693,18.445,1536.807,6.182,,AD,Feeding,
PEEO01_1811,Berycidae,Centroberyx,gerrardi,1,351.121,37258004,FIEO01_L.avi,48226,32.1507,1.165,6.319,1086.623,11.677,,AD,Attracted,
PEEO01_1811,Cheilodactylidae,Dactylophora,nigricans,1,701.194,37377005,FIEO01_L.avi,49137,32.758,4.136,3.948,2805.18,5.493,,AD,Passing,
PEEO01_1811,Labridae,Notolabrus,tetricus,1,374.134,37384003,FIEO01_L.avi,59673,39.782,1.076,2.96,846.899,22.859,,M,Feeding,
PEEO01_1811,Sparidae,Pagrus,auratus,1,560.756,37353001,FIEO01_L.avi,59891,39.9273,6.251,4.933,2765.688,18.46,,AD,Feeding,
PEEO01_1811,Sparidae,Pagrus,auratus,1,528.317,37353001,FIEO01_L.avi,59891,39.9273,4.643,2.882,1838.979,25.342,,AD,Feeding,
PEEO01_1811,Sparidae,Pagrus,auratus,1,368.41,37353001,FIEO01_L.avi,59891,39.9273,4.232,7.457,1956.57,13.279,,AD,Feeding,
PEEO01_1811,Sparidae,Pagrus,auratus,1,587.465,37353001,FIEO01_L.avi,59891,39.9273,13.265,6.654,3621.598,10.438,,AD,Feeding,
PEEO01_1811,Carangidae,Pseudocaranx,sp,1,252.388,37337924,FIEO01_L.avi,65868,43.912,1.276,4.097,1667.441,1.888,,AD,Attracted,
PEEO01_1811,Carangidae,Pseudocaranx,sp,1,277.086,37337924,FIEO01_L.avi,65868,43.912,3.579,8.825,1388.354,24.928,,AD,Attracted,
PEEO01_1811,Carangidae,Pseudocaranx,sp,1,314.545,37337924,FIEO01_L.avi,65868,43.912,4.022,5.803,1512.409,18.261,,AD,Attracted,
PEEO01_1811,Carangidae,Pseudocaranx,sp,1,250.751,37337924,FIEO01_L.avi,65868,43.912,3.495,0.509,1585.921,14.429,,AD,Attracted,
PEEO02_1811,Monacanthidae,Meuschenia,flavolineata,1,207.899,37465035,FIEO02_L.avi,7988,5.3253,6.659,5.5,1999.676,27.62,,AD,Passing,
PEEO02_1811,Monacanthidae,Meuschenia,galii,1,209.851,37465040,FIEO02_L.avi,8388,5.592,1.128,2.095,1024.43,17.823,,AD,Feeding,
PEEO02_1811,Serranidae,Caesioperca,rasor,1,147.73,37311003,FIEO02_L.avi,11491,7.6607,4.765,1.259,1936.923,23.148,,AD,Passing,
PEEO02_1811,Serranidae,Caesioperca,rasor,1,137.763,37311003,FIEO02_L.avi,11491,7.6607,4.228,4.97,2248.206,26.692,,AD,Passing,
PEEO02_1811,Monacanthidae,Acanthaluteres,brownii,1,411.259,37465001,FIEO02_L.avi,14853,9.902,3.851,5.263,2334.825,19.995,,AD,Passing,
PEEO02_1811,Monacanthidae,Acanthaluteres,brownii,1,329.358,37465001,FIEO02_L.avi,14853,9.902,10.965,8.432,3296.344,25.889,,AD,Passing,
PEEO02_1811,Sparidae,Pagrus,auratus,1,413.37,37353001,FIEO02_L.avi,14905,9.9367,3.623,3.265,1654.286,24.707,,AD,Passing,
PEEO02_1811,Monacanthidae,Meuschenia,hippocrepis,1,390.25,37465004,FIEO02_L.avi,17641,11.7607,0.959,2.935,960.638,19.937,,AD,Feeding,
PEEO02_1811,Monacanthidae,Meuschenia,hippocrepis,1,271.025,37465004,FIEO02_L.avi,17641,11.7607,1.126,3.86,1374.316,6.703,,AD,Feeding,
PEEO02_1811,Monacanthidae,Meuschenia,hippocrepis,1,306.724,37465004,FIEO02_L.avi,17641,11.7607,0.91,1.659,1178.79,7.1,,AD,Feeding,
PEEO02_1811,Monacanthidae,Meuschenia,hippocrepis,1,338.157,37465004,FIEO02_L.avi,17641,11.7607,0.915,1.435,957.73,13.296,,AD,Feeding,
PEEO02_1811,Monacanthidae,Meuschenia,hippocrepis,1,236.05,37465004,FIEO02_L.avi,17641,11.7607,1.986,3.186,1836.323,19.176,,AD,Feeding,
PEEO02_1811,Cheilodactylidae,Cheilodactylus,nigripes,1,300.798,37377001,FIEO02_L.avi,25966,17.3107,3.928,1.12,2027.504,29.212,,AD,Passing,
PEEO02_1811,Labridae,Notolabrus,tetricus,1,292.415,37384003,FIEO02_L.avi,35724,23.816,2.216,3.231,1684.17,28.691,,AD,Passing,
PEEO02_1811,Labridae,Notolabrus,tetricus,1,225.257,37384003,FIEO02_L.avi,35724,23.816,5.474,7.525,2268.112,26.505,,AD,Passing,
PEEO02_1811,Labridae,Notolabrus,tetricus,1,296.817,37384003,FIEO02_L.avi,35724,23.816,10.541,11.802,3636.092,25.204,,AD,Passing,
PEEO02_1811,Labridae,Pictilabrus,laticlavius,1,179.074,37384020,FIEO02_L.avi,44054,29.3693,3.787,3.674,1784.14,28.443,,AD,Passing,
PEEO02_1811,Labridae,Achoerodus,gouldii,1,928.31,37384002,FIEO02_L.avi,46624,31.0827,5.176,11.814,2226.379,20.663,,AD,Passing,
PEEO02_1811,Kyphosidae,Girella,zebra,1,274.541,37361008,FIEO02_L.avi,49528,33.0187,1.567,4.585,2034.708,6.694,,AD,Passing,
PEEO02_1811,Kyphosidae,Girella,zebra,1,259.521,37361008,FIEO02_L.avi,49528,33.0187,3.336,0.909,1944.019,12.225,,AD,Passing,
PEEO02_1811,Kyphosidae,Girella,zebra,1,216.999,37361008,FIEO02_L.avi,49528,33.0187,3.371,1.63,2100.176,4.968,,AD,Passing,
PEEO02_1811,Kyphosidae,Girella,zebra,1,259.069,37361008,FIEO02_L.avi,49528,33.0187,1.727,1.017,1932.729,6.917,,AD,Passing,
PEEO02_1811,Kyphosidae,Girella,zebra,1,282.423,37361008,FIEO02_L.avi,49528,33.0187,3.184,2.794,2179.905,19.219,,AD,Passing,
PEEO02_1811,Kyphosidae,Girella,zebra,1,317.989,37361008,FIEO02_L.avi,49528,33.0187,3.574,8.785,1685.867,31.727,,AD,Passing,
PEEO02_1811,Kyphosidae,Girella,zebra,1,243.203,37361008,FIEO02_L.avi,49528,33.0187,6.037,3.129,2002.688,22.062,,AD,Passing,
PEEO02_1811,Scorpididae,Tilodon,sexfasciatus,1,218.404,37361003,FIEO02_L.avi,82489,54.9927,3.597,4.439,1754.218,12.111,,AD,Passing,
PEEO03_1811,Monacanthidae,Acanthaluteres,vittiger,1,191.915,37465002,FIEO03_L.avi,6096,4.064,3.005,4.438,1456.34,26.195,,AD,Passing,
PEEO03_1811,Labridae,Pictilabrus,laticlavius,1,196.317,37384020,FIEO03_L.avi,6781,4.5207,6.395,8.372,2201.427,19.336,,AD,Passing,
PEEO03_1811,Mullidae,Upeneichthys,vlamingii,1,169.68,37355029,FIEO03_L.avi,9385,6.2567,6.623,7.463,1948.483,18.198,,AD,Passing,
PEEO03_1811,Mullidae,Upeneichthys,vlamingii,1,172.252,37355029,FIEO03_L.avi,9385,6.2567,8.825,6.614,2299.793,22.462,,AD,Passing,
PEEO03_1811,Chaetodontidae,Chelmonops,curiosus,1,171.876,37365066,FIEO03_L.avi,10330,6.8867,1.921,5.219,1035.051,24.453,,AD,Passing,
PEEO03_1811,Serranidae,Hypoplectrodes,nigroruber,1,205.427,37311037,FIEO03_L.avi,10396,6.9307,2.599,7.872,1333.831,28.652,,AD,Passing,
PEEO03_1811,Labridae,Notolabrus,parilus,1,200.297,37384022,FIEO03_L.avi,11130,7.42,6.859,2.399,2459.206,18.775,,AD,Passing,
PEEO03_1811,Labridae,Notolabrus,tetricus,1,352.802,37384003,FIEO03_L.avi,30299,20.1993,5.602,18.383,1849.386,12.521,,AD,Passing,
PEEO03_1811,Labridae,Notolabrus,tetricus,1,291.331,37384003,FIEO03_L.avi,30299,20.1993,7.1,7.989,2224.894,11.668,,AD,Passing,
PEEO03_1811,Labridae,Notolabrus,tetricus,1,296.126,37384003,FIEO03_L.avi,30299,20.1993,4.785,7.332,1809.168,26.3,,AD,Passing,
PEEO03_1811,Labridae,Notolabrus,tetricus,1,247.18,37384003,FIEO03_L.avi,30299,20.1993,1.932,5.748,1338.26,25.604,,AD,Passing,
PEEO03_1811,Serranidae,Caesioperca,rasor,1,199.36,37311003,FIEO03_L.avi,33170,22.1133,2.346,4.013,1153.74,26.969,,AD,Passing,
PEEO03_1811,Myliobatidae,Myliobatis,tenuicaudatus,1,557.332,37039001,FIEO03_L.avi,37668,25.112,4.736,23.273,4422.799,3.819,,AD,Passing,
PEEO03_1811,Monacanthidae,Meuschenia,galii,1,266.501,37465040,FIEO03_L.avi,41222,27.4813,0.516,1.405,664.711,8.616,,AD,Passing,
PEEO03_1811,Monacanthidae,Meuschenia,galii,1,246.341,37465040,FIEO03_L.avi,41222,27.4813,3.196,7.071,1726.511,14.689,,AD,Passing,
PEEO03_1811,Labridae,Achoerodus,gouldii,1,837.422,37384002,FIEO03_L.avi,44277,29.518,4.307,2.753,1456.77,20.298,,AD,Passing,
PEEO03_1811,Sillaginidae,Sillaginodes,punctatus,1,439.104,37330001,FIEO03_L.avi,76851,51.234,5.925,5.758,2993.126,17.73,,AD,Passing,
PEEO03_1811,Sillaginidae,Sillaginodes,punctatus,1,363.222,37330001,FIEO03_L.avi,76851,51.234,17.428,12.924,3363.128,24.745,,AD,Passing,
PEEO03_1811,Monacanthidae,Meuschenia,hippocrepis,1,220.068,37465004,FIEO03_L.avi,81770,54.5133,5.65,6.574,2172.798,24.143,,AD,Passing,
PEEO03_1811,Monacanthidae,Meuschenia,hippocrepis,1,293.827,37465004,FIEO03_L.avi,81770,54.5133,5.879,11.655,2421.608,17.457,,AD,Passing,
PEEO04_1811,Monacanthidae,Acanthaluteres,vittiger,1,167.417,37465002,FIEO04_L.avi,9771,6.514,1.675,1.148,1287.793,29.459,,AD,Passing,
PEEO04_1811,Monacanthidae,Acanthaluteres,vittiger,1,212.453,37465002,FIEO04_L.avi,9771,6.514,1.681,1.384,1509.466,4.691,,AD,Passing,
PEEO04_1811,Monacanthidae,Acanthaluteres,vittiger,1,146.078,37465002,FIEO04_L.avi,9771,6.514,0.974,1.39,817.751,10.615,,AD,Passing,
PEEO04_1811,Mullidae,Upeneichthys,vlamingii,1,259.126,37355029,FIEO04_L.avi,11484,7.656,7.455,1.957,2040.889,24.06,,AD,Passing,
PEEO04_1811,Labridae,Notolabrus,tetricus,1,287.014,37384003,FIEO04_L.avi,28663,19.1087,1.597,0.483,1527.336,1.916,,AD,Passing,
PEEO04_1811,Sillaginidae,Sillaginodes,punctatus,1,465.625,37330001,FIEO04_L.avi,32880,21.92,2.38,0.299,2792.787,4.759,,AD,Passing,
PEEO04_1811,Arripidae,Arripis,georgianus,1,173.238,37344001,FIEO04_L.avi,68938,45.9587,6.184,1.618,3042.291,10.647,,AD,Passing,
PEEO04_1811,Arripidae,Arripis,georgianus,1,216.034,37344001,FIEO04_L.avi,68938,45.9587,12.206,1.706,3120.93,7.314,,AD,Passing,
PEEO04_1811,Labridae,Notolabrus,parilus,1,312.005,37384022,FIEO04_L.avi,71005,47.3367,4.22,2.417,1715.324,24.937,,AD,Attracted,
PEEO04_1811,Monacanthidae,Meuschenia,galii,1,279.475,37465040,FIEO04_L.avi,71009,47.3393,1.055,2.962,879.018,26.136,,AD,Passing,
PEEO04_1811,Gerreidae,Parequula,melbournensis,1,130.5,37349001,FIEO04_L.avi,73961,49.3073,0.482,0.457,610.736,18.13,,AD,Passing,
PEEO04_1811,Gerreidae,Parequula,melbournensis,1,137.066,37349001,FIEO04_L.avi,73961,49.3073,0.661,0.472,843.059,10.297,,AD,Passing,
PEWO01_1811,Cheilodactylidae,Cheilodactylus,nigripes,1,363.792,37377001,FIWO01_L.avi,4652,3.1013,3.435,1.783,2365.035,15.206,,AD,Passing,
PEWO01_1811,Mullidae,Upeneichthys,vlamingii,1,218.184,37355029,FIWO01_L.avi,8756,5.8373,2.793,4.277,1478.939,32.92,,AD,Passing,
PEWO01_1811,Labridae,Pictilabrus,laticlavius,1,208.496,37384020,FIWO01_L.avi,9736,6.4907,2.514,5.4,1657.679,22.588,,AD,Attracted,
PEWO01_1811,Serranidae,Caesioperca,rasor,1,164.721,37311003,FIWO01_L.avi,10211,6.8073,1.769,1.407,1567.579,13.753,,AD,Passing,
PEWO01_1811,Serranidae,Caesioperca,rasor,1,172.959,37311003,FIWO01_L.avi,10211,6.8073,2.253,1.505,1374.279,12.841,,AD,Passing,
PEWO01_1811,Serranidae,Caesioperca,rasor,1,193.645,37311003,FIWO01_L.avi,10211,6.8073,2.185,0.773,1919.737,6.237,,AD,Passing,
PEWO01_1811,Serranidae,Caesioperca,rasor,1,172.668,37311003,FIWO01_L.avi,10211,6.8073,9.265,6.487,2826.368,26.805,,AD,Passing,
PEWO01_1811,Labridae,Austrolabrus,maculatus,1,136.064,37384025,FIWO01_L.avi,13129,8.7527,3.517,1.129,1863.122,29.892,,AD,Passing,
PEWO01_1811,Monacanthidae,Meuschenia,hippocrepis,1,328.583,37465004,FIWO01_L.avi,16188,10.792,1.555,0.926,1211.273,5.258,,AD,Passing,
PEWO01_1811,Monacanthidae,Meuschenia,hippocrepis,1,277.37,37465004,FIWO01_L.avi,16188,10.792,3.263,0.676,1906.665,27.695,,AD,Passing,
PEWO01_1811,Labridae,Notolabrus,parilus,1,372.619,37384022,FIWO01_L.avi,25893,17.262,8.583,7.408,2539.391,22.329,,AD,Passing,
PEWO01_1811,Labridae,Notolabrus,tetricus,1,349.78,37384003,FIWO01_L.avi,45514,30.3427,2.706,15.108,1160.535,11.405,,F,Attracted,
PEWO01_1811,Labridae,Notolabrus,tetricus,1,207.763,37384003,FIWO01_L.avi,45514,30.3427,4.685,0.494,1655.875,26.627,,F,Attracted,
PEWO01_1811,Carangidae,Seriola,hippos,1,900.19,37337007,FIWO01_L.avi,45784,30.5227,2.683,4.205,1945.669,12.04,,AD,Passing,
PEWO01_1811,Sillaginidae,Sillaginodes,punctatus,1,411.302,37330001,FIWO01_L.avi,52890,35.26,3.578,1.149,1547.185,14.726,,AD,Attracted,
PEWO01_1811,Aulopidae,Latropiscis,purpurissatus,1,353.689,37117001,FIWO01_L.avi,60271,40.1807,3.243,2.681,1486.409,26.975,,AD,Passing,
PEWO01_1811,Carangidae,Pseudocaranx,sp,1,295.628,37337924,FIWO01_L.avi,65088,43.392,2.846,2.592,1601.443,27.861,,AD,Passing,
PEWO01_1811,Scorpididae,Tilodon,sexfasciatus,1,241.03,37361003,FIWO01_L.avi,72678,48.452,5.393,2.35,2004.414,24.254,,AD,Passing,
PEWO02_1811,Carangidae,Seriola,hippos,1,755.084,37337007,FIWO02_L.avi,3820,2.5467,13.546,15.49,2940.907,16.28,,AD,Passing,
PEWO02_1811,Carangidae,Seriola,hippos,1,611.916,37337007,FIWO02_L.avi,3820,2.5467,2.887,12.065,2738.39,11.189,,AD,Passing,
PEWO02_1811,Labridae,Ophthalmolepis,lineolatus,1,405.917,37384040,FIWO02_L.avi,4298,2.8653,17.665,7.686,3652.177,15.336,,AD,Passing,
PEWO02_1811,Labridae,Achoerodus,gouldii,1,430.551,37384002,FIWO02_L.avi,4404,2.936,2.111,2.368,1981.106,1.596,,AD,Passing,
PEWO02_1811,Labridae,Achoerodus,gouldii,1,325.956,37384002,FIWO02_L.avi,4404,2.936,5.533,1.295,1863.895,16.143,,AD,Passing,
PEWO02_1811,Scorpididae,Scorpis,aequipinnis,1,308.766,37361004,FIWO02_L.avi,4666,3.1107,3.477,2.234,2006.275,15.047,,AD,Passing,
PEWO02_1811,Labridae,Notolabrus,parilus,1,379.157,37384022,FIWO02_L.avi,4667,3.1113,1.351,2.297,1791.443,2.692,,AD,Passing,
PEWO02_1811,Scorpididae,Tilodon,sexfasciatus,1,230.473,37361003,FIWO02_L.avi,4934,3.2893,3.974,1.771,1853.509,21.566,,AD,Passing,
PEWO02_1811,Kyphosidae,Girella,zebra,1,340.133,37361008,FIWO02_L.avi,4950,3.3,2.618,1.279,2268.214,19.743,,AD,Passing,
PEWO02_1811,Kyphosidae,Girella,zebra,1,348.975,37361008,FIWO02_L.avi,4950,3.3,4.145,6.603,2480.588,13.36,,AD,Passing,
PEWO02_1811,Kyphosidae,Girella,zebra,1,278.556,37361008,FIWO02_L.avi,4950,3.3,6.462,13.946,2589.207,4.481,,AD,Passing,
PEWO02_1811,Monacanthidae,Meuschenia,hippocrepis,1,318.323,37465004,FIWO02_L.avi,5190,3.46,6.27,6.653,2205.002,13.056,,AD,Passing,
PEWO02_1811,Monacanthidae,Meuschenia,hippocrepis,1,352.523,37465004,FIWO02_L.avi,5190,3.46,3.37,4.351,2182.231,17.542,,AD,Passing,
PEWO02_1811,Berycidae,Centroberyx,lineatus,1,197.23,37258005,FIWO02_L.avi,6274,4.1827,5.173,10.192,3595.493,9.711,,AD,Passing,
PEWO02_1811,Berycidae,Centroberyx,lineatus,1,191.565,37258005,FIWO02_L.avi,6274,4.1827,12.385,9.206,2988.149,12.639,,AD,Passing,
PEWO02_1811,Berycidae,Centroberyx,lineatus,1,215.674,37258005,FIWO02_L.avi,6274,4.1827,14.728,7.597,2971.688,13.77,,AD,Passing,
PEWO02_1811,Berycidae,Centroberyx,lineatus,1,156.072,37258005,FIWO02_L.avi,6274,4.1827,12.585,5.456,2706.112,15.815,,AD,Passing,
PEWO02_1811,Monacanthidae,Meuschenia,flavolineata,1,285.546,37465035,FIWO02_L.avi,6640,4.4267,9.747,7.598,2690.742,6.737,,AD,Passing,
PEWO02_1811,Kyphosidae,Kyphosus,sydneyanus,1,562.404,37361001,FIWO02_L.avi,15939,10.626,8.917,9.65,2375.255,2.596,,AD,Passing,
PEWO02_1811,Berycidae,Centroberyx,gerrardi,1,259.843,37258004,FIWO02_L.avi,28516,19.0107,0.649,2.576,806.565,16.99,,AD,Passing,
PEWO02_1811,Berycidae,Centroberyx,gerrardi,1,232.623,37258004,FIWO02_L.avi,28516,19.0107,3.189,1.113,1543.714,24.069,,AD,Passing,
PEWO02_1811,Berycidae,Centroberyx,gerrardi,1,231.774,37258004,FIWO02_L.avi,28516,19.0107,3.233,8.276,1497.915,20.218,,AD,Passing,
PEWO02_1811,Cheilodactylidae,Dactylophora,nigricans,1,616.462,37377005,FIWO02_L.avi,30345,20.23,11.268,10.048,2606.074,21.968,,AD,Passing,
PEWO02_1811,Enoplosidae,Enoplosus,armatus,1,235.186,37366001,FIWO02_L.avi,44507,29.6713,5.419,11.036,2676.414,29.626,,AD,Passing,
PEWO02_1811,Sillaginidae,Sillaginodes,punctatus,1,398.175,37330001,FIWO02_L.avi,53606,35.7373,8.11,11.97,2700.677,20.31,,AD,Passing,
PEWO02_1811,Sillaginidae,Sillaginodes,punctatus,1,425.782,37330001,FIWO02_L.avi,53606,35.7373,9.59,16.158,3265.902,15.619,,AD,Passing,
PEWO02_1811,Triakidae,Mustelus,antarcticus,1,995.033,37017001,FIWO02_L.avi,62410,41.6067,7.334,9.881,1956.247,11.904,,AD,Feeding,
PEWO02_1811,Labridae,Bodianus,frenchii,1,378.096,37384057,FIWO02_L.avi,63404,42.2693,6.05,1.903,2692.306,9.53,,AD,Attracted,
PEWO02_1811,Serranidae,Othos,dentex,1,515.776,37311005,FIWO02_L.avi,74320,49.5467,13.031,5.045,3329.807,14.791,,AD,Passing,
PEWO02_1811,Serranidae,Caesioperca,rasor,1,159.981,37311003,FIWO02_L.avi,77896,51.9307,1.843,4.311,1429.243,4.756,,AD,Passing,
PEWO02_1811,Carangidae,Pseudocaranx,sp,1,276.001,37337924,FIWO02_L.avi,78531,52.354,6.388,13.296,3088.434,14.382,,AD,Passing,
PEWO02_1811,Carangidae,Pseudocaranx,sp,1,421.437,37337924,FIWO02_L.avi,78531,52.354,11.584,7.051,2518.339,24.905,,AD,Passing,
PEWO02_1811,Chaetodontidae,Chelmonops,curiosus,1,198.591,37365066,FIWO02_L.avi,80769,53.846,8.61,2.736,2111.343,19.383,,AD,Passing,
PEWO02_1811,Sphaeromatidae,Cilicaea,tenuicaudata,1,572.951,28226040,FIWO02_L.avi,91827,61.218,12.557,8.648,3038.602,12.6,,AD,Passing,
PEWO02_1811,Labridae,Notolabrus,tetricus,1,228.719,37384003,FIWO02_L.avi,92180,61.4533,3.838,0.684,1541.114,17.057,,AD,Passing,
PEWO02_1811,Labridae,Olisthops,cyanomelas,1,244.39,37385001,FIWO02_L.avi,96886,64.5907,5.07,6.711,3131.011,5.327,,AD,Passing,
PEWO03_1811,Mullidae,Upeneichthys,vlamingii,1,112.609,37355029,FIWO03_L.avi,3969,2.646,2.48,38.374,1591.296,26.678,,AD,Passing,
PEWO03_1811,Labridae,Siphonognathus,beddomei,1,90.708,37385006,FIWO03_L.avi,14675,9.7833,2.563,60.23,2258.69,8.461,,AD,Passing,
PEWO03_1811,Labridae,Notolabrus,parilus,1,245.803,37384022,FIWO03_L.avi,20410,13.6067,6.357,71.046,2761.597,11.917,,AD,Passing,
PEWO03_1811,Labridae,Notolabrus,parilus,1,175.019,37384022,FIWO03_L.avi,20410,13.6067,6.649,77.882,2916.816,1.414,,AD,Passing,
PEWO03_1811,Labridae,Pictilabrus,laticlavius,1,156.722,37384020,FIWO03_L.avi,28594,19.0627,3.116,52.907,2024,26.273,,AD,Passing,
PEWO03_1811,Labridae,Achoerodus,gouldii,1,674.109,37384002,FIWO03_L.avi,29380,19.5867,7.124,62.584,2132.284,22.382,,AD,Passing,
PEWO03_1811,Monacanthidae,Acanthaluteres,brownii,1,283.499,37465001,FIWO03_L.avi,36667,24.4447,9.978,79.984,2820.864,23.415,,AD,Passing,
PEWO03_1811,Monacanthidae,Meuschenia,flavolineata,1,190.343,37465035,FIWO03_L.avi,41834,27.8893,3.929,40.921,2345.494,30.556,,AD,Passing,
PEWO03_1811,Myliobatidae,Myliobatis,tenuicaudatus,1,490.822,37039001,FIWO03_L.avi,41963,27.9753,2.375,71.411,2616.612,4.464,,AD,Passing,
PEWO03_1811,Labridae,Notolabrus,tetricus,1,170.913,37384003,FIWO03_L.avi,44194,29.4627,2.455,24.233,1199.979,22.962,,AD,Passing,
PEWO03_1811,Loliginidae,Sepioteuthis,australis,1,262.332,23617005,FIWO03_L.avi,47209,31.4727,7.566,67.628,3128.92,23.997,,AD,Passing,
PEWO03_1811,Triakidae,Mustelus,antarcticus,1,916.677,37017001,FIWO03_L.avi,61083,40.722,2.347,32.483,1457.244,5.709,,AD,Passing,
PEWO03_1811,Sillaginidae,Sillaginodes,punctatus,1,368.207,37330001,FIWO03_L.avi,73108,48.7387,4.165,41.657,1600.19,22.89,,AD,Passing,
PEWO03_1811,Serranidae,Caesioperca,rasor,1,136.932,37311003,FIWO03_L.avi,74064,49.376,0.984,20.675,935.451,19.608,,AD,Passing,
PEWO03_1811,Serranidae,Caesioperca,rasor,1,83.983,37311003,FIWO03_L.avi,74064,49.376,2.456,29.163,1429.709,21.319,,AD,Passing,
PEWO03_1811,Serranidae,Caesioperca,rasor,1,164.832,37311003,FIWO03_L.avi,74064,49.376,2.974,35.231,1393.151,20.999,,AD,Passing,
PEWO03_1811,Monacanthidae,Meuschenia,hippocrepis,1,250.795,37465004,FIWO03_L.avi,75154,50.1027,4.424,60.157,2181.419,12.882,,AD,Passing,
