opcode,Type,longitude_dd,latitude_dd,Date,Time,Time.out,Depth,Site,Location,Status,Observer,Maxn.complete.yyyymmdd,Maxn.checker,Successful.count,Successful.length,Left.cam,Right.cam,Rear.cam,Video.notes,Raw.hd,Con.hd,Forward.habitat.image.saved,Backward.habitat.image.saved,Habitat.classification ,Length.analyst,Length.complete.date.yyyymmdd,Notes,inclusion.probabilities
1.01,new,113.5404917,-22.84786205,20190812,09:23:00,10:33:00,91.2,1,Ningaloo Marine Park,,Brooke Gibbons,20199826,Todd,Yes,Yes,373,374,439,Lifted up 20 mins in. Test Video. Converted wrong.,1,1,Yes,Yes,20200304,Charlotte Aston,20191202,Two lat and lons in file given by CSIRO,
1.02,new,113.5252875,-22.85016136,20190812,09:35:00,10:50:00,94.3,1,Ningaloo Marine Park,,Brooke Gibbons,20190912,Todd,Yes,Yes,369,370,422,Easy test video. Converted wrong.,1,1,Yes,Yes,20200304,Charlotte Aston,20191202,,
1.03,legacy,113.51304,-22.84437,20190812,09:43:00,10:59:00,100,1,Ningaloo Marine Park,,Charlotte Aston,20190829,Todd,Yes,Yes,367,368,420,Hammer after 60 mins. On backwards photos too. Converted wrong.,1,1,Yes,Yes,20200304,Charlotte Aston,20200409,,NA
1.04,new,113.5183981,-22.8402743,20190812,09:51:00,11:13:00,96.8,1,Ningaloo Marine Park,,Charlotte Aston,20190904,Todd,Yes,Yes,375,376,440,,1,1,Yes,Yes,20200304,Charlotte Aston,20191202,,NA
1.05,legacy,113.51601,-22.83417,20190812,09:58:00,11:20:00,97.1,1,Ningaloo Marine Park,,Charlotte Aston,20190904,Todd. Can't measure Decapterus or commerson,Yes,No,372,371,564,,1,1,Yes,Yes,20200304,Charlotte Aston,20191202,Measurements accepted with high RMS,NA
1.06,new,113.523387,-22.83153691,20190812,10:06:00,11:31:00,94.2,1,Ningaloo Marine Park,,Charlotte Aston,20190911,Todd ,Yes,Yes,378,377,423,,1,1,Yes,Yes,20200304,Charlotte Aston,20191202,,NA
2.02,new,113.5625852,-22.83153691,20190812,11:47:00,12:55:00,81.4,2,Ningaloo Marine Park,,Brooke Gibbons,20190913,Todd,Yes,No,378,377,423,Right wasn't turned on. Jumping frames but no right.,1,1,Yes,Yes,20200304,,,Right wasn't turned on,
2.03,new,113.5659111,-22.82900766,20190812,11:57:00,13:04:00,77.9,2,Ningaloo Marine Park,,Charlotte Aston,20190904,Todd,Yes,Yes,372,371,564,,1,1,Yes,Yes,20200304,Charlotte Aston,20191203,Measurements accepted with high RMS,2.62E-07
2.04,new,113.5815904,-22.82440903,20190812,12:05:00,13:15:00,72.7,2,Ningaloo Marine Park,,Charlotte Aston,20190904,Todd,Yes,Yes,375,376,440,,1,1,Yes,Yes,20200304,Charlotte Aston,20191203,Measurements accepted with high RMS,2.62E-07
2.05,new,113.5770767,-22.82256957,20190812,12:12:00,13:25:00,72.8,2,Ningaloo Marine Park,,Charlotte Aston,20190906,Todd,Yes,Yes,367,368,420,,1,1,Yes,Yes,20200304,Charlotte Aston,20191203,,NA
2.06,new,113.5716127,-22.82164985,20190812,12:18:00,13:35:00,75.1,2,Ningaloo Marine Park,,Charlotte Aston,20190906,Todd,Yes,Yes,369,370,422,,1,1,Yes,Yes,20200304,Charlotte Aston,20191203,,NA
2.07,new,113.5640106,-22.8191206,20190812,12:24:00,13:43:00,75.2,2,Ningaloo Marine Park,,Charlotte Aston,20190910,Todd,Yes,Yes,373,374,439,,1,1,Yes,Yes,20200304,Charlotte Aston,20200316,,NA
3.01,new,113.5207738,-22.81314238,20190812,14:12:00,15:21:00,97.1,3,Ningaloo Marine Park,,Brooke Gibbons,20190912,Todd,Yes,Yes,367,368,420,Test Video. Converted wrong.,1,1,Yes,Yes,20200304,Charlotte Aston,20191203,,
3.02,new,113.5262378,-22.81015327,20190812,14:07:00,15:13:00,91.8,3,Ningaloo Marine Park,,Charlotte Aston,20190910,Todd,Yes,No,369,370,422,Right camera stopped early,1,1,Yes,Yes,20200304,Charlotte Aston,20200313,Right camera stopped early,NA
3.03,new,113.5338398,-22.80693423,20190812,14:00:00,15:05:00,83.4,3,Ningaloo Marine Park,,Brooke Gibbons,20190913,Todd,Yes,Yes,373,374,439,Video for rear facing instead of stills. Right is out of focus. Pulled a minute early.,1,1,Yes,Yes,20200304,Charlotte Aston,20200309,Measurements accepted with high RMS,
3.04,legacy,113.51938,-22.80608,20190812,14:17:00,15:30:00,98,3,Ningaloo Marine Park,,Brooke Gibbons,20190913,"Todd Can't measure Pristipomoides, Sphyraena",Yes,No,375,376,440,,1,1,Yes,Yes,20200304,Charlotte Aston,20200309,Measurements accepted with high RMS,
3.05,new,113.51626,-22.80532471,20190812,14:21:00,15:37:00,100.4,3,Ningaloo Marine Park,,Todd Bond,20190905,Todd,Yes,Yes,372,371,564,,1,1,Yes,Yes,20200304,Charlotte Aston,20200316,Measurements accepted with high RMS,
3.06,new,113.5105585,-22.80463491,20190812,14:25:00,15:43:00,105.9,3,Ningaloo Marine Park,,Todd Bond,20190905,Todd,Yes,Yes,378,377,423,,1,1,Yes,Yes,20200304,Charlotte Aston,20200316,,
4.01,legacy,113.49708,-22.80504,20190813,08:05:00,09:16:00,125,4,Ningaloo Marine Park,,Todd Bond,20190905,Todd,Yes,Yes,373,374,439,Nice habitat,1,1,Yes,Yes,20200304,Charlotte Aston,20200316,,
4.02,legacy,113.51077,-22.79001,20190813,08:15:00,09:25:00,111.6,4,Ningaloo Marine Park,,Todd Bond,20190904,Todd,Yes,Yes,367,368,440,Light off (light is on but camera settings are weird TB),1,1,Yes,Yes,20200304,Charlotte Aston,20200316,,
4.03,new,113.5005807,-22.78991929,20190813,08:24:00,09:37:00,126.8,4,Ningaloo Marine Park,,Todd Bond,20190904,Todd,Yes,Yes,369,370,422,,1,1,Yes,Yes,20200304,Charlotte Aston,20200316,,
4.08,new,113.4984427,-22.78601045,20190813,08:29:00,09:44:00,132.5,4,Ningaloo Marine Park,,Todd Bond,20190904,Todd,Yes,Yes,372,371,564,Light turns off half way - charlotte to decide if successful,1,1,Yes,Yes,20200304,Charlotte Aston,20200316,,
4.11,new,113.496067,-22.78371114,20190813,08:33:00,09:57:00,139.6,4,Ningaloo Marine Park,,Todd Bond,20190906,Todd,Yes,Yes,378,377,423,Left cam ran out of memory,1,1,Yes,Yes,20200304,Charlotte Aston,20200316,,
4.12,new,113.4877522,-22.78578052,20190813,08:56:00,10:03:00,160.6,4,Ningaloo Marine Park,,Todd Bond,20190906,Todd,Yes,Yes,375,376,420,Rope tangled re-deployed,1,1,Yes,Yes,20200304,Charlotte Aston,20200316,,
5.02,legacy,113.54762,-22.78253,20190813,15:37:00,16:40:00,73.1,5,Ningaloo Marine Park,,Charlotte Aston,20190910,Todd,Yes,Yes,378,377,423,,1,1,Yes,Yes,20200304,Charlotte Aston,20191204,,NA
5.03,legacy,113.56188,-22.78303,20190813,15:42:00,16:50:00,72.3,5,Ningaloo Marine Park,,Charlotte Aston,20190910,Todd,Yes,Yes,372,371,564,Light on backwards not working,1,1,Yes,Yes,20200304,Charlotte Aston,20191204,Measurements accepted with low RMS,NA
5.07,new,113.57245,-22.7727833,20190813,15:49:00,17:00:00,72,5,Ningaloo Marine Park,,Charlotte Aston,20190911,Todd,Yes,Yes,375,376,420,,1,1,Yes,Yes,20200304,Charlotte Aston,20200313,,2.62E-07
5.08,new,113.5716127,-22.76807579,20190813,15:53:00,17:08:00,71.3,5,Ningaloo Marine Park,,Charlotte Aston,20190916,Todd,Yes,Yes,367,368,440,,1,1,Yes,Yes,20200304,Charlotte Aston,20200313,,2.62E-07
5.11,new,113.5723254,-22.76278737,20190813,16:05:00,17:16:00,70.7,5,Ningaloo Marine Park,,Charlotte Aston,20190916,Todd,Yes,Yes,369,370,422,,1,1,Yes,Yes,20200304,Charlotte Aston,20191204,,2.62E-07
5.13,legacy,113.58319,-22.76082,20190813,16:11:00,17:24:00,69.2,5,Ningaloo Marine Park,,Charlotte Aston,20190916,Todd,Yes,No,373,374,439,Nice red on backwards cam. No Right cam,1,1,Yes,Yes,20200304,,,No right camera,2.62E-07
6.01,legacy,113.53596,-22.77091,20190813,13:41:00,15:22:00,87.3,6,Ningaloo Marine Park,,Charlotte Aston,20190918,Todd,Yes,Yes,378,377,423,,1,1,Yes,Yes,20200304,Charlotte Aston,20191204,,2.62E-07
6.02,legacy,113.55367,-22.75818,20190813,13:31:00,15:09:00,72.2,6,Ningaloo Marine Park,,Brooke Gibbons,20190913,Todd - find taeniorous fish,Yes,Yes,372,371,564,Light on backwards cuts out half way,1,1,Yes,Yes,20200304,Charlotte Aston,20191204,Measurements accepted with high RMS',
6.03,legacy,113.54189,-22.75754,20190813,13:25:00,14:53:00,83.3,6,Ningaloo Marine Park,,Charlotte Aston,20190918,Todd,Yes,Yes,375,376,420,Nice habitat. Nice habitat on backwards,1,1,Yes,Yes,20200304,Charlotte Aston,20200313,,2.62E-07
6.04,new,113.5402541,-22.75175065,20190813,13:21:00,14:42:00,89.6,6,Ningaloo Marine Park,,Brooke Gibbons,20190916,Todd,Yes,Yes,367,368,440,,1,1,Yes,Yes,20200304,Charlotte Aston,20191205,,
6.05,new,113.5412044,-22.7411738,20190813,13:15:00,14:31:00,90.8,6,Ningaloo Marine Park,,Brooke Gibbons,20190918,Todd,Yes,Yes,369,370,422,Cool habitat on way up,1,1,Yes,Yes,20200304,Charlotte Aston,20191205,,
6.12,new,113.541917,-22.73059695,20190813,13:11:00,14:16:00,95.3,6,Ningaloo Marine Park,,Brooke Gibbons,20190918,Todd,Yes,Yes,373,374,439,,1,1,Yes,Yes,20200304,Charlotte Aston,20191205,,
7.01,new,113.5509445,-22.73427585,20190814,08:24:00,09:44:00,85,7,Ningaloo Marine Park,,Charlotte Aston,20190918,Todd,Yes,Yes,378,377,423,Two whales on way up. Tiger on backwards,1,1,Yes,Yes,20200304,Charlotte Aston,20191205,,1.42E-05
7.02,new,113.5533202,-22.7317466,20190814,08:21:00,09:38:00,84,7,Ningaloo Marine Park,,Brooke Gibbons,20190919,Todd ,Yes,Yes,372,371,564,,1,1,Yes,Yes,20200304,Charlotte Aston,20200310,,
7.03,new,113.5554582,-22.72507859,20190814,08:16:00,09:29:00,82,7,Ningaloo Marine Park,,Charlotte Aston,20190925,Todd,Yes,Yes,375,376,420,Big rankin and baby red,1,1,Yes,Yes,20200304,Charlotte Aston,20191205,,2.62E-07
7.04,new,113.5630603,-22.72760784,20190814,08:13:00,09:22:00,75,7,Ningaloo Marine Park,,Brooke Gibbons,20190920,Todd,Yes,Yes,367,368,440,,1,1,Yes,Yes,20200304,Charlotte Aston,20200311,,
7.05,new,113.5732756,-22.72875749,20190814,08:08:00,09:15:00,72,7,Ningaloo Marine Park,,Brooke Gibbons,20190923,Todd,Yes,Yes,369,370,422,,1,1,Yes,Yes,20200304,Charlotte Aston,20200311,,
7.08,new,113.5756513,-22.73059695,20190814,08:03:00,09:06:00,72,7,Ningaloo Marine Park,,Charlotte Aston,20190925,Todd,Yes,Yes,373,374,439,Whale breaches at start 2:13. Backwards video instead of pictures,1,1,Yes,Yes,20200304,Charlotte Aston,20191205,,2.62E-07
8.01,new,113.5497567,-22.71266228,20190814,10:00:00,11:02:00,87,8,Ningaloo Marine Park,,Charlotte Aston,20190925,Todd,Yes,Yes,378,377,423,,1,1,Yes,Yes,20200304,Charlotte Aston,20191205,,2.62E-07
8.02,new,113.5559334,-22.70277523,20190814,10:06:00,11:12:00,76,8,Ningaloo Marine Park,,Charlotte Aston,20190926,Todd - Go back for lamark+others for pictures,Yes,Yes,372,371,564,"Great habitat, massive grouper - good for cool clips, tiger on backwards photo",1,1,Yes,Yes,20200304,Charlotte Aston,20191205,Measurements accepted with high RMS. Sea fan covering right camera so very few actually measurements,2.62E-07
8.05,legacy,113.57994,-22.7017,20190814,10:31:00,11:52:00,63,8,Ningaloo Marine Park,,Charlotte Aston,20191001,Todd - blennidae sp1,Yes,Yes,373,374,439,Dragged by whale,1,1,Yes,Yes,20200304,Charlotte Aston,20200311,,2.62E-07
8.06,legacy,113.58157,-22.69621,20190814,10:27:00,11:45:00,61,8,Ningaloo Marine Park,,Charlotte Aston,20191001,Todd,Yes,Yes,369,370,422,Lil hammer,1,1,Yes,Yes,20200304,Charlotte Aston,20200311,,2.57E-07
8.07,legacy,113.57783,-22.69542,20190814,10:23:00,11:38:00,63,8,Ningaloo Marine Park,,Charlotte Aston,20191004,Todd,Yes,Yes,367,368,440,Big red. Go back and check the grandoculis/griseus,1,1,Yes,Yes,20200304,Charlotte Aston,20200311,,2.57E-07
8.12,new,113.547381,-22.69932625,20190814,10:11:00,11:22:00,95,8,Ningaloo Marine Park,,Charlotte Aston,20191007,Todd,Yes,Yes,375,376,420,Lights turned off,1,1,Yes,Yes,20200304,Charlotte Aston,20200312,,2.57E-07
9.01,new,113.5359779,-22.70139564,20190813,11:16:00,12:51:00,117.8,9,Ningaloo Marine Park,,Charlotte Aston,20191007,Todd - Can't measure macrorhinus,Yes,Yes,373,374,439,3.1 also in the raw folder Left,1,1,Yes,Yes,20200304,Charlotte Aston,20200312,,2.57E-07
9.02,new,113.5214865,-22.7025453,20190813,11:00:00,12:14:00,163.8,9,Ningaloo Marine Park,,Todd Bond,20190902,Todd,Yes,Yes,378,377,423,,1,1,Yes,Yes,20200304,Charlotte Aston,20200313,,
9.05,new,113.5248124,-22.69150858,20190813,11:05:00,12:28:00,175.3,9,Ningaloo Marine Park,,Charlotte Aston,20191007,Todd,No,No,367,368,440,Flipped on back,1,1,Yes,Yes,20200304,Charlotte Aston,20200312,,2.57E-07
9.06,new,113.5319393,-22.6931181,20190813,11:10:00,12:40:00,136.3,9,Ningaloo Marine Park,,Todd Bond,20190903,Todd,Yes,Yes,369,370,422,Bait almost gone at 30 mins. ,1,1,Yes,Yes,20200304,Charlotte Aston,20200313,,
9.07,new,113.5255251,-22.71082283,20190813,10:52:00,12:05:00,133.1,9,Ningaloo Marine Park,,Todd Bond,20190902,Todd,Yes,Yes,372,371,564,Check shark. DROP FRAMES ? Light on backwards not working. Bait runs low quickly and almost gone at 30 mins. Converted wrong. Drops Frames.,1,1,Yes,Yes,20200305,Charlotte Aston,20200316,,
9.08,new,113.5136468,-22.71220242,20190813,10:45:00,11:55:00,178,9,Ningaloo Marine Park,,Todd Bond,20190902,Todd,Yes,Yes,375,376,420,,1,1,Yes,Yes,20200305,Charlotte Aston,20200325,,
10.01,new,113.5564085,-22.67587323,20190814,12:13:00,13:15:00,93,10,Ningaloo Marine Park,,Charlotte Aston,20191114,Todd,Yes,No,373,374,439,Shark flips BRUV,1,1,Yes,Yes,20200305,Charlotte Aston,20200312,,2.57E-07
10.02,new,113.5564085,-22.67334399,20190814,12:19:00,13:23:00,95,10,Ningaloo Marine Park,,Charlotte Aston,20191008,Todd,Yes,Yes,369,370,422,,1,1,Yes,Yes,20200305,Charlotte Aston,20200312,,2.57E-07
10.03,new,113.5628228,-22.66874535,20190814,12:24:00,13:31:00,88,10,Ningaloo Marine Park,,Charlotte Aston,20191010,Todd,Yes,Yes,367,368,440,Backwards image ridge. Really cool drop. Tim should show this one.,1,1,Yes,Yes,20200305,Charlotte Aston,20200312,,2.57E-07
10.04,new,113.5518948,-22.6669059,20190814,12:33:00,13:42:00,110,10,Ningaloo Marine Park,,Charlotte Aston,20191008,Todd,Yes,Yes,375,376,420,This was on the raw hard drive but had no labsheet entry. Flipped on its side at 36 minutes,1,1,Yes,Yes,20200305,Charlotte Aston,20200325,,2.57E-07
10.07,new,113.5400165,-22.67311405,20190814,12:40:00,13:55:00,138,10,Ningaloo Marine Park,,Charlotte Aston,20191010,Todd,No,No,372,371,564,Flipped at 30 mins,1,1,Yes,Yes,20200305,Charlotte Aston,20200325,,2.57E-07
10.08,new,113.5383536,-22.67035488,20190814,12:46:00,14:05:00,157,10,Ningaloo Marine Park,,Charlotte Aston,20191010,Todd,No,No,378,377,423,Flipped at 27 mins,1,1,Yes,Yes,20200305,Charlotte Aston,20200316,,2.57E-07
10.09,legacy,113.55942,-22.62918,20190814,14:34:00,16:05:00,160,10,Ningaloo Marine Park,,Brooke Gibbons,20190911,Todd - need to check shark,Yes,Yes,378,377,423,Converted wrong. ,2,1,Yes,Yes,20200305,Charlotte Aston,20200325,,
10.11,legacy,113.5636,-22.61773,20190814,14:41:00,15:52:00,160,10,Ningaloo Marine Park,,Brooke Gibbons,20190925,Todd,Yes,Yes,372,371,564,,2,2,Yes,Yes,20200305,Charlotte Aston,20200316,,
10.12,legacy,113.57775,-22.59615,20190814,15:20:00,16:58:00,136,10,Ningaloo Marine Park,,Brooke Gibbons,20190925,Todd,Yes,Yes,375,376,420,,2,2,Yes,Yes,20200305,Charlotte Aston,20200325,,
10.13,new,113.579,-22.638,20190814,14:53:00,16:24:00,78,10,Ningaloo Marine Park,,Brooke Gibbons,20191010,Todd,Yes,Yes,367,368,440,extra site - picked by Tim - good habitat. Skipped frames,2,2,Yes,Yes,20200305,Charlotte Aston,20200325,,
10.14,new,113.5916667,-22.624,20190814,15:02:00,16:36:00,74,10,Ningaloo Marine Park,,Charlotte Aston,20191015,Todd,Yes,Yes,369,370,422,extra site - picked by Tim,2,2,Yes,Yes,20200305,Charlotte Aston,20200317,,2.57E-07
10.15,new,113.594,-22.6058333,20190814,15:10:00,16:47:00,84,10,Ningaloo Marine Park,,Charlotte Aston,20191015,Todd,Yes,Yes,373,374,439,extra site - picked by Tim,2,2,Yes,Yes,20200305,Charlotte Aston,20200317,,2.57E-07
11.01,new,113.6215013,-22.54044354,20190815,08:06:00,09:12:00,84,11,Ningaloo Marine Park,,Charlotte Aston,20191114,Todd,Yes,Yes,375,376,420,Cloudy day,2,2,Yes,Yes,20200305,Charlotte Aston,20200317,,2.57E-07
11.02,new,113.6248272,-22.5365347,20190815,08:11:00,09:18:00,81,11,Ningaloo Marine Park,,Charlotte Aston,20191016,Todd,Yes,Yes,373,374,439,,2,2,Yes,Yes,20200305,Charlotte Aston,20200317,,2.57E-07
11.03,new,113.6274404,-22.53377552,20190815,08:15:00,09:24:00,79,11,Ningaloo Marine Park,,Charlotte Aston,20191016,Todd,No,No,369,370,422,Flipped after 50 mins,2,2,Yes,Yes,20200305,Charlotte Aston,20200317,,2.57E-07
11.04,new,113.6243521,-22.52871703,20190815,08:19:00,09:32:00,91,11,Ningaloo Marine Park,,Charlotte Aston,20191017,Todd,Yes,Yes,367,368,440,Bad vis. Bouncing. Sand bar,2,2,Yes,Yes,20200305,Charlotte Aston,20200317,,2.57E-07
11.05,new,113.6255399,-22.52618778,20190815,08:25:00,09:39:00,91,11,Ningaloo Marine Park,,Charlotte Aston,20191017,Todd,No,No,378,377,423,Flipped on back 40 in,,2,Yes,Yes,20200305,Charlotte Aston,20200317,,2.57E-07
11.06,new,113.6345674,-22.52388847,20190815,08:31:00,09:47:00,77,11,Ningaloo Marine Park,,Charlotte Aston,20191017,Todd,Yes,Yes,372,371,564,,2,2,Yes,Yes,20200305,Charlotte Aston,20200317,Labridae sp. 8,2.57E-07
12.02,legacy,113.67504,-22.46724,20190815,10:37:00,12:02:00,56,12,Ningaloo Marine Park,,Charlotte Aston,20190830,Brooke,Yes,Yes,369,370,422,Converted wrong. ,2,1,Yes,Yes,20200305,Charlotte Aston,20200303,,2.57E-07
12.03,new,113.6678265,-22.46824503,20190815,10:44:00,11:49:00,65,12,Ningaloo Marine Park,,Charlotte Aston,20191022,Todd,Yes,Yes,373,374,439,Changed from 12.08 to 12.03,2,2,Yes,Yes,20200305,Charlotte Aston,20200317,,2.57E-07
12.04,new,113.6687767,-22.46433619,20190815,10:48:00,11:56:00,70,12,Ningaloo Marine Park,,Charlotte Aston,20191022,Todd,Yes,Yes,375,376,420,,2,2,Yes,Yes,20200305,Charlotte Aston,20200317,,3.71E-05
12.05,new,113.6599868,-22.4673253,20190815,10:29:00,11:43:00,86,12,Ningaloo Marine Park,,Charlotte Aston,20191022,Todd,Yes,Yes,367,368,440,,2,2,Yes,Yes,20200305,Charlotte Aston,20200317,,2.57E-07
12.06,new,113.6573736,-22.46548585,20190815,10:25:00,11:35:00,94,12,Ningaloo Marine Park,,Charlotte Aston,20191022,Todd,No,No,378,377,423,Flipped on side,2,2,Yes,Yes,20200305,Charlotte Aston,20200317,,2.57E-07
12.11,legacy,113.64333,-22.48475,20190815,10:14:00,11:23:00,100,12,Ningaloo Marine Park,,Charlotte Aston,20191022,Todd,Yes,Yes,372,371,564,Bouncing. Snapped bait arm,2,2,Yes,Yes,20200305,Charlotte Aston,20200325,Something wrong with right camera,2.57E-07
13.02,new,113.7058369,-22.40386419,20190815,12:32:00,13:40:00,69,13,Ningaloo Marine Park,,Charlotte Aston,20191024,Todd,Yes,Yes,369,370,422,,2,2,Yes,Yes,20200305,Charlotte Aston,20200317,,2.57E-07
13.03,new,113.7013231,-22.39903562,20190815,12:52:00,13:46:00,83,13,Ningaloo Marine Park,,Charlotte Aston,20191114,Todd,Yes,Yes,378,377,423,Pulled 5 mins early,2,2,Yes,Yes,20200305,Charlotte Aston,20200317,,2.57E-07
13.04,new,113.6972845,-22.39765604,20190815,12:48:00,14:10:00,92,13,Ningaloo Marine Park,,Charlotte Aston,20191024,Todd,Yes,Yes,367,368,440,,2,2,Yes,Yes,20200305,Charlotte Aston,20200317,,2.57E-07
13.05,new,113.6932459,-22.40087508,20190815,12:43:00,14:03:00,96,13,Ningaloo Marine Park,,Charlotte Aston,20191028,Todd,Yes,Yes,373,374,439,,2,2,Yes,Yes,20200305,Charlotte Aston,20200317,,2.57E-07
13.06,new,113.6922957,-22.40478391,20190815,12:39:00,13:56:00,94.5,13,Ningaloo Marine Park,,Charlotte Aston,20191028,Todd,Yes,Yes,375,376,420,,2,2,Yes,Yes,20200305,Charlotte Aston,20200325,,3.10E-06
13.08,new,113.7039364,-22.39328734,20190815,12:56:00,14:16:00,85,13,Ningaloo Marine Park,,Charlotte Aston,20191029,Todd,Yes,Yes,372,371,564,Battery died,2,2,Yes,Yes,20200305,Charlotte Aston,20200317,,3.10E-06
14.01,legacy,113.72408,-22.32524,20190815,14:46:00,15:49:00,96,14,Ningaloo Marine Park,,Charlotte Aston,20191029,Todd,Yes,Yes,372,371,564,,2,2,Yes,Yes,20200305,Charlotte Aston,20200317,,3.10E-06
14.02,legacy,113.73251,-22.30284,20190815,15:12:00,16:21:00,101,14,Ningaloo Marine Park,,Charlotte Aston,20191115,Todd,Yes,Yes,375,376,420,,2,2,Yes,Yes,20200305,Charlotte Aston,20200318,,2.57E-07
14.03,legacy,113.74266,-22.27651,20190815,15:25:00,16:39:00,109,14,Ningaloo Marine Park,,Charlotte Aston,20191115,Todd,No,No,369,370,422,Flips 15 min in,2,2,Yes,Yes,20200305,Charlotte Aston,20200318,,2.57E-07
14.06,legacy,113.79046,-22.17832,20190816,08:12:00,09:16:00,100,14,Ningaloo Marine Park,,Charlotte Aston,20191029,Todd,Yes,Yes,369,370,422,,2,2,Yes,Yes,20200305,Charlotte Aston,20200318,,2.57E-07
14.11,new,113.7371667,-22.3266667,20190815,14:53:00,15:58:00,75,14,Ningaloo Marine Park,,Charlotte Aston,20191029,Todd,Yes,Yes,373,374,439,,2,2,Yes,Yes,20200305,Charlotte Aston,20200318,,2.57E-07
14.12,new,113.746,-22.3071667,20190815,15:05:00,16:08:00,82,14,Ningaloo Marine Park,,Charlotte Aston,20191030,Todd,Yes,Yes,367,368,440,Two dolphin fish at surface at end. Big reds and lots of them,2,2,Yes,Yes,20200305,Charlotte Aston,20200318,,1.85E-07
14.13,new,113.7416667,-22.2866667,20190815,15:20:00,16:32:00,101,14,Ningaloo Marine Park,,Charlotte Aston,20191030,Todd,Yes,Yes,378,377,423,,2,2,Yes,Yes,20200305,Charlotte Aston,20200318,,1.85E-07
15.01,legacy,113.7915,-22.17344,20190816,08:16:00,09:23:00,100,15,Ningaloo Marine Park,,Charlotte Aston,20191031,Todd,Yes,Yes,378,377,423,,2,2,Yes,Yes,20200305,Charlotte Aston,20200318,,4.13E-06
15.02,legacy,113.7941,-22.16882,20190816,08:20:00,09:30:00,100,15,Ningaloo Marine Park,,Charlotte Aston,20191107,Todd,Yes,Yes,375,376,420,No light. Good tape for multidens vs other multidens,2,2,Yes,Yes,20200305,Charlotte Aston,20200319,,NA
15.05,legacy,113.78335,-22.16173,20190816,08:27:00,09:39:00,122,15,Ningaloo Marine Park,,Charlotte Aston,20191031,Todd,No,No,367,368,440,Flipped on back. cool anenome,2,2,Yes,Yes,20200305,Charlotte Aston,20200319,,NA
15.07,legacy,113.79163,-22.13639,20190816,08:43:00,10:03:00,116,15,Ningaloo Marine Park,,Charlotte Aston,20191031,Todd,Yes,Yes,372,371,564,"Sunny but windy. Clear, moray eel. Big goldband",2,2,Yes,Yes,20200305,Charlotte Aston,20200319,,NA
15.12,new,113.7899349,-22.14381158,20190816,08:39:00,09:53:00,110,15,Ningaloo Marine Park,,Charlotte Aston,20191031,Todd,Yes,Yes,373,374,439,White whale. Missing backwards,2,2,Yes,No,20200305,Charlotte Aston,20200319,,2.43E-07
16.01,legacy,113.80074,-22.12155,20190816,10:22:00,11:28:00,101,18,Ningaloo Marine Park,,Charlotte Aston,20191031,Todd,Yes,Yes,372,371,564,,2,2,Yes,Yes,20200305,Charlotte Aston,20200319,,2.43E-07
16.02,legacy,113.79192,-22.11624,20190816,10:28:00,11:37:00,145,16,Ningaloo Marine Park,,Charlotte Aston,20191031,Todd,Yes,Yes,373,374,439,Good habitat,2,2,Yes,Yes,20200305,Charlotte Aston,20200319,,2.43E-07
16.03,legacy,113.7967,-22.10669,20190816,10:39:00,11:48:00,190,16,Ningaloo Marine Park,,Charlotte Aston,20191101,Todd,Yes,Yes,367,368,440,,2,2,Yes,Yes,20200305,Charlotte Aston,20200319,,2.43E-07
16.04,legacy,113.8081,-22.09742,20190816,10:48:00,12:04:00,100,16,Ningaloo Marine Park,,Charlotte Aston,20191101,Todd,Yes,Yes,375,376,420,No light,2,2,Yes,Yes,20200305,Charlotte Aston,20200319,,2.43E-07
16.05,legacy,113.82563,-22.0856,20190816,11:00:00,12:23:00,85,16,Ningaloo Marine Park,,Charlotte Aston,20191107,Todd,Yes,Yes,369,370,422,,2,2,Yes,Yes,20200305,Charlotte Aston,20200319,,NA
17.08,new,113.8193929,-22.0943763,20190816,10:53:00,12:15:00,90,17,Ningaloo Marine Park,,Charlotte Aston,20191101,Todd,Yes,Yes,378,377,423,,2,2,Yes,Yes,20200305,Charlotte Aston,20200319,,NA
18.01,new,113.812266,-22.06954369,20190816,12:33:00,13:35:00,91,18,Ningaloo Marine Park,,Charlotte Aston,20191101,Todd,Yes,Yes,369,370,422,,2,2,Yes,Yes,20200305,Charlotte Aston,20200319,,NA
18.02,new,113.8120284,-22.06517499,20190816,12:38:00,13:42:00,91,18,Ningaloo Marine Park,,Charlotte Aston,20191101,Todd,Yes,Yes,378,377,423,Cool hammer footage. Not sure about the grandoculis/griseus in these video,2,2,Yes,Yes,20200305,Charlotte Aston,20200319,,NA
18.03,new,113.8082274,-22.06563485,20190816,12:46:00,13:53:00,117,18,Ningaloo Marine Park,,Charlotte Aston,20191104,Todd,Yes,Yes,375,376,420,,2,2,Yes,Yes,20200305,Charlotte Aston,20200319,,NA
18.04,new,113.810603,-22.06172601,20190816,12:50:00,14:01:00,134,18,Ningaloo Marine Park,,Charlotte Aston,20190830,Brooke,Yes,Yes,367,368,440,Converted wrong. Hammerhead.,2,2 (subfolder),Yes,Yes,20200305,Charlotte Aston,20191205,,2.43E-07
18.07,new,113.8281828,-22.06264574,20190816,12:54:00,14:10:00,109,18,Ningaloo Marine Park,,Charlotte Aston,20191104,Todd,Yes,Yes,373,374,439,,2,2,Yes,Yes,20200305,Charlotte Aston,20200322,,2.43E-07
18.08,new,113.823194,-22.0725328,20190816,12:58:00,14:16:00,96,18,Ningaloo Marine Park,,Charlotte Aston,20191104,Todd,Yes,Yes,372,371,564,,2,2,Yes,Yes,20200305,Charlotte Aston,20200322,,2.43E-07
19.01,legacy,113.82289,-22.01347,20190816,14:42:00,15:44:00,107,19,Ningaloo Marine Park,,Charlotte Aston,20191104,Todd,Yes,Yes,372,371,564,Pelagic BRUVs deployed,2,2,Yes,Yes,20200305,Charlotte Aston,20200322,,8.62E-06
19.02,new,113.821531,-22.00792203,20190816,14:44:00,15:53:00,122,19,Ningaloo Marine Park,,Charlotte Aston,20191104,Todd,Yes,Yes,373,374,439,Pelagic BRUVs deployed,2,2,Yes,Yes,20200305,Charlotte Aston,20200322,,2.43E-07
19.03,new,113.8305585,-22.00286353,20190816,14:55:00,16:07:00,99,19,Ningaloo Marine Park,,Charlotte Aston,20191105,Todd,Yes,Yes,378,377,423,,2,2,Yes,Yes,20200305,Charlotte Aston,20200322,,2.11E-06
19.04,new,113.8255696,-22.00056422,20190816,14:49:00,15:59:00,109,19,Ningaloo Marine Park,,Charlotte Aston,20191105,Todd,Yes,Yes,367,368,440,Pelagic BRUVs deployed,2,2,Yes,Yes,20200305,Charlotte Aston,20200322,,2.11E-06
19.05,new,113.8291331,-21.99757511,20190816,14:59:00,16:15:00,101,19,Ningaloo Marine Park,,Charlotte Aston,20191106,Todd,Yes,Yes,369,370,422,,2,2,Yes,Yes,20200305,Charlotte Aston,20200322,,2.43E-07
19.08,new,113.8234315,-21.99412613,20190816,15:03:00,16:22:00,130,19,Ningaloo Marine Park,,Charlotte Aston,20191106,Todd,Yes,Yes,375,376,420,Pelagic BRUVs deployed,2,2,Yes,Yes,20200305,Charlotte Aston,20200323,,1.85E-07
23.01,new,114.0835652,-21.68647769,20190817,13:22:00,14:40:00,102,23,Ningaloo Marine Park,,Charlotte Aston,20191111,Todd,Yes,Yes,373,374,439,,3,2,Yes,Yes,20200305,Charlotte Aston,20200323,,1.25E-06
23.02,new,114.0785763,-21.68555797,20190817,13:28:00,14:48:00,106,23,Ningaloo Marine Park,,Charlotte Aston,20191111,Todd,Yes,Yes,367,368,440,,3,2,Yes,Yes,20200305,Charlotte Aston,20200323,,1.85E-07
23.03,new,114.0811896,-21.68233893,20190817,13:31:00,14:54:00,109,23,Ningaloo Marine Park,,Charlotte Aston,20191111,Todd,Yes,Yes,378,377,423,Backwards camera wasn't turned on. Photos start here,3,2,Yes,Yes,20200305,Charlotte Aston,20200323,,1.85E-07
23.04,new,114.0845155,-21.67980968,20190817,13:35:00,15:01:00,110,23,Ningaloo Marine Park,,Charlotte Aston,20191112,Todd,Yes,Yes,369,370,422,,3,2,Yes,Yes,20200305,Charlotte Aston,20200323,,2.43E-07
23.06,new,114.0944932,-21.67475118,20190817,13:46:00,15:09:00,107,23,Ningaloo Marine Park,,Charlotte Aston,20191112,Todd,Yes,Yes,375,376,420,,3,2,Yes,Yes,20200305,Charlotte Aston,20200323,,NA
23.09,new,114.0747,-21.706867,20190817,13:13:00,14:24:00,67,23,Ningaloo Marine Park,,Charlotte Aston,20191112,Todd,Yes,Yes,372,371,564,21 24.412S 114 4.482E,3,2,Yes,Yes,20200305,Charlotte Aston,20200324,,NA
30.01,new,113.90413,-21.91122,20190817,10:04:00,11:12:00,69,30,Ningaloo Marine Park,,Charlotte Aston,20191112,Todd,No,No,375,376,420,Flipped on back,3,2,Yes,Yes,20200305,Charlotte Aston,20200324,,1.85E-07
30.02,new,113.90722,-21.90687,20190817,10:08:00,11:19:00,69,30,Ningaloo Marine Park,,Charlotte Aston,20191115,Todd,Yes,Yes,369,370,422,Bouncing,3,2,Yes,Yes,20200305,Charlotte Aston,20200324,,1.85E-07
30.03,new,113.91082,-21.89999,20190817,10:13:00,11:28:00,67,30,Ningaloo Marine Park,,Charlotte Aston,20191115,Todd,Yes,Yes,378,377,423,,3,2,Yes,Yes,20200305,Charlotte Aston,20200324,,1.25E-06
30.04,new,113.91423,-21.89513,20190817,10:16:00,11:36:00,69,30,Ningaloo Marine Park,,Charlotte Aston,20191115,Todd,Yes,Yes,367,368,440,,3,2,Yes,Yes,20200305,Charlotte Aston,20200324,,1.85E-07
30.05,new,113.91801,-21.88983,20190817,10:20:00,11:44:00,68,30,Ningaloo Marine Park,,Charlotte Aston,20191115,Todd,Yes,Yes,373,374,439,,3,2,Yes,Yes,20200305,Charlotte Aston,20200324,,1.85E-07
30.06,new,113.9202,-21.8876,20190817,10:23:00,11:49:00,66,30,Ningaloo Marine Park,,Charlotte Aston,20190902,Todd,Yes,Yes,372,371,564,Sunny but windy. Lobster. Converted wrong. ,3,2 (subfolder),Yes,Yes,20200305,Charlotte Aston,20191205,Measurements accepted at high RMS. Ask about nematophorus,1.85E-07
31.01,new,114.08985,-21.6873167,20190817,15:25:00,16:31:00,77,31,Ningaloo Marine Park,,Charlotte Aston,20191127,Todd,Yes,Yes,375,376,420,Filmed 30 on lab sheet,3,2,Yes,Yes,20200305,Charlotte Aston,20200324,,3.79E-06
31.02,new,114.09,-21.6919667,20190817,15:29:00,16:36:00,71,31,Ningaloo Marine Park,,Charlotte Aston,20190903,Todd,Yes,Yes,369,370,422,Filmed 30 on lab sheet. Converted wrong. ,3,2,Yes,Yes,20200305,Charlotte Aston,20200403,,NA
31.03,new,114.0887667,-21.69445,20190817,15:31:00,16:41:00,66,31,Ningaloo Marine Park,,Charlotte Aston,20191126,Todd,Yes,Yes,378,377,423,Filmed 30 on lab sheet,3,2 (subfolder),Yes,Yes,20200305,Charlotte Aston,20200324,,4.39E-06
31.04,new,114.0877667,-21.69635,20190817,15:34:00,16:47:00,64,31,Ningaloo Marine Park,,Charlotte Aston,20191202,Todd,Yes,Yes,367,368,440,Rankin,3,2,Yes,Yes,20200305,Charlotte Aston,20200324,,1.85E-07
31.05,new,114.0814333,-21.70045,20190817,15:39:00,16:52:00,67,31,Ningaloo Marine Park,,Charlotte Aston,20190903,Todd,Yes,Yes,373,374,439,Converted wrong. ,3,2 (subfolder),Yes,Yes,20200305,Charlotte Aston,20200304,,1.85E-07
31.06,new,114.0774833,-21.7025167,20190817,15:45:00,16:58:00,66,31,Ningaloo Marine Park,,Charlotte Aston,20191126,Todd,Yes,Yes,372,371,564,,3,2,Yes,Yes,20200305,Charlotte Aston,20200325,,4.13E-06