CampaignID,Sample,Latitude,Longitude,Date,Time,Location,Status,Site,Depth,Observer,Successful.count,Successful.length,ReportID,Year,Site.type,Comments,Year
2022-02_PortPhillipBay,PPB001,-38.196919,144.71415,20220217,8:55:00,PPB,Fished,PPB,1,Scott Gray,Yes,Yes,2022PPB001,2022,VFA Seagrass,Y,2022
2022-02_PortPhillipBay,PPB002,-37.866336,144.875823,20220404,13:20:00,PPB,No-take,PPB,4.5,Scott Gray,Yes,Yes,2022PPB002,2022,RLS,Y,2022
2022-02_PortPhillipBay,PPB003,-38.359357,144.790212,20220215,15:24:00,PPB,Fished,PPB,1.1,Scott Gray,Yes,Yes,2022PPB003,2022,Tim Seagrass Sites,Y,2022
2022-02_PortPhillipBay,PPB004,-38.29667168,144.61299,20220409,13:22:00,PPB,Fished,PPB,6.07741,Scott Gray,Yes,Yes,2022PPB004,2022,Deakin BRUVS,Y,2022
2022-02_PortPhillipBay,PPB005,-38.29406433,144.59827,20220409,13:15:00,PPB,Fished,PPB,7.472,Scott Gray,Yes,Yes,2022PPB005,2022,Deakin BRUVS,Y,2022
2022-02_PortPhillipBay,PPB006,-38.29636099,144.60595,20220409,13:19:00,PPB,Fished,PPB,9.20427,Scott Gray,Yes,Yes,2022PPB006,2022,Deakin BRUVS,Y,2022
2022-02_PortPhillipBay,PPB007,-38.32010002,144.65013,20220304,11:01:00,PPB,No-take,PPB,13.3441,Darcy Cutter,Yes,Yes,2022PPB007,2022,Deakin BRUVS,Y,2022
2022-02_PortPhillipBay,PPB008,-38.32656179,144.67468,20220304,10:44:00,PPB,Fished,PPB,16.6091,Darcy Cutter,Yes,Yes,2022PPB008,2022,Deakin BRUVS,Y,2022
2022-02_PortPhillipBay,PPB009,-38.32521433,144.66387,20220304,10:47:00,PPB,Fished,PPB,16.088,Darcy Cutter,Yes,Yes,2022PPB009,2022,Deakin BRUVS,Y,2022
2022-02_PortPhillipBay,PPB010,-38.32011068,144.66498,20220304,10:54:00,PPB,Fished,PPB,11.4081,Darcy Cutter,Yes,Yes,2022PPB010,2022,Deakin BRUVS,Y,2022
2022-02_PortPhillipBay,PPB011,-38.32349749,144.65847,20220304,10:51:00,PPB,Fished,PPB,13.3162,Darcy Cutter,Yes,No,2022PPB011,2022,Deakin BRUVS,Y,2022
2022-02_PortPhillipBay,PPB012,-38.273679,144.775763,20220301,9:35:00,PPB,No-take,PPB,1.6,Scott Gray,Yes,Yes,2022PPB012,2022,Tim Seagrass Sites,Y,2022
2022-02_PortPhillipBay,PPB013,-38.043506,144.545736,20220217,12:54:00,PPB,Fished,PPB,2,Scott Gray,Yes,Yes,2022PPB013,2022,VFA Seagrass,Y,2022
2022-02_PortPhillipBay,PPB014,-37.868668,144.913185,20220404,13:41:00,PPB,Fished,PPB,1.25272,Scott Gray,Yes,Yes,2022PPB014,2022,RLS,Y,2022
2022-02_PortPhillipBay,PPB015,-38.34413,144.75908,20220215,14:59:00,PPB,Fished,PPB,1.5582,Scott Gray,Yes,Yes,2022PPB015,2022,RLS,Y,2022
2022-02_PortPhillipBay,PPB016,-38.13380203,144.4151828,20220217,15:11:00,PPB,Fished,PPB,1.565,Scott Gray,Yes,Yes,2022PPB016,2022,VFA Seagrass,Y,2022
2022-02_PortPhillipBay,PPB017,-38.30412315,144.65585,20220303,15:13:00,PPB,No-take,PPB,1.66377,Darcy Cutter,Yes,Yes,2022PPB017,2022,Deakin BRUVS,Y,2022
2022-02_PortPhillipBay,PPB018,-38.32786,144.741,20220303,15:35:00,PPB,Fished,PPB,2.06513,Darcy Cutter,Yes,Yes,2022PPB018,2022,RLS,Y,2022
2022-02_PortPhillipBay,PPB019,-38.02771,144.58116,20220217,12:39:00,PPB,Fished,PPB,2.06996,Scott Gray,Yes,Yes,2022PPB019,2022,RLS,Y,2022
2022-02_PortPhillipBay,PPB020,-38.02847555,144.59,20220217,12:41:00,PPB,Fished,PPB,2.14,Scott Gray,Yes,Yes,2022PPB020,2022,PPB ROV Sampling,Y,2022
2022-02_PortPhillipBay,PPB021,-37.8697,144.8882,20220404,13:26:00,PPB,Fished,PPB,2.47145,Scott Gray,Yes,Yes,2022PPB021,2022,VFA Abalone,Y,2022
2022-02_PortPhillipBay,PPB022,-38.11639695,144.695,20220217,9:12:00,PPB,Fished,PPB,2.51293,Scott Gray,Yes,Yes,2022PPB022,2022,PPB ROV Sampling,Y,2022
2022-02_PortPhillipBay,PPB023,-38.13972774,144.4417729,20220217,14:58:00,PPB,Fished,PPB,2.611,Scott Gray,Yes,No,2022PPB023,2022,VFA Seagrass,Y,2022
2022-02_PortPhillipBay,PPB024,-38.30482895,144.67278,20220215,9:22:00,PPB,No-take,PPB,2.61701,Scott Gray,Yes,Yes,2022PPB024,2022,Deakin BRUVS,Y,2022
2022-02_PortPhillipBay,PPB025,-37.9251,144.8011,20220404,10:35:00,PPB,No-take,PPB,2.66105,Scott Gray,Yes,Yes,2022PPB025,2022,VFA Abalone,Y,2022
2022-02_PortPhillipBay,PPB026,-37.90846,144.9807,20220405,14:18:00,PPB,Fished,PPB,2.70907,Scott Gray,Yes,Yes,2022PPB026,2022,RLS,Y,2022
2022-02_PortPhillipBay,PPB027,-38.12259395,144.6020712,20220217,9:35:00,PPB,Fished,PPB,2.79047,Scott Gray,Yes,Yes,2022PPB027,2022,VFA Seagrass,Y,2022
2022-02_PortPhillipBay,PPB028,-37.897224,144.983936,20220405,14:12:00,PPB,Fished,PPB,2.89017,Scott Gray,Yes,Yes,2022PPB028,2022,RLS,Y,2022
2022-02_PortPhillipBay,PPB029,-38.36617,144.82295,20220215,15:36:00,PPB,Fished,PPB,2.92323,Scott Gray,Yes,Yes,2022PPB029,2022,RLS,Y,2022
2022-02_PortPhillipBay,PPB031,-38.15294378,144.729,20220216,13:15:00,PPB,Fished,PPB,3.07475,Scott Gray,Yes,Yes,2022PPB031,2022,PPB ROV Sampling,Y,2022
2022-02_PortPhillipBay,PPB033,-38.306316,144.66453,20220303,15:16:00,PPB,No-take,PPB,3.54131,Darcy Cutter,Yes,Yes,2022PPB033,2022,Deakin BRUVS,Y,2022
2022-02_PortPhillipBay,PPB034,-37.99739,145.02948,20220302,14:54:00,PPB,No-take,PPB,3.62299,Darcy Cutter,Yes,Yes,2022PPB034,2022,RLS,Y,2022
2022-02_PortPhillipBay,PPB035,-37.9427,144.7561,20220404,10:19:00,PPB,Fished,PPB,3.70038,Scott Gray,Yes,Yes,2022PPB035,2022,VFA Abalone,Y,2022
2022-02_PortPhillipBay,PPB036,-38.211584,145.035213,20220302,9:48:00,PPB,Fished,PPB,3.73705,Darcy Cutter,Yes,Yes,2022PPB036,2022,PPB ROV Sampling,Y,2022
2022-02_PortPhillipBay,PPB037,-37.91762,144.98252,20220405,14:23:00,PPB,Fished,PPB,3.74204,Scott Gray,Yes,Yes,2022PPB037,2022,RLS,Y,2022
2022-02_PortPhillipBay,PPB038,-38.3559,144.7741,20220215,15:13:00,PPB,Fished,PPB,3.85851,Scott Gray,Yes,Yes,2022PPB038,2022,Spider Crabs,Y,2022
2022-02_PortPhillipBay,PPB039,-38.30422645,144.65929,20220215,9:05:00,PPB,No-take,PPB,3.89681,Scott Gray,Yes,Yes,2022PPB039,2022,Deakin BRUVS,Y,2022
2022-02_PortPhillipBay,PPB040,-38.04236308,144.561696,20220217,12:50:00,PPB,Fished,PPB,3.92113,Scott Gray,Yes,Yes,2022PPB040,2022,PPB ROV Sampling,Y,2022
2022-02_PortPhillipBay,PPB041,-38.12097441,144.731,20220216,12:59:00,PPB,Fished,PPB,3.92896,Scott Gray,Yes,Yes,2022PPB041,2022,PPB ROV Sampling,Y,2022
2022-02_PortPhillipBay,PPB042,-38.11977,144.42425,20220217,15:05:00,PPB,Fished,PPB,3.947,Scott Gray,Yes,Yes,2022PPB042,2022,VFA Acoustic Receivers,Y,2022
2022-02_PortPhillipBay,PPB043,-38.28298327,144.61985,20220301,12:06:00,PPB,No-take,PPB,3.98107,Scott Gray,Yes,Yes,2022PPB043,2022,Deakin BRUVS,Y,2022
2022-02_PortPhillipBay,PPB044,-38.30407154,144.66736,20220215,9:19:00,PPB,Fished,PPB,4.06403,Scott Gray,Yes,Yes,2022PPB044,2022,Deakin BRUVS,Y,2022
2022-02_PortPhillipBay,PPB045,-38.266,145.006,20220302,9:25:00,PPB,Fished,PPB,4.24742,Darcy Cutter,Yes,Yes,2022PPB045,2022,PPB ROV Sampling,Y,2022
2022-02_PortPhillipBay,PPB046,-37.899,144.818,20220404,12:57:00,PPB,Fished,PPB,4.34,Scott Gray,Yes,Yes,2022PPB046,2022,PPB ROV Sampling,Y,2022
2022-02_PortPhillipBay,PPB047,-37.952,144.996,20220302,14:36:00,PPB,Fished,PPB,4.71688,Darcy Cutter,Yes,Yes,2022PPB047,2022,PPB ROV Sampling,Y,2022
2022-02_PortPhillipBay,PPB048,-38.31774,144.71334,20220216,13:49:00,PPB,Fished,PPB,4.72325,Scott Gray,Yes,Yes,2022PPB048,2022,RLS,Y,2022
2022-02_PortPhillipBay,PPB049,-38.30691797,144.80102,20220301,13:58:00,PPB,Fished,PPB,4.73904,Scott Gray,Yes,Yes,2022PPB049,2022,Deakin BRUVS,Y,2022
2022-02_PortPhillipBay,PPB050,-38.07083427,144.549,20220410,9:42:00,PPB,Fished,PPB,4.74,Scott Gray,Yes,Yes,2022PPB050,2022,PPB ROV Sampling,Y,2022
2022-02_PortPhillipBay,PPB051,-37.877,144.835,20220404,13:08:00,PPB,Fished,PPB,4.80009,Scott Gray,Yes,Yes,2022PPB051,2022,PPB ROV Sampling,Y,2022
2022-02_PortPhillipBay,PPB052,-38.110561,144.6513,20220217,9:20:00,PPB,Fished,PPB,4.85541,Scott Gray,Yes,Yes,2022PPB052,2022,Spider Crabs,Y,2022
2022-02_PortPhillipBay,PPB055,-37.946,144.769,20220404,10:24:00,PPB,Fished,PPB,5.44,Scott Gray,Yes,Yes,2022PPB055,2022,PPB ROV Sampling,Y,2022
2022-02_PortPhillipBay,PPB056,-38.27866588,144.62151,20220301,12:08:00,PPB,No-take,PPB,5.5562,Scott Gray,Yes,Yes,2022PPB056,2022,Deakin BRUVS,Y,2022
2022-02_PortPhillipBay,PPB057,-38.07710338,144.538,20220410,9:38:00,PPB,Fished,PPB,5.63,Scott Gray,Yes,Yes,2022PPB057,2022,PPB ROV Sampling,Y,2022
2022-02_PortPhillipBay,PPB058,-38.2731412,144.8092353,20220301,9:20:00,PPB,Fished,PPB,5.64784,Scott Gray,Yes,Yes,2022PPB058,2022,Tim Seagrass Sites,Y,2022
2022-02_PortPhillipBay,PPB059,-38.30163849,144.65852,20220303,15:10:00,PPB,Fished,PPB,5.66878,Darcy Cutter,Yes,Yes,2022PPB059,2022,Deakin BRUVS,Y,2022
2022-02_PortPhillipBay,PPB060,-37.882,144.864,20220404,13:15:00,PPB,Fished,PPB,5.75,Scott Gray,Yes,Yes,2022PPB060,2022,PPB ROV Sampling,Y,2022
2022-02_PortPhillipBay,PPB061,-38.01931667,144.6624667,20220217,10:15:00,PPB,Fished,PPB,5.81,Scott Gray,Yes,Yes,2022PPB061,2022,Drift algae net sites,Y,2022
2022-02_PortPhillipBay,PPB062,-38.24,145.024,20220302,9:34:00,PPB,Fished,PPB,5.90903,Scott Gray,Yes,Yes,2022PPB062,2022,PPB ROV Sampling,Y,2022
2022-02_PortPhillipBay,PPB063,-38.249,145.025,20220302,9:30:00,PPB,Fished,PPB,5.99847,Scott Gray,Yes,Yes,2022PPB063,2022,PPB ROV Sampling,Y,2022
2022-02_PortPhillipBay,PPB065,-37.98900806,145.0213526,20220302,14:51:00,PPB,Fished,PPB,6.02101,Darcy Cutter,Yes,Yes,2022PPB065,2022,PPB ROV Sampling,Y,2022
2022-02_PortPhillipBay,PPB066,-38.23125,144.80047,20220301,9:08:00,PPB,Fished,PPB,6.03993,Scott Gray,Yes,Yes,2022PPB066,2022,VFA Acoustic Receivers,Y,2022
2022-02_PortPhillipBay,PPB068,-38.27864489,144.63372,20220215,13:02:00,PPB,Fished,PPB,6.26606,Scott Gray,Yes,Yes,2022PPB068,2022,Deakin BRUVS,Y,2022
2022-02_PortPhillipBay,PPB069,-38.29374722,144.6213,20220303,14:54:00,PPB,No-take,PPB,6.38242,Darcy Cutter,Yes,Yes,2022PPB069,2022,Deakin BRUVS,Y,2022
2022-02_PortPhillipBay,PPB070,-38.29011756,144.62258,20220301,11:56:00,PPB,No-take,PPB,6.40315,Scott Gray,Yes,Yes,2022PPB070,2022,Deakin BRUVS,Y,2022
2022-02_PortPhillipBay,PPB071,-38.28302156,144.63434,20220303,15:04:00,PPB,Fished,PPB,6.73679,Darcy Cutter,Yes,Yes,2022PPB071,2022,Deakin BRUVS,Y,2022
2022-02_PortPhillipBay,PPB072,-38.28802068,144.6253,20220301,11:59:00,PPB,No-take,PPB,6.7495,Scott Gray,Yes,Yes,2022PPB072,2022,Deakin BRUVS,Y,2022
2022-02_PortPhillipBay,PPB073,-38.27695679,144.69781,20220405,11:47:00,PPB,No-take,PPB,6.85179,Scott Gray,Yes,Yes,2022PPB073,2022,Deakin BRUVS,Y,2022
2022-02_PortPhillipBay,PPB074,-38.28016609,144.62507,20220301,12:12:00,PPB,No-take,PPB,6.86734,Scott Gray,Yes,Yes,2022PPB074,2022,Deakin BRUVS,Y,2022
2022-02_PortPhillipBay,PPB075,-37.95323333,144.9897,20220302,14:32:00,PPB,Fished,PPB,6.88188,darcy cutter,Yes,Yes,2022PPB075,2022,Drift algae net sites,Y,2022
2022-02_PortPhillipBay,PPB076,-38.24655,144.71818,20220216,16:28:00,PPB,Fished,PPB,6.94798,Scott Gray,Yes,Yes,2022PPB076,2022,VFA Acoustic Receivers,Y,2022
2022-02_PortPhillipBay,PPB077,-37.958,144.989,20220302,14:41:00,PPB,Fished,PPB,7.06063,Darcy Cutter,Yes,Yes,2022PPB077,2022,PPB ROV Sampling,Y,2022
2022-02_PortPhillipBay,PPB078,-38.154533,145.0907,20220302,10:06:00,PPB,Fished,PPB,7.17914,Darcy Cutter,Yes,Yes,2022PPB078,2022,Kade BRUVS,Y,2022
2022-02_PortPhillipBay,PPB079,-38.2873349,144.62,20220301,12:02:00,PPB,No-take,PPB,7.18448,Scott Gray,Yes,Yes,2022PPB079,2022,Deakin BRUVS,Y,2022
2022-02_PortPhillipBay,PPB080,-38.144,145.1,20220302,10:10:00,PPB,Fished,PPB,7.43,Darcy Cutter,Yes,Yes,2022PPB080,2022,PPB ROV Sampling,Y,2022
2022-02_PortPhillipBay,PPB081,-38.357642,144.854897,20220215,15:44:00,PPB,Fished,PPB,7.537,Scott Gray,Yes,Yes,2022PPB081,2022,Spider Crabs,Y,2022
2022-02_PortPhillipBay,PPB082,-38.3273243,144.9500444,20220215,16:02:00,PPB,Fished,PPB,7.58375,Scott Gray,Yes,Yes,2022PPB082,2022,TNC Shellfish Reefs,Y,2022
2022-02_PortPhillipBay,PPB083,-38.28636769,144.62963,20220215,12:43:00,PPB,No-take,PPB,7.60969,Scott Gray,Yes,Yes,2022PPB083,2022,Deakin BRUVS,Y,2022
2022-02_PortPhillipBay,PPB084,-38.28342646,144.62407,20220301,12:15:00,PPB,No-take,PPB,7.71368,Scott Gray,Yes,Yes,2022PPB084,2022,Deakin BRUVS,Y,2022
2022-02_PortPhillipBay,PPB085,-38.27528186,144.65549,20220215,13:07:00,PPB,Fished,PPB,7.8284,Scott Gray,Yes,Yes,2022PPB085,2022,Deakin BRUVS,Y,2022
2022-02_PortPhillipBay,PPB086,-37.88045,144.84585,20220410,13:24:00,PPB,Fished,PPB,7.91,Scott Gray,Yes,Yes,2022PPB086,2022,Drift algae net sites,Y,2022
2022-02_PortPhillipBay,PPB087,-38.02293,144.67144,20220217,10:10:00,PPB,Fished,PPB,7.93437,Scott Gray,Yes,Yes,2022PPB087,2022,Drift algae net sites,Y,2022
2022-02_PortPhillipBay,PPB088,-38.00165,145.061367,20220302,12:21:00,PPB,Fished,PPB,7.95063,Darcy Cutter,Yes,Yes,2022PPB088,2022,Kade BRUVS,Y,2022
2022-02_PortPhillipBay,PPB089,-38.28473282,144.63653,20220303,15:01:00,PPB,Fished,PPB,8.1648,Darcy Cutter,Yes,Yes,2022PPB089,2022,Deakin BRUVS,Y,2022
2022-02_PortPhillipBay,PPB090,-38.19,145.065,20220302,9:57:00,PPB,Fished,PPB,8.21125,Darcy Cutter,Yes,Yes,2022PPB090,2022,PPB ROV Sampling,Y,2022
2022-02_PortPhillipBay,PPB091,-37.98,145.006,20220302,14:47:00,PPB,Fished,PPB,8.22734,Darcy Cutter,Yes,Yes,2022PPB091,2022,PPB ROV Sampling,Y,2022
2022-02_PortPhillipBay,PPB092,-37.8866,144.9426,20220405,14:04:00,PPB,Fished,PPB,8.27,Scott Gray,Yes,Yes,2022PPB092,2022,TNC Shellfish Reefs,Y,2022
2022-02_PortPhillipBay,PPB093,-38.30606,144.64868,20220405,11:19:00,PPB,No-take,PPB,8.34132,Scott Gray,Yes,Yes,2022PPB093,2022,Deakin BRUVS,Y,2022
2022-02_PortPhillipBay,PPB094,-37.925,144.819,20220404,10:41:00,PPB,Fished,PPB,8.51,Scott Gray,Yes,Yes,2022PPB094,2022,PPB ROV Sampling,Y,2022
2022-02_PortPhillipBay,PPB095,-38.20507,144.746,20220216,16:17:00,PPB,Fished,PPB,8.62409,Scott Gray,Yes,Yes,2022PPB095,2022,VFA Acoustic Receivers,Y,2022
2022-02_PortPhillipBay,PPB096,-38.3284953,144.9433552,20220215,15:57:00,PPB,Fished,PPB,8.66361,Scott Gray,Yes,Yes,2022PPB096,2022,TNC Shellfish Reefs,Y,2022
2022-02_PortPhillipBay,PPB097,-38.29031372,144.62858,20220301,11:53:00,PPB,No-take,PPB,8.808,Scott Gray,Yes,Yes,2022PPB097,2022,Deakin BRUVS,Y,2022
2022-02_PortPhillipBay,PPB098,-37.943,144.786,20220404,10:29:00,PPB,Fished,PPB,8.82619,Scott Gray,Yes,Yes,2022PPB098,2022,PPB ROV Sampling,Y,2022
2022-02_PortPhillipBay,PPB099,-38.29701025,144.61856,20220409,13:25:00,PPB,No-take,PPB,9.00551,Scott Gray,Yes,Yes,2022PPB099,2022,Deakin BRUVS,Y,2022
2022-02_PortPhillipBay,PPB100,-38.320501,144.962665,20220215,16:07:00,PPB,Fished,PPB,9.10435,Scott Gray,Yes,Yes,2022PPB100,2022,TNC Shellfish Reefs,Y,2022
2022-02_PortPhillipBay,PPB101,-38.00255,145.0336167,20220302,14:57:00,PPB,Fished,PPB,9.134,Darcy Cutter,Yes,Yes,2022PPB101,2022,Kade BRUVS,Y,2022
2022-02_PortPhillipBay,PPB102,-37.898404,144.946303,20220405,14:00:00,PPB,Fished,PPB,9.13688,Scott Gray,Yes,Yes,2022PPB102,2022,TNC Shellfish Reefs,Y,2022
2022-02_PortPhillipBay,PPB103,-38.03653333,144.6864333,20220217,10:03:00,PPB,Fished,PPB,9.49576,Scott Gray,Yes,Yes,2022PPB103,2022,Drift algae net sites,Y,2022
2022-02_PortPhillipBay,PPB104,-38.31293797,144.71249,20220216,13:58:00,PPB,No-take,PPB,10.1841,Scott Gray,Yes,No,2022PPB104,2022,Deakin BRUVS,Y,2022
2022-02_PortPhillipBay,PPB105,-38.30374041,144.6788,20220215,9:26:00,PPB,No-take,PPB,10.3687,Scott Gray,Yes,Yes,2022PPB105,2022,Deakin BRUVS,Y,2022
2022-02_PortPhillipBay,PPB107,-38.30209336,144.64177,20220405,11:16:00,PPB,Fished,PPB,10.5327,Scott Gray,Yes,Yes,2022PPB107,2022,Deakin BRUVS,Y,2022
2022-02_PortPhillipBay,PPB108,-37.8968,144.8544,20220404,13:03:00,PPB,Fished,PPB,10.55,Scott Gray,Yes,Yes,2022PPB108,2022,Drift algae net sites,Y,2022
2022-02_PortPhillipBay,PPB109,-38.31381786,144.70908,20220216,13:54:00,PPB,Fished,PPB,10.7557,Scott Gray,Yes,Yes,2022PPB109,2022,Deakin BRUVS,Y,2022
2022-02_PortPhillipBay,PPB111,-38.1314,145.097267,20220302,11:41:00,PPB,Fished,PPB,11.0588,Darcy Cutter,Yes,Yes,2022PPB111,2022,Kade BRUVS,Y,2022
2022-02_PortPhillipBay,PPB113,-38.0874167,145.0992167,20220302,11:54:00,PPB,Fished,PPB,11.18,Darcy Cutter,Yes,Yes,2022PPB113,2022,Kade BRUVS,Y,2022
2022-02_PortPhillipBay,PPB114,-38.0998833,145.098367,20220302,11:49:00,PPB,Fished,PPB,11.3,Darcy Cutter,Yes,Yes,2022PPB114,2022,Kade BRUVS,Y,2022
2022-02_PortPhillipBay,PPB115,-37.92902,144.83612,20220404,10:48:00,PPB,Fished,PPB,11.316,Scott Gray,Yes,Yes,2022PPB115,2022,VFA Acoustic Receivers,Y,2022
2022-02_PortPhillipBay,PPB117,-38.34105,144.8532187,20220301,10:04:00,PPB,Fished,PPB,11.353,Scott Gray,Yes,Yes,2022PPB117,2022,Spider Crabs,Y,2022
2022-02_PortPhillipBay,PPB119,-38.215,145.026,20220302,9:40:00,PPB,Fished,PPB,11.4871,Darcy Cutter,Yes,Yes,2022PPB119,2022,PPB ROV Sampling,Y,2022
2022-02_PortPhillipBay,PPB120,-38.1413833,145.0913167,20220302,11:36:00,PPB,Fished,PPB,11.5775,Darcy Cutter,Yes,No,2022PPB120,2022,Kade BRUVS,Y,2022
2022-02_PortPhillipBay,PPB123,-38.30954,144.71446,20220216,14:04:00,PPB,Fished,PPB,12.8816,Scott Gray,Yes,Yes,2022PPB123,2022,RLS,Y,2022
2022-02_PortPhillipBay,PPB124,-38.31449034,144.64858,20220304,11:07:00,PPB,No-take,PPB,12.9277,Darcy Cutter,Yes,Yes,2022PPB124,2022,Deakin BRUVS,Y,2022
2022-02_PortPhillipBay,PPB125,-38.31892921,144.65535,20220304,10:58:00,PPB,No-take,PPB,12.9925,Darcy Cutter,Yes,Yes,2022PPB125,2022,Deakin BRUVS,Y,2022
2022-02_PortPhillipBay,PPB126,-38.1455,144.750542,20220216,13:09:00,PPB,Fished,PPB,13.1475,Scott Gray,Yes,Yes,2022PPB126,2022,Spider Crabs,Y,2022
2022-02_PortPhillipBay,PPB127,-38.28176565,144.63952,20220215,12:58:00,PPB,Fished,PPB,13.3206,Scott Gray,Yes,No,2022PPB127,2022,Deakin BRUVS,Y,2022
2022-02_PortPhillipBay,PPB129,-38.28886255,144.6318,20220215,12:35:00,PPB,No-take,PPB,13.8565,Scott Gray,Yes,Yes,2022PPB129,2022,Deakin BRUVS,Y,2022
2022-02_PortPhillipBay,PPB130,-38.31433617,144.65517,20220304,11:04:00,PPB,No-take,PPB,14.3297,Darcy Cutter,Yes,Yes,2022PPB130,2022,Deakin BRUVS,Y,2022
2022-02_PortPhillipBay,PPB131,-38.311298,144.710714,20220216,14:01:00,PPB,No-take,PPB,14.5143,Scott Gray,Yes,Yes,2022PPB131,2022,Deakin BRUVS,Y,2022
2022-02_PortPhillipBay,PPB132,-38.30727867,144.64562,20220405,11:22:00,PPB,No-take,PPB,15.4009,Scott Gray,Yes,Yes,2022PPB132,2022,Deakin BRUVS,Y,2022
2022-02_PortPhillipBay,PPB133,-38.31120127,144.65041,20220405,11:31:00,PPB,No-take,PPB,15.5195,Scott Gray,Yes,Yes,2022PPB133,2022,Deakin BRUVS,Y,2022
2022-02_PortPhillipBay,PPB134,-38.30717713,144.6884,20220215,9:32:00,PPB,Fished,PPB,15.7294,Scott Gray,Yes,Yes,2022PPB134,2022,Deakin BRUVS,Y,2022
2022-02_PortPhillipBay,PPB136,-38.32152,144.83592,20220301,9:56:00,PPB,Fished,PPB,16.0723,Scott Gray,Yes,Yes,2022PPB136,2022,VFA Acoustic Receivers,Y,2022
2022-02_PortPhillipBay,PPB139,-38.30728215,144.64223,20220405,11:25:00,PPB,No-take,PPB,17.6211,Scott Gray,Yes,Yes,2022PPB139,2022,Deakin BRUVS,Y,2022
2022-02_PortPhillipBay,PPB140,-38.25529,144.9551528,20220301,14:19:00,PPB,Fished,PPB,18.0234,Scott Gray,Yes,Yes,2022PPB140,2022,Dredge Spoil Sites,Y,2022
2022-02_PortPhillipBay,PPB142,-37.993904,144.800275,20220216,10:00:00,PPB,Fished,PPB,18.3306,Scott Gray,Yes,Yes,2022PPB142,2022,Anchor Scar Sites,Y,2022
2022-02_PortPhillipBay,PPB143,-38.28681842,144.63566,20220215,12:47:00,PPB,Fished,PPB,18.6722,Scott Gray,Yes,Yes,2022PPB143,2022,Deakin BRUVS,Y,2022
2022-02_PortPhillipBay,PPB150,-38.31047267,144.6444,20220405,11:28:00,PPB,No-take,PPB,27.9288,Scott Gray,Yes,Yes,2022PPB150,2022,Deakin BRUVS,Y,2022
2022-02_PortPhillipBay,PPB151,-38.298759,144.62303,20220409,13:36:00,PPB,No-take,PPB,10.142378,Scott Gray,Yes,Yes,2022PPB151,2022,Deakin BRUVS,Y,2022
