Sample,Family,Genus,Species,Count
FSPAM3,Ariidae,Neoarius,graeffei,2
FSUAM2,Ariidae,Neoarius,graeffei,1
PSPCA3,Ariidae,Neoarius,graeffei,1
PSPLA1,Ariidae,Neoarius,graeffei,1
PSPLA2,Ariidae,Neoarius,graeffei,1
PSPLA5,Ariidae,Neoarius,graeffei,1
PSUCA1,Ariidae,Neoarius,graeffei,1
PSUMA1,Ariidae,Neoarius,graeffei,1
PSUMA3,Ariidae,Neoarius,graeffei,1
PSUMA5,Ariidae,Neoarius,graeffei,1
PWILO1,Ariidae,Neoarius,graeffei,1
PWIPE7,Ariidae,Neoarius,graeffei,1
FSPWA1,Atherinidae,Atherinomorus,vaigiensis,150
FSPWA8,Atherinidae,Atherinomorus,vaigiensis,21
FSUWA6,Atherinidae,Atherinomorus,vaigiensis,50
FSUWA8,Atherinidae,Atherinomorus,vaigiensis,7
FSUWA2,Belonidae,Tylosurus,gavialoides,1
PWIPE6,Belonidae,Tylosurus,gavialoides,2
FSPAM1,Blenniidae,Petroscrites,variabilis,1
FSPHO3,Blenniidae,Petroscrites,variabilis,1
FSPPA6,Blenniidae,Petroscrites,variabilis,2
FSPWA1,Blenniidae,Petroscrites,variabilis,1
FSPWA4,Blenniidae,Petroscrites,variabilis,1
FSUHO1,Blenniidae,Petroscrites,variabilis,3
FSUHO2,Blenniidae,Petroscrites,variabilis,1
FSUWA3,Blenniidae,Petroscrites,variabilis,2
FSUWA5,Blenniidae,Petroscrites,variabilis,1
FSUWA6,Blenniidae,Petroscrites,variabilis,2
FSUWA7,Blenniidae,Petroscrites,variabilis,1
FSUWA8,Blenniidae,Petroscrites,variabilis,1
FWIAM2,Blenniidae,Petroscrites,variabilis,2
FWIAM7,Blenniidae,Petroscrites,variabilis,1
FWIHO1,Blenniidae,Petroscrites,variabilis,2
FWIHO2,Blenniidae,Petroscrites,variabilis,1
FWIHO6,Blenniidae,Petroscrites,variabilis,3
FWIHO8,Blenniidae,Petroscrites,variabilis,4
FWIWA1,Blenniidae,Petroscrites,variabilis,6
FWIWA3,Blenniidae,Petroscrites,variabilis,1
FWIWA5,Blenniidae,Petroscrites,variabilis,1
FWIWA6,Blenniidae,Petroscrites,variabilis,6
FWIWA7,Blenniidae,Petroscrites,variabilis,2
FWIWA8,Blenniidae,Petroscrites,variabilis,2
PSPCA1,Blenniidae,Petroscrites,variabilis,1
PSPMA2,Blenniidae,Petroscrites,variabilis,1
PSPMA7,Blenniidae,Petroscrites,variabilis,1
PSPMY1,Blenniidae,Petroscrites,variabilis,3
PSPMY2,Blenniidae,Petroscrites,variabilis,1
PSPMY3,Blenniidae,Petroscrites,variabilis,1
PSPMY5,Blenniidae,Petroscrites,variabilis,1
PSPMY8,Blenniidae,Petroscrites,variabilis,1
PWICA1,Blenniidae,Petroscrites,variabilis,1
PWIMA1,Blenniidae,Petroscrites,variabilis,1
PWIMA2,Blenniidae,Petroscrites,variabilis,1
PWIMA3,Blenniidae,Petroscrites,variabilis,1
PWIMA4,Blenniidae,Petroscrites,variabilis,1
PWIMA6,Blenniidae,Petroscrites,variabilis,2
PWIMA8,Blenniidae,Petroscrites,variabilis,1
PWIMY2,Blenniidae,Petroscrites,variabilis,5
PWIMY3,Blenniidae,Petroscrites,variabilis,3
PWIMY5,Blenniidae,Petroscrites,variabilis,1
PWIMY6,Blenniidae,Petroscrites,variabilis,1
PWIMY7,Blenniidae,Petroscrites,variabilis,4
PWIMY8,Blenniidae,Petroscrites,variabilis,7
PSPLA7,Carangidae,Turrum,fulvoguttatus,1
FSUBL6,Carangidae,Caranx,sexfasciatus,1
PSPCA6,Carangidae,Caranx,sexfasciatus,1
FSUAM2,Carangidae,Gnathanodon,speciosus,2
FSUHO6,Carangidae,Gnathanodon,speciosus,6
PWIMA3,Carangidae,Gnathanodon,speciosus,10
PWIMA4,Carangidae,Gnathanodon,speciosus,3
FSPAM2,Carangidae,Scomberomorus,queenslandicus,1
FSPAM3,Carangidae,Scomberomorus,queenslandicus,1
FSPAM5,Carangidae,Scomberomorus,queenslandicus,1
FSPWA2,Carangidae,Scomberomorus,queenslandicus,1
FSUAM3,Carangidae,Scomberomorus,queenslandicus,1
FSUAM6,Carangidae,Scomberomorus,queenslandicus,1
FSUAM8,Carangidae,Scomberomorus,queenslandicus,1
FSUBL2,Carangidae,Scomberomorus,queenslandicus,1
FWIAM1,Carangidae,Scomberomorus,queenslandicus,1
FWIAM3,Carangidae,Scomberomorus,queenslandicus,1
FWIAM4,Carangidae,Scomberomorus,queenslandicus,1
FWIAM5,Carangidae,Scomberomorus,queenslandicus,1
FWIAM6,Carangidae,Scomberomorus,queenslandicus,1
FWIAM7,Carangidae,Scomberomorus,queenslandicus,1
FWIAM8,Carangidae,Scomberomorus,queenslandicus,1
PSPLA2,Carangidae,Scomberomorus,queenslandicus,1
PSPMY1,Carangidae,Scomberomorus,queenslandicus,1
PSPMY2,Carangidae,Scomberomorus,queenslandicus,1
PSPMY8,Carangidae,Scomberomorus,queenslandicus,1
PSUMA3,Carangidae,Scomberomorus,queenslandicus,1
PSUMA5,Carangidae,Scomberomorus,queenslandicus,1
PSUMA6,Carangidae,Scomberomorus,queenslandicus,2
PSUMA7,Carangidae,Scomberomorus,queenslandicus,1
PSUMA8,Carangidae,Scomberomorus,queenslandicus,1
PSUMY5,Carangidae,Scomberomorus,queenslandicus,1
PWICA3,Carangidae,Scomberomorus,queenslandicus,1
PWICA5,Carangidae,Scomberomorus,queenslandicus,1
PWIMA6,Carangidae,Scomberomorus,queenslandicus,1
FSPAM8,Carangidae,Seriola,lalandi,1
PSUMY1,Carangidae,Seriola,lalandi,1
PWIMY1,Carangidae,Seriola,lalandi,5
PWIMY2,Carangidae,Seriola,lalandi,1
PWIMY4,Carangidae,Seriola,lalandi,2
FSUAM1,Carangidae,Seriolina,nigrofasciata,1
FSUAM4,Carangidae,Seriolina,nigrofasciata,2
FSUAM5,Carangidae,Seriolina,nigrofasciata,1
FSUAM6,Carangidae,Seriolina,nigrofasciata,1
FSUAM8,Carangidae,Seriolina,nigrofasciata,1
FSUBL2,Carangidae,Seriolina,nigrofasciata,2
FSUBL3,Carangidae,Seriolina,nigrofasciata,2
FSUBL4,Carangidae,Seriolina,nigrofasciata,1
FSUBL5,Carangidae,Seriolina,nigrofasciata,2
FSUBL6,Carangidae,Seriolina,nigrofasciata,1
FSUBL7,Carangidae,Seriolina,nigrofasciata,1
FSUBL8,Carangidae,Seriolina,nigrofasciata,1
FSUHO4,Carangidae,Seriolina,nigrofasciata,1
FWIAM1,Carangidae,Seriolina,nigrofasciata,1
FWIAM3,Carangidae,Seriolina,nigrofasciata,1
FWIAM7,Carangidae,Seriolina,nigrofasciata,1
FWIHO4,Carangidae,Seriolina,nigrofasciata,1
FSUAM1,Carangidae,Trachinotus,coppingeri,1
FSUAM2,Carangidae,Trachinotus,coppingeri,1
FSUAM3,Carangidae,Trachinotus,coppingeri,2
FSUAM4,Carangidae,Trachinotus,coppingeri,4
FSUAM5,Carangidae,Trachinotus,coppingeri,1
FSUAM6,Carangidae,Trachinotus,coppingeri,2
FSUAM8,Carangidae,Trachinotus,coppingeri,1
FSUBL3,Carangidae,Trachinotus,coppingeri,2
PSUCA4,Carangidae,Trachinotus,coppingeri,1
FSPAM7,Carcharhinidae,Carcharhinus,leucas,1
PSUCA7,Carcharhinidae,Carcharhinus,leucas,1
PSULO2,Carcharhinidae,Carcharhinus,leucas,1
PSULO5,Carcharhinidae,Carcharhinus,leucas,1
FSPPA2,Carcharhinidae,Carcharhinus,melanopterus,1
FSPPA4,Carcharhinidae,Carcharhinus,melanopterus,1
FSPPA5,Carcharhinidae,Carcharhinus,melanopterus,1
FSUAM1,Carcharhinidae,Carcharhinus,melanopterus,1
FSUAM2,Carcharhinidae,Carcharhinus,melanopterus,1
FSUAM3,Carcharhinidae,Carcharhinus,melanopterus,1
FSUAM6,Carcharhinidae,Carcharhinus,melanopterus,1
FSUAM7,Carcharhinidae,Carcharhinus,melanopterus,2
FSUBL1,Carcharhinidae,Carcharhinus,melanopterus,2
FSUBL3,Carcharhinidae,Carcharhinus,melanopterus,1
FSUBL4,Carcharhinidae,Carcharhinus,melanopterus,1
FSUBL7,Carcharhinidae,Carcharhinus,melanopterus,1
FSUBL8,Carcharhinidae,Carcharhinus,melanopterus,1
FSUWA5,Carcharhinidae,Carcharhinus,melanopterus,1
PSPCA3,Carcharhinidae,Carcharhinus,melanopterus,1
PSPLO2,Carcharhinidae,Carcharhinus,melanopterus,1
PSPLO3,Carcharhinidae,Carcharhinus,melanopterus,1
PSPLO4,Carcharhinidae,Carcharhinus,melanopterus,1
PSUCA4,Carcharhinidae,Carcharhinus,melanopterus,1
PSULO3,Carcharhinidae,Carcharhinus,melanopterus,1
FSPAM2,Carcharhinidae,Carcharhinus,sorrah,1
FSPAM4,Carcharhinidae,Carcharhinus,sorrah,1
FWIAM3,Carcharhinidae,Carcharhinus,sorrah,1
FWIAM6,Carcharhinidae,Carcharhinus,sorrah,1
FSUWA1,Chaetodontidae,Chaetodon,lineolatus,1
FSUWA3,Chaetodontidae,Chaetodon,lineolatus,1
PSUPE7,Chaetodontidae,Chaetodon,lineolatus,4
PSUPE8,Chaetodontidae,Chaetodon,lineolatus,1
PSULO1,Clupeidae,Herklotsichthyes,castelnaui,1
PSUPE7,Clupeidae,Herklotsichthyes,castelnaui,5
PSUPE8,Clupeidae,Herklotsichthyes,castelnaui,1
FSPPA2,Congridae,Conger,cinereus,1
PSPLO5,Congridae,Conger,cinereus,1
PSPLO8,Congridae,Conger,cinereus,1
PWILO1,Congridae,Conger,cinereus,1
PWILO3,Congridae,Conger,cinereus,1
PWILO4,Congridae,Conger,cinereus,1
PWILO8,Congridae,Conger,cinereus,1
FSPAM8,Dasyatidae,Hemitrygon,fluviorum,1
FSPBL4,Dasyatidae,Hemitrygon,fluviorum,1
FSPBL7,Dasyatidae,Hemitrygon,fluviorum,1
FSPPA4,Dasyatidae,Hemitrygon,fluviorum,1
FWIBL6,Dasyatidae,Hemitrygon,fluviorum,1
FWIHO4,Dasyatidae,Hemitrygon,fluviorum,1
FWIHO5,Dasyatidae,Hemitrygon,fluviorum,1
FWIHO6,Dasyatidae,Hemitrygon,fluviorum,1
FWIPA1,Dasyatidae,Hemitrygon,fluviorum,1
FWIPA6,Dasyatidae,Hemitrygon,fluviorum,1
PSPCA2,Dasyatidae,Hemitrygon,fluviorum,1
PSPLO7,Dasyatidae,Hemitrygon,fluviorum,1
PSUMY6,Dasyatidae,Hemitrygon,fluviorum,1
PWILO7,Dasyatidae,Hemitrygon,fluviorum,1
PWIMA7,Dasyatidae,Hemitrygon,fluviorum,1
PWIMY1,Dasyatidae,Hemitrygon,fluviorum,1
PWIPE3,Dasyatidae,Hemitrygon,fluviorum,1
FSPAM3,Dasyatidae,Neotrygon,trigonoides,2
FSPBL1,Dasyatidae,Neotrygon,trigonoides,1
FSPHO5,Dasyatidae,Neotrygon,trigonoides,1
FSPPA2,Dasyatidae,Neotrygon,trigonoides,1
FSPPA4,Dasyatidae,Neotrygon,trigonoides,1
FSPPA5,Dasyatidae,Neotrygon,trigonoides,1
FSPPA7,Dasyatidae,Neotrygon,trigonoides,1
FSPPA8,Dasyatidae,Neotrygon,trigonoides,1
FSUHO3,Dasyatidae,Neotrygon,trigonoides,3
FSUHO5,Dasyatidae,Neotrygon,trigonoides,1
FSUHO7,Dasyatidae,Neotrygon,trigonoides,2
FSUPA2,Dasyatidae,Neotrygon,trigonoides,1
FSUPA3,Dasyatidae,Neotrygon,trigonoides,1
FSUPA4,Dasyatidae,Neotrygon,trigonoides,1
FWIHO4,Dasyatidae,Neotrygon,trigonoides,1
PSPCA3,Dasyatidae,Neotrygon,trigonoides,1
PSPLO5,Dasyatidae,Neotrygon,trigonoides,1
PSPMY5,Dasyatidae,Neotrygon,trigonoides,1
PSULO1,Dasyatidae,Neotrygon,trigonoides,1
PSULO2,Dasyatidae,Neotrygon,trigonoides,1
PSULO3,Dasyatidae,Neotrygon,trigonoides,2
PSULO4,Dasyatidae,Neotrygon,trigonoides,1
PSULO7,Dasyatidae,Neotrygon,trigonoides,1
PSULO8,Dasyatidae,Neotrygon,trigonoides,1
PSUMY4,Dasyatidae,Neotrygon,trigonoides,1
PSUMY6,Dasyatidae,Neotrygon,trigonoides,1
PSUMY7,Dasyatidae,Neotrygon,trigonoides,1
PWIMA1,Dasyatidae,Neotrygon,trigonoides,1
FSPAM1,Dasyatidae,Pastinachus,ater,1
FSPAM2,Dasyatidae,Neotrygon,trigonoides,1
FSPAM3,Dasyatidae,Neotrygon,trigonoides,1
FSPAM4,Dasyatidae,Neotrygon,trigonoides,1
FSPBL1,Dasyatidae,Neotrygon,trigonoides,1
FSPBL3,Dasyatidae,Neotrygon,trigonoides,1
FSPBL4,Dasyatidae,Neotrygon,trigonoides,1
FSPPA1,Dasyatidae,Neotrygon,trigonoides,1
FSPWA1,Dasyatidae,Neotrygon,trigonoides,1
FSPWA2,Dasyatidae,Neotrygon,trigonoides,1
FSPWA4,Dasyatidae,Neotrygon,trigonoides,1
FSUAM1,Dasyatidae,Neotrygon,trigonoides,1
FWIAM2,Dasyatidae,Neotrygon,trigonoides,1
FWIAM3,Dasyatidae,Neotrygon,trigonoides,1
FWIAM5,Dasyatidae,Neotrygon,trigonoides,1
FWIAM6,Dasyatidae,Neotrygon,trigonoides,1
FWIAM7,Dasyatidae,Neotrygon,trigonoides,1
FWIAM8,Dasyatidae,Neotrygon,trigonoides,1
FWIPA3,Dasyatidae,Neotrygon,trigonoides,1
FWIPA7,Dasyatidae,Neotrygon,trigonoides,1
FWIWA1,Dasyatidae,Neotrygon,trigonoides,1
FWIWA4,Dasyatidae,Neotrygon,trigonoides,1
PSPCA5,Dasyatidae,Neotrygon,trigonoides,1
PSPCA6,Dasyatidae,Neotrygon,trigonoides,1
PSPMA1,Dasyatidae,Neotrygon,trigonoides,1
PSPMA3,Dasyatidae,Neotrygon,trigonoides,1
PSPMA4,Dasyatidae,Neotrygon,trigonoides,1
PSPMA7,Dasyatidae,Neotrygon,trigonoides,1
PSPMY1,Dasyatidae,Neotrygon,trigonoides,1
PSPMY2,Dasyatidae,Neotrygon,trigonoides,1
PSPMY4,Dasyatidae,Neotrygon,trigonoides,1
PSPMY5,Dasyatidae,Neotrygon,trigonoides,1
PSPMY6,Dasyatidae,Neotrygon,trigonoides,2
PSPMY7,Dasyatidae,Neotrygon,trigonoides,1
PSPMY8,Dasyatidae,Neotrygon,trigonoides,1
PSUCA1,Dasyatidae,Neotrygon,trigonoides,1
PSUMY2,Dasyatidae,Neotrygon,trigonoides,1
PWICA1,Dasyatidae,Neotrygon,trigonoides,1
PWICA2,Dasyatidae,Neotrygon,trigonoides,1
PWICA4,Dasyatidae,Neotrygon,trigonoides,1
PWICA5,Dasyatidae,Neotrygon,trigonoides,1
PWICA7,Dasyatidae,Neotrygon,trigonoides,1
PWICA8,Dasyatidae,Neotrygon,trigonoides,1
PWILO3,Dasyatidae,Neotrygon,trigonoides,1
PWIMA2,Dasyatidae,Neotrygon,trigonoides,1
PWIMA4,Dasyatidae,Neotrygon,trigonoides,1
PWIMA7,Dasyatidae,Neotrygon,trigonoides,1
PWIMA8,Dasyatidae,Neotrygon,trigonoides,1
PWIMY1,Dasyatidae,Neotrygon,trigonoides,1
PWIMY3,Dasyatidae,Neotrygon,trigonoides,1
PWIMY4,Dasyatidae,Neotrygon,trigonoides,2
PWIMY5,Dasyatidae,Neotrygon,trigonoides,1
PWIMY6,Dasyatidae,Neotrygon,trigonoides,1
PWIMY8,Dasyatidae,Neotrygon,trigonoides,2
FSPWA1,Dasyatidae,Taeniurops,meyeni,1
FSPWA7,Dasyatidae,Taeniurops,meyeni,1
PSPCA3,Dasyatidae,Taeniurops,meyeni,1
PSPCA5,Dasyatidae,Taeniurops,meyeni,1
PSUPE2,Dasyatidae,Taeniurops,meyeni,1
PSUPE8,Dasyatidae,Taeniurops,meyeni,1
FSPAM8,Echeneidae,Remora,remora,1
FSUAM3,Echeneidae,Remora,remora,1
FSUBL3,Echeneidae,Remora,remora,1
PSPCA3,Echeneidae,Remora,remora,1
PSPMA3,Echeneidae,Remora,remora,2
PSPMA4,Echeneidae,Remora,remora,1
PSPMA8,Echeneidae,Remora,remora,1
PSUMA3,Echeneidae,Remora,remora,1
PSUMA4,Echeneidae,Remora,remora,2
PSUMA5,Echeneidae,Remora,remora,1
PSUMA7,Echeneidae,Remora,remora,2
PSUMA8,Echeneidae,Remora,remora,1
FSUAM8,Fistulariidae,Fistularia,commersonii,2
FSUWA3,Fistulariidae,Fistularia,commersonii,1
FWIBL2,Fistulariidae,Fistularia,commersonii,1
FWIHO6,Fistulariidae,Fistularia,commersonii,1
FWIWA4,Fistulariidae,Fistularia,commersonii,1
PSUMY4,Fistulariidae,Fistularia,commersonii,3
FSPWA3,Gerreidae,Gerres,subfasciatus,1
FSUBL5,Gerreidae,Gerres,subfasciatus,1
FSUHO1,Gerreidae,Gerres,subfasciatus,1
FSUWA5,Gerreidae,Gerres,subfasciatus,5
FSUWA8,Gerreidae,Gerres,subfasciatus,1
FWIWA1,Gerreidae,Gerres,subfasciatus,19
FWIWA7,Gerreidae,Gerres,subfasciatus,3
FWIWA8,Gerreidae,Gerres,subfasciatus,3
PSPLA1,Gerreidae,Gerres,subfasciatus,1
PSPMY1,Gerreidae,Gerres,subfasciatus,12
PSPMY2,Gerreidae,Gerres,subfasciatus,1
PSPMY8,Gerreidae,Gerres,subfasciatus,3
PSULO1,Gerreidae,Gerres,subfasciatus,1
PSUMA6,Gerreidae,Gerres,subfasciatus,1
PWIMY1,Gerreidae,Gerres,subfasciatus,2
PWIMY2,Gerreidae,Gerres,subfasciatus,3
PWIMY8,Gerreidae,Gerres,subfasciatus,2
PWIPE2,Gerreidae,Gerres,subfasciatus,3
PWIPE5,Gerreidae,Gerres,subfasciatus,24
PWIPE8,Gerreidae,Gerres,subfasciatus,4
FSUHO7,Gobiidae,Favonigobius ,lentiginosus,5
FWIWA6,Gobiidae,Favonigobius ,lentiginosus,1
PSPLA3,Gobiidae,Favonigobius ,lentiginosus,1
PSPLA7,Gobiidae,Favonigobius ,lentiginosus,1
PWIMY5,Gobiidae,Favonigobius ,lentiginosus,1
FSPAM6,Hemiramphidae,Hyporhamphus,australis,1
FSPHO7,Hemiramphidae,Hyporhamphus,australis,1
FSUHO1,Hemiramphidae,Hyporhamphus,australis,2
FSUHO2,Hemiramphidae,Hyporhamphus,australis,2
FSUHO3,Hemiramphidae,Hyporhamphus,australis,12
FSUHO5,Hemiramphidae,Hyporhamphus,australis,3
FSUHO6,Hemiramphidae,Hyporhamphus,australis,13
FSUHO8,Hemiramphidae,Hyporhamphus,australis,3
FSUWA7,Hemiramphidae,Hyporhamphus,australis,5
FSUWA8,Hemiramphidae,Hyporhamphus,australis,1
FWIWA3,Hemiramphidae,Hyporhamphus,australis,1
FWIWA6,Hemiramphidae,Hyporhamphus,australis,1
PSUMY7,Hemiramphidae,Hyporhamphus,australis,4
PSUMY8,Hemiramphidae,Hyporhamphus,australis,1
PWIMY3,Hemiramphidae,Hyporhamphus,australis,3
FSPWA4,Hemiscylliidae,Chiloscyllium,punctatum,1
FSUBL2,Hemiscylliidae,Chiloscyllium,punctatum,1
FSUHO7,Hemiscylliidae,Chiloscyllium,punctatum,1
FSUWA4,Hemiscylliidae,Chiloscyllium,punctatum,1
FSUWA7,Hemiscylliidae,Chiloscyllium,punctatum,1
FWIHO2,Hemiscylliidae,Chiloscyllium,punctatum,1
FWIWA2,Hemiscylliidae,Chiloscyllium,punctatum,1
FWIWA3,Hemiscylliidae,Chiloscyllium,punctatum,1
PSPMY4,Hemiscylliidae,Chiloscyllium,punctatum,1
PSPMY5,Hemiscylliidae,Chiloscyllium,punctatum,1
PSPMY6,Hemiscylliidae,Chiloscyllium,punctatum,1
PSUMY5,Hemiscylliidae,Chiloscyllium,punctatum,1
PSUMY7,Hemiscylliidae,Chiloscyllium,punctatum,1
PWICA2,Hemiscylliidae,Chiloscyllium,punctatum,1
PWICA6,Hemiscylliidae,Chiloscyllium,punctatum,1
PWIMY7,Hemiscylliidae,Chiloscyllium,punctatum,1
FSPWA3,Microcanthidae,Microcanthus,joyceae,1
FSPBL1,Labridae,Choerodon,venustus,1
FSPBL3,Labridae,Choerodon,venustus,1
FSPBL6,Labridae,Choerodon,venustus,1
FSUAM2,Labridae,Choerodon,venustus,1
FSUAM3,Labridae,Choerodon,venustus,1
FSUAM5,Labridae,Choerodon,venustus,1
FSUAM6,Labridae,Choerodon,venustus,1
FSUAM8,Labridae,Choerodon,venustus,1
FSUBL1,Labridae,Choerodon,venustus,1
FSUBL3,Labridae,Choerodon,venustus,1
FSUBL7,Labridae,Choerodon,venustus,1
FSUHO6,Labridae,Choerodon,venustus,1
FSUHO8,Labridae,Choerodon,venustus,2
FSUWA1,Labridae,Choerodon,venustus,1
FSUWA3,Labridae,Choerodon,venustus,1
FWIAM1,Labridae,Choerodon,venustus,1
FWIAM2,Labridae,Choerodon,venustus,1
FWIAM5,Labridae,Choerodon,venustus,1
FWIAM6,Labridae,Choerodon,venustus,1
FWIAM8,Labridae,Choerodon,venustus,1
FWIHO4,Labridae,Choerodon,venustus,1
FWIHO5,Labridae,Choerodon,venustus,1
PSPMA6,Labridae,Choerodon,venustus,1
PSUCA1,Labridae,Choerodon,venustus,1
PSUMA4,Labridae,Choerodon,venustus,1
PSUMA5,Labridae,Choerodon,venustus,1
PWIMA1,Labridae,Choerodon,venustus,1
PWIMA3,Labridae,Choerodon,venustus,1
PWIMA4,Labridae,Choerodon,venustus,1
PWIMA6,Labridae,Choerodon,venustus,1
PWIMA7,Labridae,Choerodon,venustus,1
PSPMY1,Labridae,Pseudolabrus,guntherii,1
PWIMY1,Labridae,Pseudolabrus,guntherii,2
FSPAM1,Lethrinidae,Letrinus,laticaudis,10
FSPAM2,Lethrinidae,Letrinus,laticaudis,8
FSPAM3,Lethrinidae,Letrinus,laticaudis,9
FSPAM4,Lethrinidae,Letrinus,laticaudis,7
FSPAM5,Lethrinidae,Letrinus,laticaudis,3
FSPAM6,Lethrinidae,Letrinus,laticaudis,6
FSPAM7,Lethrinidae,Letrinus,laticaudis,8
FSPAM8,Lethrinidae,Letrinus,laticaudis,9
FSPBL1,Lethrinidae,Letrinus,laticaudis,1
FSPBL2,Lethrinidae,Letrinus,laticaudis,5
FSPBL3,Lethrinidae,Letrinus,laticaudis,7
FSPBL4,Lethrinidae,Letrinus,laticaudis,4
FSPBL5,Lethrinidae,Letrinus,laticaudis,8
FSPBL6,Lethrinidae,Letrinus,laticaudis,9
FSPBL7,Lethrinidae,Letrinus,laticaudis,10
FSPBL8,Lethrinidae,Letrinus,laticaudis,6
FSPHO1,Lethrinidae,Letrinus,laticaudis,3
FSPHO2,Lethrinidae,Letrinus,laticaudis,1
FSPHO3,Lethrinidae,Letrinus,laticaudis,2
FSPHO4,Lethrinidae,Letrinus,laticaudis,4
FSPHO7,Lethrinidae,Letrinus,laticaudis,5
FSPHO8,Lethrinidae,Letrinus,laticaudis,7
FSPWA1,Lethrinidae,Letrinus,laticaudis,4
FSPWA2,Lethrinidae,Letrinus,laticaudis,5
FSPWA3,Lethrinidae,Letrinus,laticaudis,2
FSPWA4,Lethrinidae,Letrinus,laticaudis,4
FSPWA6,Lethrinidae,Letrinus,laticaudis,16
FSPWA8,Lethrinidae,Letrinus,laticaudis,4
FSUAM1,Lethrinidae,Letrinus,laticaudis,5
FSUAM2,Lethrinidae,Letrinus,laticaudis,9
FSUAM3,Lethrinidae,Letrinus,laticaudis,8
FSUAM4,Lethrinidae,Letrinus,laticaudis,6
FSUAM5,Lethrinidae,Letrinus,laticaudis,12
FSUAM6,Lethrinidae,Letrinus,laticaudis,8
FSUAM7,Lethrinidae,Letrinus,laticaudis,5
FSUAM8,Lethrinidae,Letrinus,laticaudis,8
FSUBL1,Lethrinidae,Letrinus,laticaudis,15
FSUBL2,Lethrinidae,Letrinus,laticaudis,5
FSUBL3,Lethrinidae,Letrinus,laticaudis,6
FSUBL4,Lethrinidae,Letrinus,laticaudis,15
FSUBL5,Lethrinidae,Letrinus,laticaudis,2
FSUBL6,Lethrinidae,Letrinus,laticaudis,2
FSUBL7,Lethrinidae,Letrinus,laticaudis,3
FSUBL8,Lethrinidae,Letrinus,laticaudis,7
FSUHO1,Lethrinidae,Letrinus,laticaudis,12
FSUHO2,Lethrinidae,Letrinus,laticaudis,4
FSUHO3,Lethrinidae,Letrinus,laticaudis,2
FSUHO4,Lethrinidae,Letrinus,laticaudis,16
FSUHO5,Lethrinidae,Letrinus,laticaudis,2
FSUHO6,Lethrinidae,Letrinus,laticaudis,18
FSUHO8,Lethrinidae,Letrinus,laticaudis,10
FSUWA1,Lethrinidae,Letrinus,laticaudis,20
FSUWA2,Lethrinidae,Letrinus,laticaudis,9
FSUWA3,Lethrinidae,Letrinus,laticaudis,23
FSUWA4,Lethrinidae,Letrinus,laticaudis,17
FSUWA5,Lethrinidae,Letrinus,laticaudis,10
FSUWA6,Lethrinidae,Letrinus,laticaudis,2
FSUWA7,Lethrinidae,Letrinus,laticaudis,6
FSUWA8,Lethrinidae,Letrinus,laticaudis,12
FWIAM1,Lethrinidae,Letrinus,laticaudis,9
FWIAM2,Lethrinidae,Letrinus,laticaudis,5
FWIAM3,Lethrinidae,Letrinus,laticaudis,3
FWIAM4,Lethrinidae,Letrinus,laticaudis,5
FWIAM5,Lethrinidae,Letrinus,laticaudis,14
FWIAM6,Lethrinidae,Letrinus,laticaudis,6
FWIAM7,Lethrinidae,Letrinus,laticaudis,17
FWIAM8,Lethrinidae,Letrinus,laticaudis,8
FWIBL1,Lethrinidae,Letrinus,laticaudis,7
FWIBL2,Lethrinidae,Letrinus,laticaudis,5
FWIBL3,Lethrinidae,Letrinus,laticaudis,28
FWIBL4,Lethrinidae,Letrinus,laticaudis,2
FWIBL5,Lethrinidae,Letrinus,laticaudis,7
FWIBL6,Lethrinidae,Letrinus,laticaudis,14
FWIBL7,Lethrinidae,Letrinus,laticaudis,12
FWIBL8,Lethrinidae,Letrinus,laticaudis,6
FWIHO1,Lethrinidae,Letrinus,laticaudis,18
FWIHO2,Lethrinidae,Letrinus,laticaudis,4
FWIHO3,Lethrinidae,Letrinus,laticaudis,5
FWIHO4,Lethrinidae,Letrinus,laticaudis,7
FWIHO5,Lethrinidae,Letrinus,laticaudis,3
FWIHO6,Lethrinidae,Letrinus,laticaudis,8
FWIHO7,Lethrinidae,Letrinus,laticaudis,7
FWIHO8,Lethrinidae,Letrinus,laticaudis,8
FWIWA1,Lethrinidae,Letrinus,laticaudis,9
FWIWA2,Lethrinidae,Letrinus,laticaudis,3
FWIWA3,Lethrinidae,Letrinus,laticaudis,16
FWIWA4,Lethrinidae,Letrinus,laticaudis,36
FWIWA5,Lethrinidae,Letrinus,laticaudis,2
FWIWA7,Lethrinidae,Letrinus,laticaudis,11
FWIWA8,Lethrinidae,Letrinus,laticaudis,11
PSPCA1,Lethrinidae,Letrinus,laticaudis,10
PSPCA2,Lethrinidae,Letrinus,laticaudis,2
PSPCA3,Lethrinidae,Letrinus,laticaudis,2
PSPCA4,Lethrinidae,Letrinus,laticaudis,1
PSPCA5,Lethrinidae,Letrinus,laticaudis,1
PSPCA6,Lethrinidae,Letrinus,laticaudis,3
PSPCA7,Lethrinidae,Letrinus,laticaudis,3
PSPCA8,Lethrinidae,Letrinus,laticaudis,2
PSPMA1,Lethrinidae,Letrinus,laticaudis,21
PSPMA2,Lethrinidae,Letrinus,laticaudis,5
PSPMA3,Lethrinidae,Letrinus,laticaudis,6
PSPMA4,Lethrinidae,Letrinus,laticaudis,19
PSPMA5,Lethrinidae,Letrinus,laticaudis,13
PSPMA6,Lethrinidae,Letrinus,laticaudis,18
PSPMA7,Lethrinidae,Letrinus,laticaudis,13
PSPMA8,Lethrinidae,Letrinus,laticaudis,13
PSPMY1,Lethrinidae,Letrinus,laticaudis,8
PSPMY2,Lethrinidae,Letrinus,laticaudis,4
PSPMY3,Lethrinidae,Letrinus,laticaudis,12
PSPMY5,Lethrinidae,Letrinus,laticaudis,12
PSPMY8,Lethrinidae,Letrinus,laticaudis,1
PSUCA1,Lethrinidae,Letrinus,laticaudis,2
PSUCA3,Lethrinidae,Letrinus,laticaudis,4
PSUCA4,Lethrinidae,Letrinus,laticaudis,3
PSUCA5,Lethrinidae,Letrinus,laticaudis,1
PSUCA8,Lethrinidae,Letrinus,laticaudis,2
PSUMA1,Lethrinidae,Letrinus,laticaudis,13
PSUMA2,Lethrinidae,Letrinus,laticaudis,12
PSUMA3,Lethrinidae,Letrinus,laticaudis,10
PSUMA4,Lethrinidae,Letrinus,laticaudis,9
PSUMA5,Lethrinidae,Letrinus,laticaudis,12
PSUMA6,Lethrinidae,Letrinus,laticaudis,15
PSUMA7,Lethrinidae,Letrinus,laticaudis,11
PSUMA8,Lethrinidae,Letrinus,laticaudis,12
PSUMY3,Lethrinidae,Letrinus,laticaudis,16
PSUMY5,Lethrinidae,Letrinus,laticaudis,12
PSUMY6,Lethrinidae,Letrinus,laticaudis,10
PSUMY7,Lethrinidae,Letrinus,laticaudis,12
PSUMY8,Lethrinidae,Letrinus,laticaudis,7
PSUPE4,Lethrinidae,Letrinus,laticaudis,1
PSUPE6,Lethrinidae,Letrinus,laticaudis,2
PSUPE7,Lethrinidae,Letrinus,laticaudis,1
PSUPE8,Lethrinidae,Letrinus,laticaudis,1
PWICA4,Lethrinidae,Letrinus,laticaudis,1
PWICA5,Lethrinidae,Letrinus,laticaudis,1
PWICA6,Lethrinidae,Letrinus,laticaudis,1
PWIMA1,Lethrinidae,Letrinus,laticaudis,10
PWIMA2,Lethrinidae,Letrinus,laticaudis,11
PWIMA3,Lethrinidae,Letrinus,laticaudis,14
PWIMA4,Lethrinidae,Letrinus,laticaudis,12
PWIMA5,Lethrinidae,Letrinus,laticaudis,10
PWIMA6,Lethrinidae,Letrinus,laticaudis,13
PWIMA7,Lethrinidae,Letrinus,laticaudis,10
PWIMA8,Lethrinidae,Letrinus,laticaudis,5
PWIMY1,Lethrinidae,Letrinus,laticaudis,7
PWIMY2,Lethrinidae,Letrinus,laticaudis,3
PWIMY3,Lethrinidae,Letrinus,laticaudis,6
PWIMY4,Lethrinidae,Letrinus,laticaudis,6
PWIMY5,Lethrinidae,Letrinus,laticaudis,2
PWIMY6,Lethrinidae,Letrinus,laticaudis,3
PWIMY7,Lethrinidae,Letrinus,laticaudis,15
PWIMY8,Lethrinidae,Letrinus,laticaudis,2
FWIBL4,Lutjanidae,Lutjanus,russeli,1
PSPLA1,Lutjanidae,Lutjanus,russeli,2
PWICA4,Lutjanidae,Lutjanus,russeli,2
FSPAM1,Monacanthidae,Monacanthus,chinensis,5
FSPAM2,Monacanthidae,Monacanthus,chinensis,5
FSPAM3,Monacanthidae,Monacanthus,chinensis,8
FSPAM4,Monacanthidae,Monacanthus,chinensis,5
FSPAM5,Monacanthidae,Monacanthus,chinensis,4
FSPAM6,Monacanthidae,Monacanthus,chinensis,4
FSPAM7,Monacanthidae,Monacanthus,chinensis,6
FSPAM8,Monacanthidae,Monacanthus,chinensis,6
FSPBL1,Monacanthidae,Monacanthus,chinensis,3
FSPBL3,Monacanthidae,Monacanthus,chinensis,1
FSPBL4,Monacanthidae,Monacanthus,chinensis,1
FSPBL5,Monacanthidae,Monacanthus,chinensis,2
FSPBL6,Monacanthidae,Monacanthus,chinensis,3
FSPBL7,Monacanthidae,Monacanthus,chinensis,5
FSPBL8,Monacanthidae,Monacanthus,chinensis,2
FSPHO1,Monacanthidae,Monacanthus,chinensis,1
FSPPA4,Monacanthidae,Monacanthus,chinensis,1
FSPPA6,Monacanthidae,Monacanthus,chinensis,6
FSPPA8,Monacanthidae,Monacanthus,chinensis,2
FSPWA2,Monacanthidae,Monacanthus,chinensis,2
FSPWA3,Monacanthidae,Monacanthus,chinensis,3
FSPWA5,Monacanthidae,Monacanthus,chinensis,1
FSPWA6,Monacanthidae,Monacanthus,chinensis,5
FSPWA7,Monacanthidae,Monacanthus,chinensis,5
FSPWA8,Monacanthidae,Monacanthus,chinensis,2
FSUAM1,Monacanthidae,Monacanthus,chinensis,3
FSUAM2,Monacanthidae,Monacanthus,chinensis,2
FSUAM3,Monacanthidae,Monacanthus,chinensis,7
FSUAM5,Monacanthidae,Monacanthus,chinensis,4
FSUAM6,Monacanthidae,Monacanthus,chinensis,3
FSUAM7,Monacanthidae,Monacanthus,chinensis,2
FSUAM8,Monacanthidae,Monacanthus,chinensis,5
FSUBL1,Monacanthidae,Monacanthus,chinensis,3
FSUBL2,Monacanthidae,Monacanthus,chinensis,2
FSUBL3,Monacanthidae,Monacanthus,chinensis,7
FSUBL4,Monacanthidae,Monacanthus,chinensis,1
FSUBL7,Monacanthidae,Monacanthus,chinensis,2
FSUBL8,Monacanthidae,Monacanthus,chinensis,2
FSUHO4,Monacanthidae,Monacanthus,chinensis,2
FSUHO6,Monacanthidae,Monacanthus,chinensis,5
FSUHO8,Monacanthidae,Monacanthus,chinensis,1
FSUWA1,Monacanthidae,Monacanthus,chinensis,8
FSUWA2,Monacanthidae,Monacanthus,chinensis,5
FSUWA3,Monacanthidae,Monacanthus,chinensis,12
FSUWA4,Monacanthidae,Monacanthus,chinensis,10
FSUWA5,Monacanthidae,Monacanthus,chinensis,5
FSUWA6,Monacanthidae,Monacanthus,chinensis,2
FSUWA7,Monacanthidae,Monacanthus,chinensis,4
FSUWA8,Monacanthidae,Monacanthus,chinensis,7
FWIAM1,Monacanthidae,Monacanthus,chinensis,1
FWIAM2,Monacanthidae,Monacanthus,chinensis,7
FWIAM3,Monacanthidae,Monacanthus,chinensis,1
FWIAM4,Monacanthidae,Monacanthus,chinensis,4
FWIAM5,Monacanthidae,Monacanthus,chinensis,1
FWIAM6,Monacanthidae,Monacanthus,chinensis,10
FWIAM7,Monacanthidae,Monacanthus,chinensis,2
FWIAM8,Monacanthidae,Monacanthus,chinensis,4
FWIBL1,Monacanthidae,Monacanthus,chinensis,2
FWIBL3,Monacanthidae,Monacanthus,chinensis,3
FWIBL4,Monacanthidae,Monacanthus,chinensis,4
FWIBL5,Monacanthidae,Monacanthus,chinensis,1
FWIBL6,Monacanthidae,Monacanthus,chinensis,4
FWIBL7,Monacanthidae,Monacanthus,chinensis,4
FWIBL8,Monacanthidae,Monacanthus,chinensis,1
FWIHO1,Monacanthidae,Monacanthus,chinensis,2
FWIHO3,Monacanthidae,Monacanthus,chinensis,3
FWIHO4,Monacanthidae,Monacanthus,chinensis,3
FWIHO5,Monacanthidae,Monacanthus,chinensis,1
FWIHO7,Monacanthidae,Monacanthus,chinensis,1
FWIHO8,Monacanthidae,Monacanthus,chinensis,1
FWIWA1,Monacanthidae,Monacanthus,chinensis,2
PSPCA1,Monacanthidae,Monacanthus,chinensis,5
PSPCA2,Monacanthidae,Monacanthus,chinensis,3
PSPCA3,Monacanthidae,Monacanthus,chinensis,4
PSPCA4,Monacanthidae,Monacanthus,chinensis,3
PSPCA5,Monacanthidae,Monacanthus,chinensis,3
PSPCA6,Monacanthidae,Monacanthus,chinensis,3
PSPCA7,Monacanthidae,Monacanthus,chinensis,4
PSPCA8,Monacanthidae,Monacanthus,chinensis,3
PSPLA1,Monacanthidae,Monacanthus,chinensis,1
PSPLA2,Monacanthidae,Monacanthus,chinensis,1
PSPLA4,Monacanthidae,Monacanthus,chinensis,5
PSPLA5,Monacanthidae,Monacanthus,chinensis,1
PSPLA6,Monacanthidae,Monacanthus,chinensis,4
PSPLA8,Monacanthidae,Monacanthus,chinensis,2
PSPMA1,Monacanthidae,Monacanthus,chinensis,5
PSPMA2,Monacanthidae,Monacanthus,chinensis,10
PSPMA3,Monacanthidae,Monacanthus,chinensis,5
PSPMA4,Monacanthidae,Monacanthus,chinensis,10
PSPMA5,Monacanthidae,Monacanthus,chinensis,10
PSPMA6,Monacanthidae,Monacanthus,chinensis,10
PSPMA7,Monacanthidae,Monacanthus,chinensis,10
PSPMA8,Monacanthidae,Monacanthus,chinensis,7
PSPMY1,Monacanthidae,Monacanthus,chinensis,4
PSPMY2,Monacanthidae,Monacanthus,chinensis,2
PSPMY3,Monacanthidae,Monacanthus,chinensis,1
PSPMY5,Monacanthidae,Monacanthus,chinensis,2
PSPMY8,Monacanthidae,Monacanthus,chinensis,1
PSUCA1,Monacanthidae,Monacanthus,chinensis,8
PSUCA2,Monacanthidae,Monacanthus,chinensis,1
PSUCA3,Monacanthidae,Monacanthus,chinensis,12
PSUCA4,Monacanthidae,Monacanthus,chinensis,8
PSUCA5,Monacanthidae,Monacanthus,chinensis,3
PSUCA7,Monacanthidae,Monacanthus,chinensis,5
PSUCA8,Monacanthidae,Monacanthus,chinensis,4
PSUMA1,Monacanthidae,Monacanthus,chinensis,8
PSUMA2,Monacanthidae,Monacanthus,chinensis,12
PSUMA3,Monacanthidae,Monacanthus,chinensis,10
PSUMA4,Monacanthidae,Monacanthus,chinensis,12
PSUMA5,Monacanthidae,Monacanthus,chinensis,20
PSUMA6,Monacanthidae,Monacanthus,chinensis,8
PSUMA7,Monacanthidae,Monacanthus,chinensis,14
PSUMA8,Monacanthidae,Monacanthus,chinensis,12
PSUMY3,Monacanthidae,Monacanthus,chinensis,5
PSUMY5,Monacanthidae,Monacanthus,chinensis,5
PSUMY6,Monacanthidae,Monacanthus,chinensis,4
PSUMY7,Monacanthidae,Monacanthus,chinensis,5
PSUMY8,Monacanthidae,Monacanthus,chinensis,3
PSUPE1,Monacanthidae,Monacanthus,chinensis,1
PSUPE2,Monacanthidae,Monacanthus,chinensis,2
PSUPE3,Monacanthidae,Monacanthus,chinensis,4
PSUPE5,Monacanthidae,Monacanthus,chinensis,4
PSUPE6,Monacanthidae,Monacanthus,chinensis,4
PSUPE7,Monacanthidae,Monacanthus,chinensis,3
PSUPE8,Monacanthidae,Monacanthus,chinensis,3
PWICA1,Monacanthidae,Monacanthus,chinensis,2
PWICA2,Monacanthidae,Monacanthus,chinensis,7
PWICA3,Monacanthidae,Monacanthus,chinensis,5
PWICA4,Monacanthidae,Monacanthus,chinensis,2
PWICA5,Monacanthidae,Monacanthus,chinensis,2
PWICA6,Monacanthidae,Monacanthus,chinensis,6
PWICA7,Monacanthidae,Monacanthus,chinensis,6
PWICA8,Monacanthidae,Monacanthus,chinensis,4
PWILO2,Monacanthidae,Monacanthus,chinensis,1
PWIMA1,Monacanthidae,Monacanthus,chinensis,17
PWIMA2,Monacanthidae,Monacanthus,chinensis,4
PWIMA3,Monacanthidae,Monacanthus,chinensis,20
PWIMA4,Monacanthidae,Monacanthus,chinensis,15
PWIMA5,Monacanthidae,Monacanthus,chinensis,7
PWIMA6,Monacanthidae,Monacanthus,chinensis,9
PWIMA7,Monacanthidae,Monacanthus,chinensis,8
PWIMA8,Monacanthidae,Monacanthus,chinensis,20
PWIMY1,Monacanthidae,Monacanthus,chinensis,7
PWIMY4,Monacanthidae,Monacanthus,chinensis,1
PWIMY6,Monacanthidae,Monacanthus,chinensis,3
PWIMY8,Monacanthidae,Monacanthus,chinensis,2
PWIPE3,Monacanthidae,Monacanthus,chinensis,2
PWIPE4,Monacanthidae,Monacanthus,chinensis,2
PWIPE5,Monacanthidae,Monacanthus,chinensis,4
PWIPE6,Monacanthidae,Monacanthus,chinensis,2
PWIPE7,Monacanthidae,Monacanthus,chinensis,1
PWIPE8,Monacanthidae,Monacanthus,chinensis,2
FSUWA4,Monacanthidae,Monacanthus,sp.,1
FWIHO4,Mugilidae,Mugil,cephalus,8
FSPAM1,Mullidae,Upeneus,tragula,2
FSPAM8,Mullidae,Upeneus,tragula,1
FSPBL6,Mullidae,Upeneus,tragula,1
FSPWA2,Mullidae,Upeneus,tragula,1
FSUAM8,Mullidae,Upeneus,tragula,1
FSUBL1,Mullidae,Upeneus,tragula,1
FSUBL3,Mullidae,Upeneus,tragula,3
FSUBL7,Mullidae,Upeneus,tragula,1
FSUBL8,Mullidae,Upeneus,tragula,1
FSUHO1,Mullidae,Upeneus,tragula,1
FSUHO4,Mullidae,Upeneus,tragula,2
FSUHO6,Mullidae,Upeneus,tragula,1
FSUHO8,Mullidae,Upeneus,tragula,1
FSUWA2,Mullidae,Upeneus,tragula,1
FSUWA4,Mullidae,Upeneus,tragula,1
FSUWA5,Mullidae,Upeneus,tragula,2
FSUWA8,Mullidae,Upeneus,tragula,1
FWIAM1,Mullidae,Upeneus,tragula,1
FWIAM2,Mullidae,Upeneus,tragula,1
FWIAM5,Mullidae,Upeneus,tragula,1
FWIAM6,Mullidae,Upeneus,tragula,1
FWIAM8,Mullidae,Upeneus,tragula,1
FWIBL7,Mullidae,Upeneus,tragula,1
FWIHO8,Mullidae,Upeneus,tragula,27
PSPMA5,Mullidae,Upeneus,tragula,1
PSPMA7,Mullidae,Upeneus,tragula,1
PSPMA8,Mullidae,Upeneus,tragula,1
PSPMY1,Mullidae,Upeneus,tragula,1
PSPMY5,Mullidae,Upeneus,tragula,2
PSPMY8,Mullidae,Upeneus,tragula,1
PSUMA1,Mullidae,Upeneus,tragula,1
PSUMA2,Mullidae,Upeneus,tragula,1
PSUMA3,Mullidae,Upeneus,tragula,1
PSUMA4,Mullidae,Upeneus,tragula,1
PSUMA5,Mullidae,Upeneus,tragula,1
PSUMA6,Mullidae,Upeneus,tragula,4
PSUMA7,Mullidae,Upeneus,tragula,3
PSUMA8,Mullidae,Upeneus,tragula,2
PSUMY3,Mullidae,Upeneus,tragula,1
PSUMY6,Mullidae,Upeneus,tragula,1
PSUMY7,Mullidae,Upeneus,tragula,2
PSUMY8,Mullidae,Upeneus,tragula,1
PSUPE3,Mullidae,Upeneus,tragula,1
PSUPE6,Mullidae,Upeneus,tragula,2
PWIMA1,Mullidae,Upeneus,tragula,2
PWIMA2,Mullidae,Upeneus,tragula,1
PWIMA4,Mullidae,Upeneus,tragula,3
PWIMA5,Mullidae,Upeneus,tragula,2
PWIMA6,Mullidae,Upeneus,tragula,3
PWIMA7,Mullidae,Upeneus,tragula,2
FSPBL3,Muraenidae,Gymnothorax,sp.,1
FSPBL5,Muraenidae,Gymnothorax,sp.,1
FSPBL6,Muraenidae,Gymnothorax,sp.,1
PWIMY3,Muraenidae,Gymnothorax,sp.,1
PWIMY6,Muraenidae,Gymnothorax,sp.,1
PWIMY8,Muraenidae,Gymnothorax,sp.,1
PWICA7,Aetobatidae,Aetobatus,ocellatus,1
PWIMY4,Aetobatidae,Aetobatus,ocellatus,1
PWIPE1,Aetobatidae,Aetobatus,ocellatus,1
FWIWA4,Nemipteridae,Pentapodus,paradiseus,1
PSUPE6,Nemipteridae,Pentapodus,paradiseus,4
PSUPE8,Nemipteridae,Pentapodus,paradiseus,1
PWIMA6,Nemipteridae,Pentapodus,paradiseus,1
FSUWA3,Orectolobidae,Orectolobus,ornatus,1
FSUHO2,Paralichthyidae,Pseudorhombus,arsius,1
FWIWA6,Paralichthyidae,Pseudorhombus,arsius,1
PWIMY5,Paralichthyidae,Pseudorhombus,arsius,1
FSPHO2,Platycephalidae,Platycephalus,fuscus,1
FSUAM1,Platycephalidae,Platycephalus,fuscus,1
FSUHO1,Platycephalidae,Platycephalus,fuscus,1
FSUHO3,Platycephalidae,Platycephalus,fuscus,1
FSUHO5,Platycephalidae,Platycephalus,fuscus,3
FSUHO8,Platycephalidae,Platycephalus,fuscus,1
FWIAM3,Platycephalidae,Platycephalus,fuscus,1
FWIAM7,Platycephalidae,Platycephalus,fuscus,1
FWIHO6,Platycephalidae,Platycephalus,fuscus,1
FWIHO7,Platycephalidae,Platycephalus,fuscus,1
FWIWA5,Platycephalidae,Platycephalus,fuscus,1
PSPCA3,Platycephalidae,Platycephalus,fuscus,1
PSUCA4,Platycephalidae,Platycephalus,fuscus,1
PSUCA8,Platycephalidae,Platycephalus,fuscus,1
PWICA7,Platycephalidae,Platycephalus,fuscus,1
PWIMY5,Platycephalidae,Platycephalus,fuscus,1
PWIPE1,Platycephalidae,Platycephalus,fuscus,1
FSUAM6,Pomatomidae,Pomatomus,saltatrix,1
FWIAM4,Pomatomidae,Pomatomus,saltatrix,2
FWIBL7,Pomatomidae,Pomatomus,saltatrix,1
FWIHO7,Pomatomidae,Pomatomus,saltatrix,1
PSUMA4,Rachycentridae,Rachycentron,canadum,1
PWIMA3,Rachycentridae,Rachycentron,canadum,1
FSPAM3,Rhinidae,Rhynchobatus,australiae,1
FSPAM8,Rhinidae,Rhynchobatus,australiae,1
FSPHO1,Rhinidae,Rhynchobatus,australiae,1
FSUHO4,Rhinidae,Rhynchobatus,australiae,1
FSUHO5,Rhinidae,Rhynchobatus,australiae,1
FSUHO6,Rhinidae,Rhynchobatus,australiae,1
FSUHO8,Rhinidae,Rhynchobatus,australiae,1
FWIHO4,Rhinidae,Rhynchobatus,australiae,1
FWIWA2,Rhinidae,Rhynchobatus,australiae,1
FWIWA5,Rhinidae,Rhynchobatus,australiae,2
FWIWA7,Rhinidae,Rhynchobatus,australiae,1
FWIWA8,Rhinidae,Rhynchobatus,australiae,1
PSPMA4,Rhinidae,Rhynchobatus,australiae,1
PSPMA7,Rhinidae,Rhynchobatus,australiae,1
PSUMY1,Rhinidae,Rhynchobatus,australiae,1
PSUMY6,Rhinidae,Rhynchobatus,australiae,1
PWIMA3,Rhinidae,Rhynchobatus,australiae,1
PWIMA4,Rhinidae,Rhynchobatus,australiae,1
PWIMY1,Rhinidae,Rhynchobatus,australiae,1
PWIMY5,Rhinidae,Rhynchobatus,australiae,1
FSPAM4,Rhinobatidae,Aptychotrema,rostrata,1
FSPBL4,Rhinobatidae,Aptychotrema,rostrata,1
FSPPA5,Rhinobatidae,Aptychotrema,rostrata,1
FSPWA7,Rhinobatidae,Aptychotrema,rostrata,1
FSUHO2,Rhinobatidae,Aptychotrema,rostrata,1
FWIAM3,Rhinobatidae,Aptychotrema,rostrata,1
FWIAM6,Rhinobatidae,Aptychotrema,rostrata,1
FWIBL5,Rhinobatidae,Aptychotrema,rostrata,1
FWIWA3,Rhinobatidae,Aptychotrema,rostrata,1
PSPCA3,Rhinobatidae,Aptychotrema,rostrata,1
PSPCA5,Rhinobatidae,Aptychotrema,rostrata,2
PSPCA6,Rhinobatidae,Aptychotrema,rostrata,1
PSPCA7,Rhinobatidae,Aptychotrema,rostrata,1
PSPCA8,Rhinobatidae,Aptychotrema,rostrata,1
PSPLA2,Rhinobatidae,Aptychotrema,rostrata,1
PSPMA5,Rhinobatidae,Aptychotrema,rostrata,1
PSUCA1,Rhinobatidae,Aptychotrema,rostrata,1
PSUCA5,Rhinobatidae,Aptychotrema,rostrata,1
PSUCA8,Rhinobatidae,Aptychotrema,rostrata,1
PSULO3,Rhinobatidae,Aptychotrema,rostrata,1
PSULO4,Rhinobatidae,Aptychotrema,rostrata,1
PSUMA4,Rhinobatidae,Aptychotrema,rostrata,1
PWICA1,Rhinobatidae,Aptychotrema,rostrata,1
PWICA2,Rhinobatidae,Aptychotrema,rostrata,1
PWICA3,Rhinobatidae,Aptychotrema,rostrata,1
PWICA5,Rhinobatidae,Aptychotrema,rostrata,1
PWICA6,Rhinobatidae,Aptychotrema,rostrata,1
PWICA7,Rhinobatidae,Aptychotrema,rostrata,1
PWICA8,Rhinobatidae,Aptychotrema,rostrata,1
PWIMA2,Rhinobatidae,Aptychotrema,rostrata,1
FSPAM2,Siganidae,Siganus,fuscescens,25
FSPAM4,Siganidae,Siganus,fuscescens,30
FSPAM6,Siganidae,Siganus,fuscescens,5
FSUAM1,Siganidae,Siganus,fuscescens,20
FSUAM3,Siganidae,Siganus,fuscescens,20
FSUAM5,Siganidae,Siganus,fuscescens,5
FSUAM6,Siganidae,Siganus,fuscescens,3
FSUAM7,Siganidae,Siganus,fuscescens,100
FSUAM8,Siganidae,Siganus,fuscescens,30
FSUBL1,Siganidae,Siganus,fuscescens,10
FSUBL2,Siganidae,Siganus,fuscescens,1
FSUBL3,Siganidae,Siganus,fuscescens,20
FSUBL4,Siganidae,Siganus,fuscescens,25
FSUBL5,Siganidae,Siganus,fuscescens,5
FSUBL7,Siganidae,Siganus,fuscescens,1
FSUBL8,Siganidae,Siganus,fuscescens,9
FSUWA1,Siganidae,Siganus,fuscescens,1
FSUWA5,Siganidae,Siganus,fuscescens,5
FSUWA7,Siganidae,Siganus,fuscescens,60
FSUWA8,Siganidae,Siganus,fuscescens,9
FWIAM2,Siganidae,Siganus,fuscescens,4
FWIAM8,Siganidae,Siganus,fuscescens,1
FWIBL2,Siganidae,Siganus,fuscescens,3
FWIHO1,Siganidae,Siganus,fuscescens,8
PSPCA1,Siganidae,Siganus,fuscescens,1
PSPCA5,Siganidae,Siganus,fuscescens,3
PSPCA7,Siganidae,Siganus,fuscescens,1
PSPCA8,Siganidae,Siganus,fuscescens,1
PSPLA2,Siganidae,Siganus,fuscescens,10
PSPLA4,Siganidae,Siganus,fuscescens,12
PSPLA5,Siganidae,Siganus,fuscescens,20
PSPMA1,Siganidae,Siganus,fuscescens,5
PSPMA4,Siganidae,Siganus,fuscescens,1
PSPMA5,Siganidae,Siganus,fuscescens,1
PSPMA6,Siganidae,Siganus,fuscescens,10
PSPMA7,Siganidae,Siganus,fuscescens,1
PSPMY1,Siganidae,Siganus,fuscescens,25
PSPMY2,Siganidae,Siganus,fuscescens,50
PSPMY4,Siganidae,Siganus,fuscescens,5
PSPMY6,Siganidae,Siganus,fuscescens,25
PSUCA1,Siganidae,Siganus,fuscescens,30
PSUMA1,Siganidae,Siganus,fuscescens,16
PSUMA2,Siganidae,Siganus,fuscescens,15
PSUMA3,Siganidae,Siganus,fuscescens,25
PSUMA4,Siganidae,Siganus,fuscescens,15
PSUMA5,Siganidae,Siganus,fuscescens,10
PSUMA6,Siganidae,Siganus,fuscescens,10
PSUMA7,Siganidae,Siganus,fuscescens,10
PSUMA8,Siganidae,Siganus,fuscescens,14
PSUMY1,Siganidae,Siganus,fuscescens,15
PSUMY3,Siganidae,Siganus,fuscescens,30
PSUMY5,Siganidae,Siganus,fuscescens,30
PSUMY6,Siganidae,Siganus,fuscescens,15
PSUMY7,Siganidae,Siganus,fuscescens,1
PSUMY8,Siganidae,Siganus,fuscescens,13
PSUPE4,Siganidae,Siganus,fuscescens,50
PSUPE5,Siganidae,Siganus,fuscescens,20
PSUPE6,Siganidae,Siganus,fuscescens,15
PSUPE7,Siganidae,Siganus,fuscescens,20
PSUPE8,Siganidae,Siganus,fuscescens,15
PWIMA1,Siganidae,Siganus,fuscescens,50
PWIMA2,Siganidae,Siganus,fuscescens,10
PWIMA3,Siganidae,Siganus,fuscescens,20
PWIMA4,Siganidae,Siganus,fuscescens,5
PWIMA5,Siganidae,Siganus,fuscescens,5
PWIMA6,Siganidae,Siganus,fuscescens,8
PWIMA7,Siganidae,Siganus,fuscescens,6
PWIMA8,Siganidae,Siganus,fuscescens,10
PWIMY1,Siganidae,Siganus,fuscescens,30
FSPAM1,Sillaginidae,Silago,ciliata,1
FSPAM2,Sillaginidae,Silago,ciliata,1
FSPAM3,Sillaginidae,Silago,ciliata,2
FSPAM4,Sillaginidae,Silago,ciliata,1
FSPAM5,Sillaginidae,Silago,ciliata,1
FSPAM6,Sillaginidae,Silago,ciliata,1
FSPAM7,Sillaginidae,Silago,ciliata,1
FSPAM8,Sillaginidae,Silago,ciliata,1
FSPBL1,Sillaginidae,Silago,ciliata,1
FSPBL2,Sillaginidae,Silago,ciliata,1
FSPBL3,Sillaginidae,Silago,ciliata,1
FSPBL5,Sillaginidae,Silago,ciliata,1
FSPBL6,Sillaginidae,Silago,ciliata,3
FSPBL7,Sillaginidae,Silago,ciliata,1
FSPBL8,Sillaginidae,Silago,ciliata,1
FSPHO1,Sillaginidae,Silago,ciliata,1
FSPHO2,Sillaginidae,Silago,ciliata,2
FSPHO6,Sillaginidae,Silago,ciliata,3
FSPHO7,Sillaginidae,Silago,ciliata,1
FSPWA3,Sillaginidae,Silago,ciliata,1
FSUAM1,Sillaginidae,Silago,ciliata,1
FSUAM2,Sillaginidae,Silago,ciliata,1
FSUAM3,Sillaginidae,Silago,ciliata,1
FSUAM4,Sillaginidae,Silago,ciliata,1
FSUAM5,Sillaginidae,Silago,ciliata,3
FSUAM6,Sillaginidae,Silago,ciliata,1
FSUAM7,Sillaginidae,Silago,ciliata,4
FSUBL1,Sillaginidae,Silago,ciliata,1
FSUBL2,Sillaginidae,Silago,ciliata,3
FSUBL4,Sillaginidae,Silago,ciliata,1
FSUBL5,Sillaginidae,Silago,ciliata,1
FSUBL7,Sillaginidae,Silago,ciliata,1
FSUBL8,Sillaginidae,Silago,ciliata,1
FSUHO1,Sillaginidae,Silago,ciliata,3
FSUHO4,Sillaginidae,Silago,ciliata,7
FSUHO5,Sillaginidae,Silago,ciliata,2
FSUHO8,Sillaginidae,Silago,ciliata,3
FWIAM1,Sillaginidae,Silago,ciliata,1
FWIAM3,Sillaginidae,Silago,ciliata,4
FWIAM4,Sillaginidae,Silago,ciliata,1
FWIAM5,Sillaginidae,Silago,ciliata,4
FWIAM7,Sillaginidae,Silago,ciliata,8
FWIAM8,Sillaginidae,Silago,ciliata,3
FWIBL1,Sillaginidae,Silago,ciliata,4
FWIBL2,Sillaginidae,Silago,ciliata,1
FWIBL4,Sillaginidae,Silago,ciliata,1
FWIBL5,Sillaginidae,Silago,ciliata,3
FWIBL8,Sillaginidae,Silago,ciliata,1
FWIHO1,Sillaginidae,Silago,ciliata,2
FWIHO6,Sillaginidae,Silago,ciliata,6
FWIPA5,Sillaginidae,Silago,ciliata,2
FWIPA7,Sillaginidae,Silago,ciliata,2
FWIPA8,Sillaginidae,Silago,ciliata,1
FWIWA1,Sillaginidae,Silago,ciliata,3
FWIWA7,Sillaginidae,Silago,ciliata,1
FWIWA8,Sillaginidae,Silago,ciliata,1
PSPLA1,Sillaginidae,Silago,ciliata,1
PSPLA3,Sillaginidae,Silago,ciliata,5
PSPLA6,Sillaginidae,Silago,ciliata,2
PSPLA7,Sillaginidae,Silago,ciliata,1
PSPLA8,Sillaginidae,Silago,ciliata,4
PSPMA3,Sillaginidae,Silago,ciliata,2
PSPMA4,Sillaginidae,Silago,ciliata,1
PSPMA6,Sillaginidae,Silago,ciliata,1
PSPMA7,Sillaginidae,Silago,ciliata,2
PSPMA8,Sillaginidae,Silago,ciliata,1
PSPMY8,Sillaginidae,Silago,ciliata,1
PSUCA1,Sillaginidae,Silago,ciliata,2
PSUCA3,Sillaginidae,Silago,ciliata,2
PSUCA5,Sillaginidae,Silago,ciliata,3
PSUCA8,Sillaginidae,Silago,ciliata,1
PSULO1,Sillaginidae,Silago,ciliata,1
PSULO4,Sillaginidae,Silago,ciliata,3
PSULO7,Sillaginidae,Silago,ciliata,1
PSULO8,Sillaginidae,Silago,ciliata,1
PSUMA1,Sillaginidae,Silago,ciliata,3
PSUMA2,Sillaginidae,Silago,ciliata,2
PSUMA3,Sillaginidae,Silago,ciliata,3
PSUMA4,Sillaginidae,Silago,ciliata,3
PSUMA5,Sillaginidae,Silago,ciliata,4
PSUMA6,Sillaginidae,Silago,ciliata,4
PSUMA7,Sillaginidae,Silago,ciliata,5
PSUMA8,Sillaginidae,Silago,ciliata,3
PSUPE1,Sillaginidae,Silago,ciliata,3
PSUPE2,Sillaginidae,Silago,ciliata,2
PSUPE3,Sillaginidae,Silago,ciliata,2
PSUPE4,Sillaginidae,Silago,ciliata,4
PSUPE6,Sillaginidae,Silago,ciliata,8
PSUPE8,Sillaginidae,Silago,ciliata,3
PWICA1,Sillaginidae,Silago,ciliata,1
PWICA2,Sillaginidae,Silago,ciliata,2
PWICA5,Sillaginidae,Silago,ciliata,4
PWICA6,Sillaginidae,Silago,ciliata,2
PWICA7,Sillaginidae,Silago,ciliata,3
PWICA8,Sillaginidae,Silago,ciliata,2
PWILO1,Sillaginidae,Silago,ciliata,2
PWILO7,Sillaginidae,Silago,ciliata,10
PWILO8,Sillaginidae,Silago,ciliata,6
PWIMA1,Sillaginidae,Silago,ciliata,2
PWIMA2,Sillaginidae,Silago,ciliata,3
PWIMA3,Sillaginidae,Silago,ciliata,2
PWIMA4,Sillaginidae,Silago,ciliata,2
PWIMA5,Sillaginidae,Silago,ciliata,3
PWIMA6,Sillaginidae,Silago,ciliata,2
PWIMA7,Sillaginidae,Silago,ciliata,2
PWIMA8,Sillaginidae,Silago,ciliata,2
PWIMY7,Sillaginidae,Silago,ciliata,1
PWIPE1,Sillaginidae,Silago,ciliata,1
PWIPE2,Sillaginidae,Silago,ciliata,2
PWIPE3,Sillaginidae,Silago,ciliata,2
PWIPE5,Sillaginidae,Silago,ciliata,1
PWIPE6,Sillaginidae,Silago,ciliata,3
PWIPE7,Sillaginidae,Silago,ciliata,2
PWIPE8,Sillaginidae,Silago,ciliata,2
FSPHO3,Sillaginidae,Sillago,maculata,1
FSPHO5,Sillaginidae,Sillago,maculata,2
FSPPA1,Sillaginidae,Sillago,maculata,1
FSPPA5,Sillaginidae,Sillago,maculata,1
FSPPA7,Sillaginidae,Sillago,maculata,2
FSUHO7,Sillaginidae,Sillago,maculata,8
FWIWA5,Sillaginidae,Sillago,maculata,7
FWIWA7,Sillaginidae,Sillago,maculata,1
FWIWA8,Sillaginidae,Sillago,maculata,1
PSUPE2,Sillaginidae,Sillago,maculata,8
PSUPE8,Sillaginidae,Sillago,maculata,1
FSPAM4,Sparidae,Acanthopagrus,australis,1
FSPAM6,Sparidae,Acanthopagrus,australis,1
FSPAM7,Sparidae,Acanthopagrus,australis,1
FSPBL1,Sparidae,Acanthopagrus,australis,3
FSPBL2,Sparidae,Acanthopagrus,australis,1
FSPBL4,Sparidae,Acanthopagrus,australis,3
FSPBL5,Sparidae,Acanthopagrus,australis,1
FSPBL6,Sparidae,Acanthopagrus,australis,1
FSPBL8,Sparidae,Acanthopagrus,australis,1
FSPHO7,Sparidae,Acanthopagrus,australis,1
FSPWA3,Sparidae,Acanthopagrus,australis,4
FSPWA5,Sparidae,Acanthopagrus,australis,20
FSPWA7,Sparidae,Acanthopagrus,australis,30
FSPWA8,Sparidae,Acanthopagrus,australis,8
FSUAM1,Sparidae,Acanthopagrus,australis,4
FSUAM3,Sparidae,Acanthopagrus,australis,1
FSUAM4,Sparidae,Acanthopagrus,australis,4
FSUAM5,Sparidae,Acanthopagrus,australis,2
FSUAM7,Sparidae,Acanthopagrus,australis,2
FSUAM8,Sparidae,Acanthopagrus,australis,1
FSUBL4,Sparidae,Acanthopagrus,australis,3
FSUBL5,Sparidae,Acanthopagrus,australis,1
FSUBL6,Sparidae,Acanthopagrus,australis,5
FSUBL8,Sparidae,Acanthopagrus,australis,1
FSUHO6,Sparidae,Acanthopagrus,australis,4
FSUWA3,Sparidae,Acanthopagrus,australis,1
FSUWA7,Sparidae,Acanthopagrus,australis,7
FSUWA8,Sparidae,Acanthopagrus,australis,1
FWIAM2,Sparidae,Acanthopagrus,australis,6
FWIAM6,Sparidae,Acanthopagrus,australis,2
FWIAM8,Sparidae,Acanthopagrus,australis,1
FWIBL1,Sparidae,Acanthopagrus,australis,2
FWIBL3,Sparidae,Acanthopagrus,australis,2
FWIBL5,Sparidae,Acanthopagrus,australis,4
FWIBL7,Sparidae,Acanthopagrus,australis,1
FWIBL8,Sparidae,Acanthopagrus,australis,10
FWIHO1,Sparidae,Acanthopagrus,australis,23
FWIHO2,Sparidae,Acanthopagrus,australis,21
FWIHO3,Sparidae,Acanthopagrus,australis,16
FWIHO4,Sparidae,Acanthopagrus,australis,6
FWIHO5,Sparidae,Acanthopagrus,australis,20
FWIHO7,Sparidae,Acanthopagrus,australis,70
FWIHO8,Sparidae,Acanthopagrus,australis,25
FWIPA2,Sparidae,Acanthopagrus,australis,5
FWIPA6,Sparidae,Acanthopagrus,australis,6
FWIPA7,Sparidae,Acanthopagrus,australis,5
FWIPA8,Sparidae,Acanthopagrus,australis,2
FWIWA2,Sparidae,Acanthopagrus,australis,21
FWIWA3,Sparidae,Acanthopagrus,australis,7
FWIWA7,Sparidae,Acanthopagrus,australis,5
FWIWA8,Sparidae,Acanthopagrus,australis,5
PSPCA1,Sparidae,Acanthopagrus,australis,3
PSPCA7,Sparidae,Acanthopagrus,australis,1
PSPLA1,Sparidae,Acanthopagrus,australis,7
PSPLA2,Sparidae,Acanthopagrus,australis,8
PSPLA4,Sparidae,Acanthopagrus,australis,15
PSPLA5,Sparidae,Acanthopagrus,australis,7
PSPLA6,Sparidae,Acanthopagrus,australis,5
PSPLA8,Sparidae,Acanthopagrus,australis,2
PSPLO1,Sparidae,Acanthopagrus,australis,1
PSPLO3,Sparidae,Acanthopagrus,australis,2
PSPLO4,Sparidae,Acanthopagrus,australis,1
PSPLO5,Sparidae,Acanthopagrus,australis,1
PSPLO7,Sparidae,Acanthopagrus,australis,1
PSPLO8,Sparidae,Acanthopagrus,australis,1
PSPMA7,Sparidae,Acanthopagrus,australis,1
PSPMY2,Sparidae,Acanthopagrus,australis,1
PSPMY5,Sparidae,Acanthopagrus,australis,1
PSPMY6,Sparidae,Acanthopagrus,australis,2
PSUCA1,Sparidae,Acanthopagrus,australis,3
PSUCA2,Sparidae,Acanthopagrus,australis,1
PSUCA7,Sparidae,Acanthopagrus,australis,1
PSULO4,Sparidae,Acanthopagrus,australis,1
PSUMA1,Sparidae,Acanthopagrus,australis,1
PSUMA4,Sparidae,Acanthopagrus,australis,2
PSUMA5,Sparidae,Acanthopagrus,australis,1
PSUMA7,Sparidae,Acanthopagrus,australis,2
PSUMA8,Sparidae,Acanthopagrus,australis,1
PSUPE1,Sparidae,Acanthopagrus,australis,1
PSUPE2,Sparidae,Acanthopagrus,australis,1
PSUPE3,Sparidae,Acanthopagrus,australis,5
PSUPE4,Sparidae,Acanthopagrus,australis,11
PSUPE5,Sparidae,Acanthopagrus,australis,10
PSUPE6,Sparidae,Acanthopagrus,australis,2
PSUPE7,Sparidae,Acanthopagrus,australis,3
PSUPE8,Sparidae,Acanthopagrus,australis,5
PWICA1,Sparidae,Acanthopagrus,australis,11
PWICA2,Sparidae,Acanthopagrus,australis,4
PWICA3,Sparidae,Acanthopagrus,australis,5
PWICA4,Sparidae,Acanthopagrus,australis,17
PWICA5,Sparidae,Acanthopagrus,australis,4
PWICA6,Sparidae,Acanthopagrus,australis,4
PWICA7,Sparidae,Acanthopagrus,australis,6
PWICA8,Sparidae,Acanthopagrus,australis,7
PWILO1,Sparidae,Acanthopagrus,australis,2
PWILO2,Sparidae,Acanthopagrus,australis,1
PWIMY1,Sparidae,Acanthopagrus,australis,1
PWIMY6,Sparidae,Acanthopagrus,australis,1
PWIPE1,Sparidae,Acanthopagrus,australis,20
PWIPE2,Sparidae,Acanthopagrus,australis,5
PWIPE3,Sparidae,Acanthopagrus,australis,7
PWIPE4,Sparidae,Acanthopagrus,australis,8
PWIPE5,Sparidae,Acanthopagrus,australis,20
PWIPE6,Sparidae,Acanthopagrus,australis,13
PWIPE7,Sparidae,Acanthopagrus,australis,20
PWIPE8,Sparidae,Acanthopagrus,australis,13
FSPBL6,Sparidae,Pagrus,auratus,2
FSPBL7,Sparidae,Pagrus,auratus,4
FSPBL8,Sparidae,Pagrus,auratus,1
FSPWA2,Sparidae,Pagrus,auratus,1
FSPWA4,Sparidae,Pagrus,auratus,1
FSUAM2,Sparidae,Pagrus,auratus,1
FSUAM3,Sparidae,Pagrus,auratus,1
FSUAM4,Sparidae,Pagrus,auratus,1
FSUAM5,Sparidae,Pagrus,auratus,1
FSUAM6,Sparidae,Pagrus,auratus,1
FSUAM7,Sparidae,Pagrus,auratus,2
FSUAM8,Sparidae,Pagrus,auratus,1
FSUBL1,Sparidae,Pagrus,auratus,5
FSUBL2,Sparidae,Pagrus,auratus,4
FSUBL3,Sparidae,Pagrus,auratus,2
FSUBL4,Sparidae,Pagrus,auratus,1
FSUBL5,Sparidae,Pagrus,auratus,2
FSUBL6,Sparidae,Pagrus,auratus,3
FSUBL7,Sparidae,Pagrus,auratus,1
FSUBL8,Sparidae,Pagrus,auratus,3
FWIAM2,Sparidae,Pagrus,auratus,4
FWIAM6,Sparidae,Pagrus,auratus,1
FWIAM8,Sparidae,Pagrus,auratus,1
FWIBL7,Sparidae,Pagrus,auratus,2
PSPCA1,Sparidae,Pagrus,auratus,3
PSPCA7,Sparidae,Pagrus,auratus,1
PSPMA1,Sparidae,Pagrus,auratus,2
PSPMA4,Sparidae,Pagrus,auratus,1
PSPMA5,Sparidae,Pagrus,auratus,1
PSPMA7,Sparidae,Pagrus,auratus,3
PSPMA8,Sparidae,Pagrus,auratus,1
PSPMY2,Sparidae,Pagrus,auratus,2
PSUCA1,Sparidae,Pagrus,auratus,1
PSUCA4,Sparidae,Pagrus,auratus,1
PSUCA7,Sparidae,Pagrus,auratus,1
PSUMA2,Sparidae,Pagrus,auratus,1
PSUMA3,Sparidae,Pagrus,auratus,2
PSUMA4,Sparidae,Pagrus,auratus,3
PSUMA5,Sparidae,Pagrus,auratus,1
PSUMA8,Sparidae,Pagrus,auratus,1
PWICA2,Sparidae,Pagrus,auratus,2
PWICA6,Sparidae,Pagrus,auratus,1
FSPAM1,Sphyraenidae,Sphyraena,obtusata,2
FSPAM2,Sphyraenidae,Sphyraena,obtusata,3
FSPAM3,Sphyraenidae,Sphyraena,obtusata,2
FSPAM4,Sphyraenidae,Sphyraena,obtusata,2
FSPAM5,Sphyraenidae,Sphyraena,obtusata,2
FSPAM6,Sphyraenidae,Sphyraena,obtusata,2
FSPAM7,Sphyraenidae,Sphyraena,obtusata,4
FSPAM8,Sphyraenidae,Sphyraena,obtusata,4
FSPBL4,Sphyraenidae,Sphyraena,obtusata,1
FSPHO2,Sphyraenidae,Sphyraena,obtusata,2
FSPHO3,Sphyraenidae,Sphyraena,obtusata,1
FSPHO7,Sphyraenidae,Sphyraena,obtusata,3
FSPWA1,Sphyraenidae,Sphyraena,obtusata,15
FSPWA2,Sphyraenidae,Sphyraena,obtusata,1
FSPWA3,Sphyraenidae,Sphyraena,obtusata,1
FSPWA5,Sphyraenidae,Sphyraena,obtusata,2
FSPWA6,Sphyraenidae,Sphyraena,obtusata,1
FSPWA7,Sphyraenidae,Sphyraena,obtusata,2
FSPWA8,Sphyraenidae,Sphyraena,obtusata,3
FSUAM1,Sphyraenidae,Sphyraena,obtusata,2
FSUAM2,Sphyraenidae,Sphyraena,obtusata,2
FSUAM3,Sphyraenidae,Sphyraena,obtusata,2
FSUAM4,Sphyraenidae,Sphyraena,obtusata,1
FSUAM5,Sphyraenidae,Sphyraena,obtusata,2
FSUAM6,Sphyraenidae,Sphyraena,obtusata,3
FSUAM7,Sphyraenidae,Sphyraena,obtusata,3
FSUAM8,Sphyraenidae,Sphyraena,obtusata,2
FSUBL2,Sphyraenidae,Sphyraena,obtusata,1
FSUBL3,Sphyraenidae,Sphyraena,obtusata,1
FSUBL4,Sphyraenidae,Sphyraena,obtusata,1
FSUHO6,Sphyraenidae,Sphyraena,obtusata,2
FSUHO8,Sphyraenidae,Sphyraena,obtusata,1
FSUWA1,Sphyraenidae,Sphyraena,obtusata,4
FSUWA2,Sphyraenidae,Sphyraena,obtusata,5
FSUWA3,Sphyraenidae,Sphyraena,obtusata,4
FSUWA4,Sphyraenidae,Sphyraena,obtusata,7
FSUWA5,Sphyraenidae,Sphyraena,obtusata,3
FSUWA6,Sphyraenidae,Sphyraena,obtusata,4
FSUWA7,Sphyraenidae,Sphyraena,obtusata,3
FSUWA8,Sphyraenidae,Sphyraena,obtusata,4
FWIAM1,Sphyraenidae,Sphyraena,obtusata,6
FWIAM2,Sphyraenidae,Sphyraena,obtusata,6
FWIAM5,Sphyraenidae,Sphyraena,obtusata,2
FWIAM6,Sphyraenidae,Sphyraena,obtusata,4
FWIAM8,Sphyraenidae,Sphyraena,obtusata,3
FWIBL1,Sphyraenidae,Sphyraena,obtusata,2
FWIBL2,Sphyraenidae,Sphyraena,obtusata,3
FWIBL3,Sphyraenidae,Sphyraena,obtusata,4
FWIBL4,Sphyraenidae,Sphyraena,obtusata,4
FWIBL6,Sphyraenidae,Sphyraena,obtusata,3
FWIBL7,Sphyraenidae,Sphyraena,obtusata,2
FWIBL8,Sphyraenidae,Sphyraena,obtusata,2
FWIHO2,Sphyraenidae,Sphyraena,obtusata,1
FWIHO3,Sphyraenidae,Sphyraena,obtusata,3
FWIHO4,Sphyraenidae,Sphyraena,obtusata,2
FWIHO5,Sphyraenidae,Sphyraena,obtusata,3
FWIHO7,Sphyraenidae,Sphyraena,obtusata,5
FWIWA1,Sphyraenidae,Sphyraena,obtusata,1
FWIWA2,Sphyraenidae,Sphyraena,obtusata,1
FWIWA3,Sphyraenidae,Sphyraena,obtusata,3
FWIWA7,Sphyraenidae,Sphyraena,obtusata,1
FWIWA8,Sphyraenidae,Sphyraena,obtusata,1
PSPCA1,Sphyraenidae,Sphyraena,obtusata,1
PSPCA5,Sphyraenidae,Sphyraena,obtusata,1
PSPCA6,Sphyraenidae,Sphyraena,obtusata,2
PSPCA7,Sphyraenidae,Sphyraena,obtusata,1
PSPCA8,Sphyraenidae,Sphyraena,obtusata,1
PSPLA2,Sphyraenidae,Sphyraena,obtusata,1
PSPLA8,Sphyraenidae,Sphyraena,obtusata,1
PSPLO4,Sphyraenidae,Sphyraena,obtusata,1
PSPMA1,Sphyraenidae,Sphyraena,obtusata,1
PSPMA2,Sphyraenidae,Sphyraena,obtusata,1
PSPMA3,Sphyraenidae,Sphyraena,obtusata,1
PSPMA4,Sphyraenidae,Sphyraena,obtusata,2
PSPMA5,Sphyraenidae,Sphyraena,obtusata,2
PSPMA6,Sphyraenidae,Sphyraena,obtusata,1
PSPMA7,Sphyraenidae,Sphyraena,obtusata,2
PSPMA8,Sphyraenidae,Sphyraena,obtusata,4
PSPMY1,Sphyraenidae,Sphyraena,obtusata,1
PSPMY3,Sphyraenidae,Sphyraena,obtusata,1
PSPMY5,Sphyraenidae,Sphyraena,obtusata,1
PSUCA1,Sphyraenidae,Sphyraena,obtusata,1
PSUCA3,Sphyraenidae,Sphyraena,obtusata,1
PSUCA5,Sphyraenidae,Sphyraena,obtusata,1
PSUCA7,Sphyraenidae,Sphyraena,obtusata,1
PSUCA8,Sphyraenidae,Sphyraena,obtusata,1
PSUMA1,Sphyraenidae,Sphyraena,obtusata,1
PSUMA2,Sphyraenidae,Sphyraena,obtusata,1
PSUMA3,Sphyraenidae,Sphyraena,obtusata,3
PSUMA4,Sphyraenidae,Sphyraena,obtusata,2
PSUMA5,Sphyraenidae,Sphyraena,obtusata,1
PSUMA6,Sphyraenidae,Sphyraena,obtusata,1
PSUMA7,Sphyraenidae,Sphyraena,obtusata,2
PSUMA8,Sphyraenidae,Sphyraena,obtusata,2
PSUMY3,Sphyraenidae,Sphyraena,obtusata,1
PSUMY6,Sphyraenidae,Sphyraena,obtusata,3
PSUMY7,Sphyraenidae,Sphyraena,obtusata,1
PSUMY8,Sphyraenidae,Sphyraena,obtusata,1
PSUPE5,Sphyraenidae,Sphyraena,obtusata,2
PSUPE7,Sphyraenidae,Sphyraena,obtusata,1
PWICA2,Sphyraenidae,Sphyraena,obtusata,2
PWICA4,Sphyraenidae,Sphyraena,obtusata,2
PWICA5,Sphyraenidae,Sphyraena,obtusata,3
PWICA6,Sphyraenidae,Sphyraena,obtusata,1
PWICA7,Sphyraenidae,Sphyraena,obtusata,1
PWICA8,Sphyraenidae,Sphyraena,obtusata,1
PWIMA1,Sphyraenidae,Sphyraena,obtusata,2
PWIMA2,Sphyraenidae,Sphyraena,obtusata,3
PWIMA3,Sphyraenidae,Sphyraena,obtusata,3
PWIMA4,Sphyraenidae,Sphyraena,obtusata,3
PWIMA5,Sphyraenidae,Sphyraena,obtusata,1
PWIMA6,Sphyraenidae,Sphyraena,obtusata,1
PWIMA7,Sphyraenidae,Sphyraena,obtusata,4
PWIMA8,Sphyraenidae,Sphyraena,obtusata,18
PWIMY1,Sphyraenidae,Sphyraena,obtusata,3
PWIMY3,Sphyraenidae,Sphyraena,obtusata,3
PWIMY6,Sphyraenidae,Sphyraena,obtusata,1
PWIPE1,Sphyraenidae,Sphyraena,obtusata,1
PWIPE2,Sphyraenidae,Sphyraena,obtusata,2
PWIPE3,Sphyraenidae,Sphyraena,obtusata,1
PWIPE5,Sphyraenidae,Sphyraena,obtusata,1
PWIPE6,Sphyraenidae,Sphyraena,obtusata,2
PWIPE7,Sphyraenidae,Sphyraena,obtusata,1
PWIPE8,Sphyraenidae,Sphyraena,obtusata,1
FSPBL1,Synodontidae,Saurida,undosquamis,1
FSPBL2,Synodontidae,Saurida,undosquamis,1
FSPBL5,Synodontidae,Saurida,undosquamis,1
FSPHO1,Synodontidae,Saurida,undosquamis,1
FSPHO2,Synodontidae,Saurida,undosquamis,1
FSPHO4,Synodontidae,Saurida,undosquamis,1
FSPHO6,Synodontidae,Saurida,undosquamis,1
FSUAM6,Synodontidae,Saurida,undosquamis,1
FSUBL1,Synodontidae,Saurida,undosquamis,1
FSUBL2,Synodontidae,Saurida,undosquamis,1
FSUBL3,Synodontidae,Saurida,undosquamis,1
FWIAM1,Synodontidae,Saurida,undosquamis,2
FWIAM2,Synodontidae,Saurida,undosquamis,1
FWIAM3,Synodontidae,Saurida,undosquamis,1
FWIAM4,Synodontidae,Saurida,undosquamis,1
FWIAM5,Synodontidae,Saurida,undosquamis,1
FWIAM7,Synodontidae,Saurida,undosquamis,1
FWIAM8,Synodontidae,Saurida,undosquamis,1
FWIBL1,Synodontidae,Saurida,undosquamis,1
FWIBL2,Synodontidae,Saurida,undosquamis,1
FWIBL3,Synodontidae,Saurida,undosquamis,1
FWIBL5,Synodontidae,Saurida,undosquamis,1
FWIBL8,Synodontidae,Saurida,undosquamis,1
PWICA2,Synodontidae,Saurida,undosquamis,1
PWIMA1,Synodontidae,Saurida,undosquamis,1
PWIMA2,Synodontidae,Saurida,undosquamis,1
PWIMA5,Synodontidae,Saurida,undosquamis,1
PWIMA6,Synodontidae,Saurida,undosquamis,1
PWIMA7,Synodontidae,Saurida,undosquamis,1
PWIMA8,Synodontidae,Saurida,undosquamis,1
FSPAM1,Terapontidae,Pelates,sexlineatus,40
FSPAM2,Terapontidae,Pelates,sexlineatus,60
FSPAM3,Terapontidae,Pelates,sexlineatus,30
FSPAM4,Terapontidae,Pelates,sexlineatus,30
FSPAM5,Terapontidae,Pelates,sexlineatus,50
FSPAM6,Terapontidae,Pelates,sexlineatus,40
FSPAM7,Terapontidae,Pelates,sexlineatus,70
FSPAM8,Terapontidae,Pelates,sexlineatus,60
FSPBL1,Terapontidae,Pelates,sexlineatus,40
FSPBL2,Terapontidae,Pelates,sexlineatus,15
FSPBL3,Terapontidae,Pelates,sexlineatus,70
FSPBL4,Terapontidae,Pelates,sexlineatus,20
FSPBL5,Terapontidae,Pelates,sexlineatus,50
FSPBL6,Terapontidae,Pelates,sexlineatus,30
FSPBL7,Terapontidae,Pelates,sexlineatus,60
FSPBL8,Terapontidae,Pelates,sexlineatus,41
FSPHO1,Terapontidae,Pelates,sexlineatus,90
FSPHO2,Terapontidae,Pelates,sexlineatus,80
FSPHO3,Terapontidae,Pelates,sexlineatus,120
FSPHO4,Terapontidae,Pelates,sexlineatus,80
FSPHO5,Terapontidae,Pelates,sexlineatus,80
FSPHO6,Terapontidae,Pelates,sexlineatus,60
FSPHO7,Terapontidae,Pelates,sexlineatus,80
FSPHO8,Terapontidae,Pelates,sexlineatus,60
FSPPA2,Terapontidae,Pelates,sexlineatus,1
FSPPA3,Terapontidae,Pelates,sexlineatus,2
FSPPA4,Terapontidae,Pelates,sexlineatus,6
FSPPA5,Terapontidae,Pelates,sexlineatus,12
FSPPA6,Terapontidae,Pelates,sexlineatus,12
FSPPA8,Terapontidae,Pelates,sexlineatus,20
FSPWA1,Terapontidae,Pelates,sexlineatus,50
FSPWA2,Terapontidae,Pelates,sexlineatus,120
FSPWA3,Terapontidae,Pelates,sexlineatus,40
FSPWA4,Terapontidae,Pelates,sexlineatus,5
FSPWA5,Terapontidae,Pelates,sexlineatus,50
FSPWA6,Terapontidae,Pelates,sexlineatus,100
FSPWA7,Terapontidae,Pelates,sexlineatus,60
FSPWA8,Terapontidae,Pelates,sexlineatus,61
FSUAM1,Terapontidae,Pelates,sexlineatus,1
FSUAM2,Terapontidae,Pelates,sexlineatus,40
FSUAM3,Terapontidae,Pelates,sexlineatus,30
FSUAM4,Terapontidae,Pelates,sexlineatus,3
FSUAM5,Terapontidae,Pelates,sexlineatus,30
FSUAM6,Terapontidae,Pelates,sexlineatus,80
FSUAM7,Terapontidae,Pelates,sexlineatus,30
FSUAM8,Terapontidae,Pelates,sexlineatus,3
FSUBL1,Terapontidae,Pelates,sexlineatus,8
FSUBL3,Terapontidae,Pelates,sexlineatus,15
FSUBL4,Terapontidae,Pelates,sexlineatus,15
FSUBL5,Terapontidae,Pelates,sexlineatus,20
FSUBL6,Terapontidae,Pelates,sexlineatus,30
FSUBL7,Terapontidae,Pelates,sexlineatus,10
FSUBL8,Terapontidae,Pelates,sexlineatus,14
FSUHO6,Terapontidae,Pelates,sexlineatus,50
FSUHO8,Terapontidae,Pelates,sexlineatus,2
FSUPA1,Terapontidae,Pelates,sexlineatus,1
FSUWA1,Terapontidae,Pelates,sexlineatus,1
FSUWA2,Terapontidae,Pelates,sexlineatus,50
FSUWA3,Terapontidae,Pelates,sexlineatus,30
FSUWA4,Terapontidae,Pelates,sexlineatus,15
FSUWA5,Terapontidae,Pelates,sexlineatus,50
FSUWA6,Terapontidae,Pelates,sexlineatus,30
FSUWA7,Terapontidae,Pelates,sexlineatus,30
FSUWA8,Terapontidae,Pelates,sexlineatus,29
FWIAM1,Terapontidae,Pelates,sexlineatus,50
FWIAM2,Terapontidae,Pelates,sexlineatus,40
FWIAM5,Terapontidae,Pelates,sexlineatus,60
FWIAM6,Terapontidae,Pelates,sexlineatus,40
FWIAM8,Terapontidae,Pelates,sexlineatus,27
FWIBL1,Terapontidae,Pelates,sexlineatus,12
FWIBL2,Terapontidae,Pelates,sexlineatus,25
FWIBL3,Terapontidae,Pelates,sexlineatus,80
FWIBL4,Terapontidae,Pelates,sexlineatus,40
FWIBL5,Terapontidae,Pelates,sexlineatus,36
FWIBL6,Terapontidae,Pelates,sexlineatus,50
FWIBL7,Terapontidae,Pelates,sexlineatus,35
FWIBL8,Terapontidae,Pelates,sexlineatus,20
FWIHO1,Terapontidae,Pelates,sexlineatus,100
FWIHO2,Terapontidae,Pelates,sexlineatus,50
FWIHO3,Terapontidae,Pelates,sexlineatus,120
FWIHO4,Terapontidae,Pelates,sexlineatus,120
FWIHO5,Terapontidae,Pelates,sexlineatus,90
FWIHO7,Terapontidae,Pelates,sexlineatus,130
FWIWA2,Terapontidae,Pelates,sexlineatus,90
FWIWA3,Terapontidae,Pelates,sexlineatus,160
FWIWA7,Terapontidae,Pelates,sexlineatus,42
FWIWA8,Terapontidae,Pelates,sexlineatus,42
PSPCA1,Terapontidae,Pelates,sexlineatus,30
PSPCA2,Terapontidae,Pelates,sexlineatus,15
PSPCA3,Terapontidae,Pelates,sexlineatus,25
PSPCA4,Terapontidae,Pelates,sexlineatus,30
PSPCA5,Terapontidae,Pelates,sexlineatus,15
PSPCA6,Terapontidae,Pelates,sexlineatus,30
PSPCA7,Terapontidae,Pelates,sexlineatus,24
PSPCA8,Terapontidae,Pelates,sexlineatus,23
PSPLA1,Terapontidae,Pelates,sexlineatus,15
PSPLA2,Terapontidae,Pelates,sexlineatus,15
PSPLA3,Terapontidae,Pelates,sexlineatus,15
PSPLA4,Terapontidae,Pelates,sexlineatus,25
PSPLA5,Terapontidae,Pelates,sexlineatus,40
PSPLA6,Terapontidae,Pelates,sexlineatus,40
PSPLA7,Terapontidae,Pelates,sexlineatus,5
PSPLA8,Terapontidae,Pelates,sexlineatus,50
PSPLO1,Terapontidae,Pelates,sexlineatus,1
PSPLO3,Terapontidae,Pelates,sexlineatus,2
PSPMA1,Terapontidae,Pelates,sexlineatus,80
PSPMA2,Terapontidae,Pelates,sexlineatus,70
PSPMA3,Terapontidae,Pelates,sexlineatus,80
PSPMA4,Terapontidae,Pelates,sexlineatus,60
PSPMA5,Terapontidae,Pelates,sexlineatus,40
PSPMA6,Terapontidae,Pelates,sexlineatus,60
PSPMA7,Terapontidae,Pelates,sexlineatus,60
PSPMA8,Terapontidae,Pelates,sexlineatus,70
PSPMY1,Terapontidae,Pelates,sexlineatus,30
PSPMY2,Terapontidae,Pelates,sexlineatus,20
PSPMY5,Terapontidae,Pelates,sexlineatus,50
PSUCA1,Terapontidae,Pelates,sexlineatus,40
PSUCA3,Terapontidae,Pelates,sexlineatus,15
PSUCA4,Terapontidae,Pelates,sexlineatus,10
PSUCA5,Terapontidae,Pelates,sexlineatus,15
PSUCA7,Terapontidae,Pelates,sexlineatus,30
PSUCA8,Terapontidae,Pelates,sexlineatus,10
PSULO1,Terapontidae,Pelates,sexlineatus,3
PSULO4,Terapontidae,Pelates,sexlineatus,5
PSULO7,Terapontidae,Pelates,sexlineatus,1
PSULO8,Terapontidae,Pelates,sexlineatus,1
PSUMA1,Terapontidae,Pelates,sexlineatus,100
PSUMA2,Terapontidae,Pelates,sexlineatus,40
PSUMA3,Terapontidae,Pelates,sexlineatus,50
PSUMA4,Terapontidae,Pelates,sexlineatus,50
PSUMA5,Terapontidae,Pelates,sexlineatus,100
PSUMA6,Terapontidae,Pelates,sexlineatus,30
PSUMA7,Terapontidae,Pelates,sexlineatus,20
PSUMA8,Terapontidae,Pelates,sexlineatus,56
PSUMY3,Terapontidae,Pelates,sexlineatus,20
PSUMY5,Terapontidae,Pelates,sexlineatus,50
PSUMY6,Terapontidae,Pelates,sexlineatus,40
PSUMY7,Terapontidae,Pelates,sexlineatus,20
PSUMY8,Terapontidae,Pelates,sexlineatus,19
PSUPE1,Terapontidae,Pelates,sexlineatus,5
PSUPE2,Terapontidae,Pelates,sexlineatus,50
PSUPE3,Terapontidae,Pelates,sexlineatus,30
PSUPE4,Terapontidae,Pelates,sexlineatus,50
PSUPE5,Terapontidae,Pelates,sexlineatus,70
PSUPE6,Terapontidae,Pelates,sexlineatus,30
PSUPE7,Terapontidae,Pelates,sexlineatus,10
PSUPE8,Terapontidae,Pelates,sexlineatus,35
PWICA1,Terapontidae,Pelates,sexlineatus,45
PWICA2,Terapontidae,Pelates,sexlineatus,20
PWICA3,Terapontidae,Pelates,sexlineatus,30
PWICA4,Terapontidae,Pelates,sexlineatus,10
PWICA5,Terapontidae,Pelates,sexlineatus,15
PWICA6,Terapontidae,Pelates,sexlineatus,12
PWICA7,Terapontidae,Pelates,sexlineatus,25
PWICA8,Terapontidae,Pelates,sexlineatus,22
PWILO1,Terapontidae,Pelates,sexlineatus,11
PWILO3,Terapontidae,Pelates,sexlineatus,10
PWILO5,Terapontidae,Pelates,sexlineatus,1
PWILO8,Terapontidae,Pelates,sexlineatus,1
PWIMA1,Terapontidae,Pelates,sexlineatus,8
PWIMA4,Terapontidae,Pelates,sexlineatus,18
PWIMA6,Terapontidae,Pelates,sexlineatus,17
PWIMA7,Terapontidae,Pelates,sexlineatus,24
PWIMA8,Terapontidae,Pelates,sexlineatus,13
PWIMY1,Terapontidae,Pelates,sexlineatus,80
PWIMY3,Terapontidae,Pelates,sexlineatus,45
PWIMY6,Terapontidae,Pelates,sexlineatus,55
PWIMY8,Terapontidae,Pelates,sexlineatus,20
PWIPE1,Terapontidae,Pelates,sexlineatus,40
PWIPE2,Terapontidae,Pelates,sexlineatus,25
PWIPE3,Terapontidae,Pelates,sexlineatus,15
PWIPE4,Terapontidae,Pelates,sexlineatus,15
PWIPE5,Terapontidae,Pelates,sexlineatus,15
PWIPE6,Terapontidae,Pelates,sexlineatus,40
PWIPE7,Terapontidae,Pelates,sexlineatus,20
PWIPE8,Terapontidae,Pelates,sexlineatus,24
FWIAM4,Tetraodontidae,Arothon,reticularis,1
FSUWA4,Tetraodontidae,Arothron,stellatus,1
FSUWA7,Tetraodontidae,Arothron,stellatus,1
FSPAM1,Tetraodontidae,Lagocephalus,sceleratus,1
FSPAM4,Tetraodontidae,Lagocephalus,sceleratus,1
FSPAM6,Tetraodontidae,Lagocephalus,sceleratus,1
FSPAM7,Tetraodontidae,Lagocephalus,sceleratus,1
FSPAM8,Tetraodontidae,Lagocephalus,sceleratus,1
FSPBL2,Tetraodontidae,Lagocephalus,sceleratus,1
FSPBL3,Tetraodontidae,Lagocephalus,sceleratus,1
FSPBL5,Tetraodontidae,Lagocephalus,sceleratus,1
FSPBL7,Tetraodontidae,Lagocephalus,sceleratus,1
FSPBL8,Tetraodontidae,Lagocephalus,sceleratus,1
FSPPA7,Tetraodontidae,Lagocephalus,sceleratus,1
FSUAM5,Tetraodontidae,Lagocephalus,sceleratus,1
FSUBL6,Tetraodontidae,Lagocephalus,sceleratus,1
FWIAM2,Tetraodontidae,Lagocephalus,sceleratus,1
FWIBL2,Tetraodontidae,Lagocephalus,sceleratus,2
FWIBL5,Tetraodontidae,Lagocephalus,sceleratus,1
FWIBL6,Tetraodontidae,Lagocephalus,sceleratus,1
FWIBL8,Tetraodontidae,Lagocephalus,sceleratus,2
FWIPA4,Tetraodontidae,Lagocephalus,sceleratus,1
FWIWA2,Tetraodontidae,Lagocephalus,sceleratus,2
PSPCA1,Tetraodontidae,Lagocephalus,sceleratus,1
PSPCA3,Tetraodontidae,Lagocephalus,sceleratus,1
PSPMA4,Tetraodontidae,Lagocephalus,sceleratus,1
PSPMA6,Tetraodontidae,Lagocephalus,sceleratus,1
PSPMA8,Tetraodontidae,Lagocephalus,sceleratus,1
PSUCA3,Tetraodontidae,Lagocephalus,sceleratus,1
PSUCA5,Tetraodontidae,Lagocephalus,sceleratus,2
PSUCA7,Tetraodontidae,Lagocephalus,sceleratus,1
PSUMA1,Tetraodontidae,Lagocephalus,sceleratus,3
PSUMA2,Tetraodontidae,Lagocephalus,sceleratus,5
PSUMA3,Tetraodontidae,Lagocephalus,sceleratus,1
PSUMA4,Tetraodontidae,Lagocephalus,sceleratus,6
PSUMA5,Tetraodontidae,Lagocephalus,sceleratus,3
PSUMA7,Tetraodontidae,Lagocephalus,sceleratus,3
PSUMA8,Tetraodontidae,Lagocephalus,sceleratus,3
PWICA2,Tetraodontidae,Lagocephalus,sceleratus,1
FSPAM1,Tetraodontidae,Tetractenos,hamiltoni,5
FSPAM2,Tetraodontidae,Tetractenos,hamiltoni,5
FSPAM3,Tetraodontidae,Tetractenos,hamiltoni,2
FSPAM4,Tetraodontidae,Tetractenos,hamiltoni,10
FSPAM5,Tetraodontidae,Tetractenos,hamiltoni,1
FSPAM6,Tetraodontidae,Tetractenos,hamiltoni,2
FSPAM7,Tetraodontidae,Tetractenos,hamiltoni,10
FSPAM8,Tetraodontidae,Tetractenos,hamiltoni,1
FSPPA3,Tetraodontidae,Tetractenos,hamiltoni,1
FSPWA1,Tetraodontidae,Tetractenos,hamiltoni,1
FSUAM1,Tetraodontidae,Tetractenos,hamiltoni,40
FSUAM2,Tetraodontidae,Tetractenos,hamiltoni,8
FSUAM3,Tetraodontidae,Tetractenos,hamiltoni,20
FSUAM4,Tetraodontidae,Tetractenos,hamiltoni,8
FSUAM6,Tetraodontidae,Tetractenos,hamiltoni,4
FSUAM7,Tetraodontidae,Tetractenos,hamiltoni,20
FSUAM8,Tetraodontidae,Tetractenos,hamiltoni,20
FSUHO2,Tetraodontidae,Tetractenos,hamiltoni,2
FSUHO3,Tetraodontidae,Tetractenos,hamiltoni,3
FSUHO5,Tetraodontidae,Tetractenos,hamiltoni,3
FWIAM1,Tetraodontidae,Tetractenos,hamiltoni,1
FWIAM2,Tetraodontidae,Tetractenos,hamiltoni,4
FWIAM3,Tetraodontidae,Tetractenos,hamiltoni,3
FWIAM4,Tetraodontidae,Tetractenos,hamiltoni,10
FWIAM5,Tetraodontidae,Tetractenos,hamiltoni,3
FWIAM6,Tetraodontidae,Tetractenos,hamiltoni,6
FWIAM7,Tetraodontidae,Tetractenos,hamiltoni,4
FWIAM8,Tetraodontidae,Tetractenos,hamiltoni,4
FWIHO1,Tetraodontidae,Tetractenos,hamiltoni,1
FWIHO2,Tetraodontidae,Tetractenos,hamiltoni,24
FWIHO4,Tetraodontidae,Tetractenos,hamiltoni,1
FWIHO6,Tetraodontidae,Tetractenos,hamiltoni,4
FWIHO7,Tetraodontidae,Tetractenos,hamiltoni,2
FWIHO8,Tetraodontidae,Tetractenos,hamiltoni,9
FWIWA3,Tetraodontidae,Tetractenos,hamiltoni,1
FWIWA5,Tetraodontidae,Tetractenos,hamiltoni,1
PSPMA2,Tetraodontidae,Tetractenos,hamiltoni,4
PSPMA3,Tetraodontidae,Tetractenos,hamiltoni,5
PSPMA4,Tetraodontidae,Tetractenos,hamiltoni,2
PSPMA5,Tetraodontidae,Tetractenos,hamiltoni,2
PSPMA6,Tetraodontidae,Tetractenos,hamiltoni,2
PSPMA7,Tetraodontidae,Tetractenos,hamiltoni,1
PSPMA8,Tetraodontidae,Tetractenos,hamiltoni,4
PSULO3,Tetraodontidae,Tetractenos,hamiltoni,1
PSUMA1,Tetraodontidae,Tetractenos,hamiltoni,2
PSUMA2,Tetraodontidae,Tetractenos,hamiltoni,2
PSUMA3,Tetraodontidae,Tetractenos,hamiltoni,5
PSUMA4,Tetraodontidae,Tetractenos,hamiltoni,5
PSUMA7,Tetraodontidae,Tetractenos,hamiltoni,2
PSUMA8,Tetraodontidae,Tetractenos,hamiltoni,3
PSUPE1,Tetraodontidae,Tetractenos,hamiltoni,1
PWICA3,Tetraodontidae,Tetractenos,hamiltoni,1
PWILO3,Tetraodontidae,Tetractenos,hamiltoni,1
PWILO7,Tetraodontidae,Tetractenos,hamiltoni,2
PWIMA1,Tetraodontidae,Tetractenos,hamiltoni,1
PWIMA2,Tetraodontidae,Tetractenos,hamiltoni,20
PWIMA3,Tetraodontidae,Tetractenos,hamiltoni,5
PWIMA4,Tetraodontidae,Tetractenos,hamiltoni,10
PWIMA5,Tetraodontidae,Tetractenos,hamiltoni,8
PWIMA6,Tetraodontidae,Tetractenos,hamiltoni,1
PWIMA7,Tetraodontidae,Tetractenos,hamiltoni,12
PWIMA8,Tetraodontidae,Tetractenos,hamiltoni,45
PWIMY4,Tetraodontidae,Tetractenos,hamiltoni,3
PWIMY8,Tetraodontidae,Tetractenos,hamiltoni,1
FSPAM1,Triacanthidae,Tripodichthys,angustifrons,2
FSPAM2,Triacanthidae,Tripodichthys,angustifrons,1
FSPAM5,Triacanthidae,Tripodichthys,angustifrons,1
FSUAM1,Triacanthidae,Tripodichthys,angustifrons,1
FSUAM4,Triacanthidae,Tripodichthys,angustifrons,1
FSUBL2,Triacanthidae,Tripodichthys,angustifrons,1
FSUWA1,Triacanthidae,Tripodichthys,angustifrons,1
FSUWA3,Triacanthidae,Tripodichthys,angustifrons,1
FSUWA4,Triacanthidae,Tripodichthys,angustifrons,1
FWIHO1,Triacanthidae,Tripodichthys,angustifrons,2
PSPMA7,Triacanthidae,Tripodichthys,angustifrons,1
PSPMA8,Triacanthidae,Tripodichthys,angustifrons,1
PWICA4,Triacanthidae,Tripodichthys,angustifrons,1
PWICA5,Triacanthidae,Tripodichthys,angustifrons,1
PWICA7,Triacanthidae,Tripodichthys,angustifrons,1
PWIMA1,Triacanthidae,Tripodichthys,angustifrons,2
PWIMA2,Triacanthidae,Tripodichthys,angustifrons,1
PWIMA3,Triacanthidae,Tripodichthys,angustifrons,2
PWIMA4,Triacanthidae,Tripodichthys,angustifrons,2
PWIMA6,Triacanthidae,Tripodichthys,angustifrons,1
PWIMA7,Triacanthidae,Tripodichthys,angustifrons,1
PWIMA8,Triacanthidae,Tripodichthys,angustifrons,1