Campaign.ID,Sample,Latitude,Longitude,Date,Time,Site,Location,Status,Depth,Successful.count,Successful.length,Max.distance,Observer.count,Observer.length,Zone,Observer
2022_BMP_StereoBRUVs,S1_18,-35.52599,150.42403,20220919,11:36:00,1,Brush.Is.,No-take,19.9,Yes,Yes,6641.85,AdrianFerguson,AdrianFerguson,SZ,AdrianFerguson
2022_BMP_StereoBRUVs,S1_19,-35.52446,150.4285,20220919,11:24:00,1,Brush.Is.,No-take,25.7,Yes,Yes,16158.31,JasonDelamont,JasonDelamont,SZ,JasonDelamont
2022_BMP_StereoBRUVs,S1_20,-35.52583,150.42615,20220919,11:32:00,1,Brush.Is.,No-take,19.7,Yes,Yes,5303.724,AdrianFerguson,AdrianFerguson,SZ,AdrianFerguson
2022_BMP_StereoBRUVs,S1_21,-35.52622,150.42884,20220919,11:28:00,1,Brush.Is.,No-take,26.6,Yes,Yes,,JoshMoloney,JoshMoloney,SZ,JoshMoloney
2022_BMP_StereoBRUVs,S10_44,-35.67331,150.3139,20220901,8:38:00,10,Bate..N.,Fished,22.4,Yes,Yes,,JoshMoloney,JoshMoloney,HPZ,JoshMoloney
2022_BMP_StereoBRUVs,S10_46,-35.67317,150.31696,20220901,8:44:00,10,Bate..N.,Fished,25.6,Yes,Yes,,JoshMoloney,JoshMoloney,HPZ,JoshMoloney
2022_BMP_StereoBRUVs,S10_46a,-35.67317,150.31855,20220901,8:49:00,10,Bate..N.,Fished,28.9,Yes,Yes,8266.582,JasonDelamont,JasonDelamont,HPZ,JasonDelamont
2022_BMP_StereoBRUVs,S10_55,-35.67327,150.3211,20220901,8:55:00,10,Bate..N.,Fished,30.3,Yes,Yes,,JoshMoloney,JoshMoloney,HPZ,JoshMoloney
2022_BMP_StereoBRUVs,S11_167,-35.68337,150.31091,20220901,8:22:00,11,Bate..N.,Fished,21.3,Yes,Yes,,JoshMoloney,JoshMoloney,HPZ,JoshMoloney
2022_BMP_StereoBRUVs,S11_48,-35.68256,150.31284,20220901,8:27:00,11,Bate..N.,Fished,26.4,Yes,Yes,,JoshMoloney,JoshMoloney,HPZ,JoshMoloney
2022_BMP_StereoBRUVs,S11_50,-35.68257,150.30773,20220901,8:15:00,11,Bate..N.,Fished,17.4,Yes,Yes,13183.223,JasonDelamont,JasonDelamont,HPZ,JasonDelamont
2022_BMP_StereoBRUVs,S11_58,-35.68337,150.31497,20220901,8:32:00,11,Bate..N.,Fished,31.4,Yes,Yes,6253.692,JasonDelamont,JasonDelamont,HPZ,JasonDelamont
2022_BMP_StereoBRUVs,S13_63,-35.7155,150.29106,20220722,9:05:00,13,Bate..M,Fished,24.7,Yes,Yes,5081.752,JasonDelamont,JasonDelamont,HPZ,JasonDelamont
2022_BMP_StereoBRUVs,S13_65,-35.7161,150.29301,20220722,9:10:00,13,Bate..M,Fished,27.5,Yes,Yes,,JoshMoloney,JoshMoloney,HPZ,JoshMoloney
2022_BMP_StereoBRUVs,S13_66,-35.7167,150.29576,20220722,9:17:00,13,Bate..M,Fished,33.1,Yes,Yes,6424.198,JasonDelamont,JasonDelamont,HPZ,JasonDelamont
2022_BMP_StereoBRUVs,S13_67,-35.71752,150.2968,20220722,9:24:00,13,Bate..M,Fished,34,Yes,Yes,,JoshMoloney,JoshMoloney,HPZ,JoshMoloney
2022_BMP_StereoBRUVs,S14_67,-35.72466,150.29026,20220831,12:18:00,14,Bate..M,Fished,32.1,Yes,Yes,,JoshMoloney,JoshMoloney,HPZ,JoshMoloney
2022_BMP_StereoBRUVs,S14_68,-35.72581,150.29169,20220831,12:26:00,14,Bate..M,Fished,33.3,Yes,Yes,5483.828,JasonDelamont,JasonDelamont,HPZ,JasonDelamont
2022_BMP_StereoBRUVs,S14_69,-35.72618,150.2932,20220831,12:32:00,14,Bate..M,Fished,36.3,Yes,Yes,,JoshMoloney,JoshMoloney,HPZ,JoshMoloney
2022_BMP_StereoBRUVs,S14_70,-35.72735,150.29173,20220831,12:40:00,14,Bate..M,Fished,33.6,Yes,Yes,,JoshMoloney,JoshMoloney,HPZ,JoshMoloney
2022_BMP_StereoBRUVs,S16_102,-35.75507,150.26872,20220721,10:37:00,16,Toll..N,No-take,26.8,Yes,Yes,5577.189,JoshMoloney,JoshMoloney,SZ,JoshMoloney
2022_BMP_StereoBRUVs,S16_103,-35.75522,150.26647,20220721,10:34:00,16,Toll..N,No-take,23.5,Yes,Yes,6089.538,JasonDelamont,JasonDelamont,SZ,JasonDelamont
2022_BMP_StereoBRUVs,S16_94,-35.7534,150.26329,20220721,10:19:00,16,Toll..N,No-take,19.3,Yes,Yes,5308.54,JasonDelamont,JasonDelamont,SZ,JasonDelamont
2022_BMP_StereoBRUVs,S16_95,-35.75429,150.26516,20220721,10:26:00,16,Toll..N,No-take,19.9,Yes,Yes,,JoshMoloney,JoshMoloney,SZ,JoshMoloney
2022_BMP_StereoBRUVs,S17_59,-35.76046,150.25677,20220721,11:35:00,17,Toll..N,No-take,21,Yes,Yes,4118.395,JasonDelamont,JasonDelamont,SZ,JasonDelamont
2022_BMP_StereoBRUVs,S17_60,-35.75789,150.25785,20220721,11:41:00,17,Toll..N,No-take,13.8,Yes,Yes,,JoshMoloney,JoshMoloney,SZ,JoshMoloney
2022_BMP_StereoBRUVs,S17_61,-35.75819,150.26271,20220721,11:46:00,17,Toll..N,No-take,25.9,Yes,Yes,6075.207,JasonDelamont,JasonDelamont,SZ,JasonDelamont
2022_BMP_StereoBRUVs,S17_62,-35.75717,150.25562,20220721,11:54:00,17,Toll..N,No-take,25.4,Yes,Yes,,JoshMoloney,JoshMoloney,SZ,JoshMoloney
2022_BMP_StereoBRUVs,S18_100,-35.77183,150.25396,20220721,13:10:00,18,Toll..S,No-take,30.1,Yes,Yes,,JoshMoloney,JoshMoloney,SZ,JoshMoloney
2022_BMP_StereoBRUVs,S18_101,-35.77025,150.25444,20220721,13:16:00,18,Toll..S,No-take,32.9,No,No,,,,SZ,
2022_BMP_StereoBRUVs,S18_14,-35.77204,150.2517,20220721,12:58:00,18,Toll..S,No-take,27.1,Yes,Yes,3739.915,JasonDelamont,JasonDelamont,SZ,JasonDelamont
2022_BMP_StereoBRUVs,S18_15,-35.77043,150.25197,20220721,13:05:00,18,Toll..S,No-take,29.4,Yes,Yes,,JoshMoloney,JoshMoloney,SZ,JoshMoloney
2022_BMP_StereoBRUVs,S19_86,-35.79813,150.23975,20220831,11:04:00,19,Bate..S.,Fished,20.5,Yes,Yes,,JoshMoloney,JoshMoloney,HPZ,JoshMoloney
2022_BMP_StereoBRUVs,S19_88,-35.80139,150.24557,20220831,10:38:00,19,Bate..S.,Fished,29.6,Yes,Yes,,JoshMoloney,JoshMoloney,HPZ,JoshMoloney
2022_BMP_StereoBRUVs,S19_89,-35.79889,150.24597,20220831,10:46:00,19,Bate..S.,Fished,27.5,Yes,Yes,,JoshMoloney,JoshMoloney,HPZ,JoshMoloney
2022_BMP_StereoBRUVs,S19_93,-35.79841,150.24142,20220831,10:57:00,19,Bate..S.,Fished,22.5,Yes,Yes,6713.99,JasonDelamont,JasonDelamont,HPZ,JasonDelamont
2022_BMP_StereoBRUVs,S2_23,-35.53353,150.44179,20220919,10:53:00,2,Brush.Is.,No-take,25.8,Yes,Yes,,JoshMoloney,JoshMoloney,SZ,JoshMoloney
2022_BMP_StereoBRUVs,S2_24,-35.53294,150.44026,20220919,11:00:00,2,Brush.Is.,No-take,29.5,Yes,Yes,,JasonDelamont,JasonDelamont,SZ,JasonDelamont
2022_BMP_StereoBRUVs,S2_25,-35.53139,150.43905,20220919,11:04:00,2,Brush.Is.,No-take,33.9,Yes,Yes,,JoshMoloney,JoshMoloney,SZ,JoshMoloney
2022_BMP_StereoBRUVs,S2_26,-35.53437,150.43876,20220919,11:13:00,2,Brush.Is.,No-take,37.4,Yes,Yes,,JoshMoloney,JoshMoloney,SZ,JoshMoloney
2022_BMP_StereoBRUVs,S20_85,-35.8052,150.24041,20220831,10:27:00,20,Bate..S.,Fished,24.1,Yes,Yes,,JoshMoloney,JoshMoloney,HPZ,JoshMoloney
2022_BMP_StereoBRUVs,S20_91,-35.80714,150.24,20220831,10:19:00,20,Bate..S.,Fished,25.5,Yes,Yes,,JasonDelamont,JasonDelamont,HPZ,JasonDelamont
2022_BMP_StereoBRUVs,S20_98,-35.80601,150.2383,20220831,10:23:00,20,Bate..S.,Fished,20.5,Yes,Yes,,JoshMoloney,JoshMoloney,HPZ,JoshMoloney
2022_BMP_StereoBRUVs,S20_99,-35.80454,150.23925,20220831,10:33:00,20,Bate..S.,Fished,21.8,Yes,Yes,,JasonDelamont,JasonDelamont,HPZ,JasonDelamont
2022_BMP_StereoBRUVs,S22_175,-35.9716,150.1675,20220802,11:06:00,22,Mull..Pt,No-take,19.6,Yes,Yes,,JasonDelamont,JasonDelamont,SZ,JasonDelamont
2022_BMP_StereoBRUVs,S22_176,-35.9687,150.167,20220802,11:11:00,22,Mull..Pt,No-take,20.1,Yes,Yes,,JoshMoloney,JoshMoloney,SZ,JoshMoloney
2022_BMP_StereoBRUVs,S22_177,-35.9733,150.1681,20220802,11:01:00,22,Mull..Pt,No-take,22.5,Yes,Yes,,JasonDelamont,JasonDelamont,SZ,JasonDelamont
2022_BMP_StereoBRUVs,S22_178,-35.9749,150.1679,20220802,10:56:00,22,Mull..Pt,No-take,23.3,Yes,Yes,,JoshMoloney,JoshMoloney,SZ,JoshMoloney
2022_BMP_StereoBRUVs,S23_173,-35.9667,150.1781,20220802,11:18:00,23,Mull..Pt,No-take,30.7,Yes,Yes,,JasonDelamont,JasonDelamont,SZ,JasonDelamont
2022_BMP_StereoBRUVs,S23_174,-35.9688,150.1787,20220802,11:25:00,23,Mull..Pt,No-take,30.8,Yes,Yes,,JoshMoloney,JoshMoloney,SZ,JoshMoloney
2022_BMP_StereoBRUVs,S23_185,-35.9703,150.1797,20220802,11:34:00,23,Mull..Pt,No-take,32.4,Yes,Yes,,JoshMoloney,JoshMoloney,SZ,JoshMoloney
2022_BMP_StereoBRUVs,S23_186,-35.9701,150.1822,20220802,11:38:00,23,Mull..Pt,No-take,35.2,Yes,Yes,,AdrianFerguson,AdrianFerguson,SZ,AdrianFerguson
2022_BMP_StereoBRUVs,S23_D5,-35.971,150.1774,20220802,12:37:00,23,Mull..Pt,No-take,28.8,Yes,Yes,,AdrianFerguson,AdrianFerguson,SZ,AdrianFerguson
2022_BMP_StereoBRUVs,S23_D6,-35.9648,150.1774,20220802,12:43:00,23,Mull..Pt,No-take,30.4,Yes,Yes,,AdrianFerguson,AdrianFerguson,SZ,AdrianFerguson
2022_BMP_StereoBRUVs,S25_151,-36.0938,150.1582,20220802,9:16:00,25,Pot..Pt.,Fished,34.3,Yes,Yes,,JasonDelamont,JasonDelamont,GUZ,JasonDelamont
2022_BMP_StereoBRUVs,S25_152,-36.0909,150.1574,20220802,9:21:00,25,Pot..Pt.,Fished,33.3,Yes,Yes,,JoshMoloney,JoshMoloney,GUZ,JoshMoloney
2022_BMP_StereoBRUVs,S25_153,-36.0907,150.1554,20220802,9:29:00,25,Pot..Pt.,Fished,30.9,Yes,Yes,,JasonDelamont,JasonDelamont,GUZ,JasonDelamont
2022_BMP_StereoBRUVs,S25_154,-36.0917,150.1536,20220802,9:36:00,25,Pot..Pt.,Fished,26.9,Yes,Yes,,JasonDelamont,JasonDelamont,GUZ,JasonDelamont
2022_BMP_StereoBRUVs,S26_147,-36.1016,150.1557,20220802,8:50:00,26,Pot..Pt.,Fished,36.6,Yes,Yes,,JasonDelamont,JasonDelamont,GUZ,JasonDelamont
2022_BMP_StereoBRUVs,S26_148,-36.1001,150.1558,20220802,8:58:00,26,Pot..Pt.,Fished,36.5,Yes,Yes,,JoshMoloney,JoshMoloney,GUZ,JoshMoloney
2022_BMP_StereoBRUVs,S26_149,-36.0994,150.1512,20220802,9:04:00,26,Pot..Pt.,Fished,26.7,Yes,Yes,,JasonDelamont,JasonDelamont,GUZ,JasonDelamont
2022_BMP_StereoBRUVs,S26_150,-36.0993,150.1491,20220802,9:08:00,26,Pot..Pt.,Fished,23,Yes,Yes,,JoshMoloney,JoshMoloney,GUZ,JoshMoloney
2022_BMP_StereoBRUVs,S28_200,-35.8344,150.23602,20220831,8:57:00,28,Burri..Pt.,No-take,24.1,Yes,Yes,,JoshMoloney,JoshMoloney,SZ,JoshMoloney
2022_BMP_StereoBRUVs,S28_203,-35.83244,150.23606,20220831,9:11:00,28,Burri..Pt.,No-take,26.2,Yes,Yes,,JasonDelamont,JasonDelamont,SZ,JasonDelamont
2022_BMP_StereoBRUVs,S28_204,-35.83035,150.23431,20220831,9:21:00,28,Burri..Pt.,No-take,21.9,Yes,Yes,,JasonDelamont,JasonDelamont,SZ,JasonDelamont
2022_BMP_StereoBRUVs,S28_205,-35.82718,150.23269,20220831,9:26:00,28,Burri..Pt.,No-take,19.8,Yes,Yes,,JoshMoloney,JoshMoloney,SZ,JoshMoloney
2022_BMP_StereoBRUVs,S29_206,-35.74269,150.27338,20220721,8:57:00,29,Toll..S,No-take,20,Yes,Yes,,JasonDelamont,JasonDelamont,SZ,JasonDelamont
2022_BMP_StereoBRUVs,S29_207,-35.74372,150.26632,20220721,9:09:00,29,Toll..S,No-take,20.7,Yes,Yes,,JoshMoloney,JoshMoloney,SZ,JoshMoloney
2022_BMP_StereoBRUVs,S29_208,-35.74227,150.2691,20220721,9:20:00,29,Toll..S,No-take,22.2,Yes,Yes,,JasonDelamont,JasonDelamont,SZ,JasonDelamont
2022_BMP_StereoBRUVs,S29_209,-35.7452,150.26423,20220721,9:28:00,29,Toll..S,No-take,19.1,Yes,Yes,,JoshMoloney,JoshMoloney,SZ,JoshMoloney
2022_BMP_StereoBRUVs,S30_250,-35.8576,150.1989,20220802,13:52:00,30,Brou..Is.,No-take,23.5,Yes,Yes,,AdrianFerguson,AdrianFerguson,SZ,AdrianFerguson
2022_BMP_StereoBRUVs,S30_251,-35.8594,150.1982,20220802,13:56:00,30,Brou..Is.,No-take,17.6,Yes,Yes,,AdrianFerguson,AdrianFerguson,SZ,AdrianFerguson
2022_BMP_StereoBRUVs,S30_252a,-35.854,150.2025,20220802,13:44:00,30,Brou..Is.,No-take,24.1,No,No,,,,SZ,
2022_BMP_StereoBRUVs,S30_253a,-35.8561,150.2006,20220802,13:48:00,30,Brou..Is.,No-take,22.8,Yes,Yes,,AdrianFerguson,AdrianFerguson,SZ,AdrianFerguson
2022_BMP_StereoBRUVs,S30_D5,-35.855,150.1985,20220802,14:03:00,30,Brou..Is.,No-take,22.6,No,No,,,,SZ,
2022_BMP_StereoBRUVs,S30_D6,-35.8536,150.2004,20220802,14:08:00,30,Brou..Is.,No-take,21.3,Yes,Yes,,AdrianFerguson,AdrianFerguson,SZ,AdrianFerguson
2022_BMP_StereoBRUVs,S31_254,-35.5916,150.37198,20220901,12:39:00,31,Murram.,No-take,34.1,Yes,Yes,,AdrianFerguson,AdrianFerguson,SZ,AdrianFerguson
2022_BMP_StereoBRUVs,S31_255,-35.5924,150.36959,20220901,12:32:00,31,Murram.,No-take,32.2,Yes,Yes,,AdrianFerguson,AdrianFerguson,SZ,AdrianFerguson
2022_BMP_StereoBRUVs,S31_256,-35.59406,150.3689,20220901,12:24:00,31,Murram.,No-take,29.2,Yes,Yes,,AdrianFerguson,AdrianFerguson,SZ,AdrianFerguson
2022_BMP_StereoBRUVs,S31_257,-35.5963,150.36703,20220901,12:17:00,31,Murram.,No-take,28.2,Yes,Yes,,AdrianFerguson,AdrianFerguson,SZ,AdrianFerguson
2022_BMP_StereoBRUVs,S32_258,-35.60724,150.35238,20220901,11:51:00,32,Murram.,No-take,21.8,Yes,Yes,,JasonDelamont,JasonDelamont,SZ,JasonDelamont
2022_BMP_StereoBRUVs,S32_259,-35.60749,150.35424,20220901,11:56:00,32,Murram.,No-take,23.3,Yes,Yes,,JoshMoloney,JoshMoloney,SZ,JoshMoloney
2022_BMP_StereoBRUVs,S32_260,-35.60799,150.35661,20220901,12:01:00,32,Murram.,No-take,28.1,Yes,Yes,,JoshMoloney,JoshMoloney,SZ,JoshMoloney
2022_BMP_StereoBRUVs,S32_261,-35.60742,150.35831,20220901,12:07:00,32,Murram.,No-take,27.8,Yes,Yes,,AdrianFerguson,AdrianFerguson,SZ,AdrianFerguson
2022_BMP_StereoBRUVs,S33_300,-36.4317,150.09198,20220715,8:45:00,33,Bermagui,Fished,28,Yes,Yes,,JasonDelamont,JasonDelamont,OUTSIDE,JasonDelamont
2022_BMP_StereoBRUVs,S33_301,-36.43463,150.09337,20220715,9:00:00,33,Bermagui,Fished,31.7,Yes,Yes,,JoshMoloney,JoshMoloney,OUTSIDE,JoshMoloney
2022_BMP_StereoBRUVs,S33_302,-36.43286,150.09174,20220715,9:10:00,33,Bermagui,Fished,26.6,Yes,Yes,,JasonDelamont,JasonDelamont,OUTSIDE,JasonDelamont
2022_BMP_StereoBRUVs,S33_304,-36.43515,150.09644,20220715,9:20:00,33,Bermagui,Fished,34.8,Yes,Yes,,JoshMoloney,JoshMoloney,OUTSIDE,JoshMoloney
2022_BMP_StereoBRUVs,S34_305,-36.51346,150.06822,20220715,10:59:00,34,Bermagui,Fished,21.2,Yes,Yes,,JoshMoloney,JoshMoloney,OUTSIDE,JoshMoloney
2022_BMP_StereoBRUVs,S34_306,-36.51446,150.07091,20220715,11:06:00,34,Bermagui,Fished,24.9,Yes,Yes,,JoshMoloney,JoshMoloney,OUTSIDE,JoshMoloney
2022_BMP_StereoBRUVs,S34_307,-36.51503,150.07405,20220715,11:12:00,34,Bermagui,Fished,28.8,Yes,Yes,,JasonDelamont,JasonDelamont,OUTSIDE,JasonDelamont
2022_BMP_StereoBRUVs,S34_308,-36.50975,150.07089,20220715,11:22:00,34,Bermagui,Fished,26.1,Yes,Yes,,JasonDelamont,JasonDelamont,OUTSIDE,JasonDelamont
2022_BMP_StereoBRUVs,S4_34,-35.55493,150.39516,20220919,9:37:00,4,Kiola,Fished,25.2,Yes,Yes,,JoshMoloney,JoshMoloney,GUZ,JoshMoloney
2022_BMP_StereoBRUVs,S4_35,-35.55615,150.3966,20220919,9:41:00,4,Kiola,Fished,28.9,Yes,Yes,,JasonDelamont,JasonDelamont,GUZ,JasonDelamont
2022_BMP_StereoBRUVs,S4_36,-35.55609,150.39432,20220919,9:32:00,4,Kiola,Fished,25.2,Yes,Yes,,JoshMoloney,JoshMoloney,GUZ,JoshMoloney
2022_BMP_StereoBRUVs,S4_37,-35.55775,150.39736,20220919,9:45:00,4,Kiola,Fished,22.4,Yes,Yes,,JoshMoloney,JoshMoloney,GUZ,JoshMoloney
2022_BMP_StereoBRUVs,S5_116,-35.56776,150.39447,20220919,9:23:00,5,Kiola,Fished,31.7,Yes,Yes,,JasonDelamont,JasonDelamont,GUZ,JasonDelamont
2022_BMP_StereoBRUVs,S5_39,-35.56645,150.39242,20220919,9:18:00,5,Kiola,Fished,27.6,Yes,Yes,,JoshMoloney,JoshMoloney,GUZ,JoshMoloney
2022_BMP_StereoBRUVs,S5_40,-35.56545,150.39109,20220919,9:14:00,5,Kiola,Fished,27.5,Yes,Yes,,JoshMoloney,JoshMoloney,GUZ,JoshMoloney
2022_BMP_StereoBRUVs,S5_48,-35.56578,150.38857,20220919,9:01:00,5,Kiola,Fished,23.5,Yes,Yes,,JasonDelamont,JasonDelamont,GUZ,JasonDelamont
2022_BMP_StereoBRUVs,S8_124,-35.62256,150.34149,20220901,10:24:00,8,Durras,Fished,25.3,Yes,Yes,,JasonDelamont,JasonDelamont,GUZ,JasonDelamont
2022_BMP_StereoBRUVs,S8_126,-35.62264,150.34392,20220901,10:30:00,8,Durras,Fished,25.3,Yes,Yes,,JasonDelamont,JasonDelamont,GUZ,JasonDelamont
2022_BMP_StereoBRUVs,S8_157,-35.623,150.34781,20220901,10:43:00,8,Durras,Fished,31.7,Yes,Yes,,JoshMoloney,JoshMoloney,GUZ,JoshMoloney
2022_BMP_StereoBRUVs,S8_259,-35.62385,150.34529,20220901,10:37:00,8,Durras,Fished,26.2,Yes,Yes,,JoshMoloney,JoshMoloney,GUZ,JoshMoloney
2022_BMP_StereoBRUVs,S9_159,-35.63301,150.33785,20220901,9:58:00,9,Durras,Fished,18.7,Yes,Yes,,JoshMoloney,JoshMoloney,GUZ,JoshMoloney
2022_BMP_StereoBRUVs,S9_161,-35.63278,150.34223,20220901,10:04:00,9,Durras,Fished,26,Yes,Yes,,JasonDelamont,JasonDelamont,GUZ,JasonDelamont
2022_BMP_StereoBRUVs,S9_165,-35.63356,150.34487,20220901,10:10:00,9,Durras,Fished,29.5,Yes,Yes,,JoshMoloney,JoshMoloney,GUZ,JoshMoloney
2022_BMP_StereoBRUVs,S9_166,-35.63358,150.34736,20220901,10:17:00,9,Durras,Fished,36,Yes,Yes,,JoshMoloney,JoshMoloney,GUZ,JoshMoloney
